corp_code,stock_code,corp_name,year,fs_div,sj_div,account_name,amount,memo,updated_at
00858364,138930,BNK금융지주,2025,CFS,BS,현금및예치금,7143492095764.0,,
00858364,138930,BNK금융지주,2024,CFS,BS,현금및예치금,5818382338630.0,,
00858364,138930,BNK금융지주,2023,CFS,BS,현금및예치금,5359109750098.0,,
00858364,138930,BNK금융지주,2025,CFS,BS,자산총계,161095407271012.0,,
00858364,138930,BNK금융지주,2024,CFS,BS,자산총계,152470490926534.0,,
00858364,138930,BNK금융지주,2023,CFS,BS,자산총계,145783633894264.0,,
00858364,138930,BNK금융지주,2025,CFS,BS,예수부채,113477945211456.0,,
00858364,138930,BNK금융지주,2024,CFS,BS,예수부채,107855429676240.0,,
00858364,138930,BNK금융지주,2023,CFS,BS,예수부채,106761233673401.0,,
00858364,138930,BNK금융지주,2025,CFS,BS,차입부채,11445551360648.0,,
00858364,138930,BNK금융지주,2024,CFS,BS,차입부채,11301497163383.0,,
00858364,138930,BNK금융지주,2023,CFS,BS,차입부채,8815875801992.0,,
00858364,138930,BNK금융지주,2025,CFS,BS,사채,16445000245415.0,,
00858364,138930,BNK금융지주,2024,CFS,BS,사채,14121864931956.0,,
00858364,138930,BNK금융지주,2023,CFS,BS,사채,13035410243817.0,,
00858364,138930,BNK금융지주,2025,CFS,BS,부채총계,149853571948424.0,,
00858364,138930,BNK금융지주,2024,CFS,BS,부채총계,141322916379933.0,,
00858364,138930,BNK금융지주,2023,CFS,BS,부채총계,135109931812961.0,,
00858364,138930,BNK금융지주,2025,CFS,BS,자본총계,11241835322588.0,,
00858364,138930,BNK금융지주,2024,CFS,BS,자본총계,11147574546601.0,,
00858364,138930,BNK금융지주,2023,CFS,BS,자본총계,10673702081303.0,,
00858364,138930,BNK금융지주,2025,CFS,IS,순이자손익,2953076854907.0,,
00858364,138930,BNK금융지주,2024,CFS,IS,순이자손익,2977305175956.0,,
00858364,138930,BNK금융지주,2023,CFS,IS,순이자손익,2905454313614.0,,
00858364,138930,BNK금융지주,2025,CFS,IS,이자수익,6472509546658.0,,
00858364,138930,BNK금융지주,2024,CFS,IS,이자수익,6949048148127.0,,
00858364,138930,BNK금융지주,2023,CFS,IS,이자수익,6691720979383.0,,
00858364,138930,BNK금융지주,2025,CFS,IS,이자비용,-3519432691751.0,,
00858364,138930,BNK금융지주,2024,CFS,IS,이자비용,-3971742972171.0,,
00858364,138930,BNK금융지주,2023,CFS,IS,이자비용,-3786266665769.0,,
00858364,138930,BNK금융지주,2025,CFS,IS,순수수료손익,179477561552.0,,
00858364,138930,BNK금융지주,2024,CFS,IS,순수수료손익,220049382819.0,,
00858364,138930,BNK금융지주,2023,CFS,IS,순수수료손익,241278996280.0,,
00858364,138930,BNK금융지주,2025,CFS,IS,수수료수익,373003718308.0,,
00858364,138930,BNK금융지주,2024,CFS,IS,수수료수익,390248692292.0,,
00858364,138930,BNK금융지주,2023,CFS,IS,수수료수익,410370540401.0,,
00858364,138930,BNK금융지주,2025,CFS,IS,수수료비용,-193526156756.0,,
00858364,138930,BNK금융지주,2024,CFS,IS,수수료비용,-170199309473.0,,
00858364,138930,BNK금융지주,2023,CFS,IS,수수료비용,-169091544121.0,,
00858364,138930,BNK금융지주,2025,CFS,IS,영업이익,902681388425.0,,
00858364,138930,BNK금융지주,2024,CFS,IS,영업이익,875919821432.0,,
00858364,138930,BNK금융지주,2023,CFS,IS,영업이익,801174464908.0,,
00858364,138930,BNK금융지주,2025,CFS,IS,법인세비용차감전순이익,1094702508955.0,,
00858364,138930,BNK금융지주,2024,CFS,IS,법인세비용차감전순이익,991785712705.0,,
00858364,138930,BNK금융지주,2023,CFS,IS,법인세비용차감전순이익,875560552422.0,,
00858364,138930,BNK금융지주,2025,CFS,IS,당기순이익,836157244944.0,,
00858364,138930,BNK금융지주,2024,CFS,IS,당기순이익,749976302023.0,,
00858364,138930,BNK금융지주,2023,CFS,IS,당기순이익,678904864314.0,,
00980122,175330,JB금융지주,2025,CFS,BS,현금및예치금,2473120000000.0,,
00980122,175330,JB금융지주,2024,CFS,BS,현금및예치금,1621550000000.0,,
00980122,175330,JB금융지주,2023,CFS,BS,현금및예치금,1902775000000.0,,
00980122,175330,JB금융지주,2025,CFS,BS,대출채권,56458629000000.0,,
00980122,175330,JB금융지주,2024,CFS,BS,대출채권,52123350000000.0,,
00980122,175330,JB금융지주,2023,CFS,BS,대출채권,49266405000000.0,,
00980122,175330,JB금융지주,2025,CFS,BS,자산총계,73123844000000.0,,
00980122,175330,JB금융지주,2024,CFS,BS,자산총계,66721914000000.0,,
00980122,175330,JB금융지주,2023,CFS,BS,자산총계,63403970000000.0,,
00980122,175330,JB금융지주,2025,CFS,BS,예수부채,47779704000000.0,,
00980122,175330,JB금융지주,2024,CFS,BS,예수부채,44140636000000.0,,
00980122,175330,JB금융지주,2023,CFS,BS,예수부채,42958124000000.0,,
00980122,175330,JB금융지주,2025,CFS,BS,차입부채,2870134000000.0,,
00980122,175330,JB금융지주,2024,CFS,BS,차입부채,2654649000000.0,,
00980122,175330,JB금융지주,2023,CFS,BS,차입부채,2747637000000.0,,
00980122,175330,JB금융지주,2025,CFS,BS,사채,14183144000000.0,,
00980122,175330,JB금융지주,2024,CFS,BS,사채,12212687000000.0,,
00980122,175330,JB금융지주,2023,CFS,BS,사채,10616595000000.0,,
00980122,175330,JB금융지주,2025,CFS,BS,부채총계,66948672000000.0,,
00980122,175330,JB금융지주,2024,CFS,BS,부채총계,60997109000000.0,,
00980122,175330,JB금융지주,2023,CFS,BS,부채총계,58288020000000.0,,
00980122,175330,JB금융지주,2025,CFS,BS,자본총계,6175172000000.0,,
00980122,175330,JB금융지주,2024,CFS,BS,자본총계,5724805000000.0,,
00980122,175330,JB금융지주,2023,CFS,BS,자본총계,5115950000000.0,,
00980122,175330,JB금융지주,2025,CFS,IS,영업이익,952314000000.0,,
00980122,175330,JB금융지주,2024,CFS,IS,영업이익,906079000000.0,,
00980122,175330,JB금융지주,2023,CFS,IS,영업이익,799978000000.0,,
00980122,175330,JB금융지주,2025,CFS,IS,순이자손익,2044932000000.0,,
00980122,175330,JB금융지주,2024,CFS,IS,순이자손익,1975972000000.0,,
00980122,175330,JB금융지주,2023,CFS,IS,순이자손익,1906577000000.0,,
00980122,175330,JB금융지주,2025,CFS,IS,이자수익,3571850000000.0,,
00980122,175330,JB금융지주,2024,CFS,IS,이자수익,3635781000000.0,,
00980122,175330,JB금융지주,2023,CFS,IS,이자수익,3395912000000.0,,
00980122,175330,JB금융지주,2025,CFS,IS,이자비용,-1526918000000.0,,
00980122,175330,JB금융지주,2024,CFS,IS,이자비용,-1659809000000.0,,
00980122,175330,JB금융지주,2023,CFS,IS,이자비용,-1489335000000.0,,
00980122,175330,JB금융지주,2025,CFS,IS,순수수료손익,54393000000.0,,
00980122,175330,JB금융지주,2024,CFS,IS,순수수료손익,79461000000.0,,
00980122,175330,JB금융지주,2023,CFS,IS,순수수료손익,78998000000.0,,
00980122,175330,JB금융지주,2025,CFS,IS,수수료수익,192022000000.0,,
00980122,175330,JB금융지주,2024,CFS,IS,수수료수익,197540000000.0,,
00980122,175330,JB금융지주,2023,CFS,IS,수수료수익,190580000000.0,,
00980122,175330,JB금융지주,2025,CFS,IS,수수료비용,-137629000000.0,,
00980122,175330,JB금융지주,2024,CFS,IS,수수료비용,-118079000000.0,,
00980122,175330,JB금융지주,2023,CFS,IS,수수료비용,-111582000000.0,,
00980122,175330,JB금융지주,2025,CFS,IS,법인세비용차감전순이익,964704000000.0,,
00980122,175330,JB금융지주,2024,CFS,IS,법인세비용차감전순이익,907901000000.0,,
00980122,175330,JB금융지주,2023,CFS,IS,법인세비용차감전순이익,799500000000.0,,
00980122,175330,JB금융지주,2025,CFS,IS,당기순이익,730040000000.0,,
00980122,175330,JB금융지주,2024,CFS,IS,당기순이익,692991000000.0,,
00980122,175330,JB금융지주,2023,CFS,IS,당기순이익,603924000000.0,,
00688996,105560,KB금융,2025,CFS,BS,현금및예치금,34776877000000.0,,
00688996,105560,KB금융,2024,CFS,BS,현금및예치금,29869111000000.0,,
00688996,105560,KB금융,2023,CFS,BS,현금및예치금,29836311000000.0,,
00688996,105560,KB금융,2023,CFS,BS,현금및예치금,32474750000000.0,,
00688996,105560,KB금융,2025,CFS,BS,대출채권,491978044000000.0,,
00688996,105560,KB금융,2024,CFS,BS,대출채권,472071840000000.0,,
00688996,105560,KB금융,2023,CFS,BS,대출채권,444805287000000.0,,
00688996,105560,KB금융,2023,CFS,BS,대출채권,433038931000000.0,,
00688996,105560,KB금융,2025,CFS,BS,자산총계,797923033000000.0,,
00688996,105560,KB금융,2024,CFS,BS,자산총계,757845532000000.0,,
00688996,105560,KB금융,2023,CFS,BS,자산총계,715725416000000.0,,
00688996,105560,KB금융,2023,CFS,BS,자산총계,688653482000000.0,,
00688996,105560,KB금융,2025,CFS,BS,예수부채,462397026000000.0,,
00688996,105560,KB금융,2024,CFS,BS,예수부채,435687897000000.0,,
00688996,105560,KB금융,2023,CFS,BS,예수부채,406512434000000.0,,
00688996,105560,KB금융,2023,CFS,BS,예수부채,393928904000000.0,,
00688996,105560,KB금융,2025,CFS,BS,차입부채,70728396000000.0,,
00688996,105560,KB금융,2024,CFS,BS,차입부채,68077012000000.0,,
00688996,105560,KB금융,2023,CFS,BS,차입부채,69583561000000.0,,
00688996,105560,KB금융,2023,CFS,BS,차입부채,71717366000000.0,,
00688996,105560,KB금융,2025,CFS,BS,사채,80049270000000.0,,
00688996,105560,KB금융,2024,CFS,BS,사채,76171257000000.0,,
00688996,105560,KB금융,2023,CFS,BS,사채,69176668000000.0,,
00688996,105560,KB금융,2023,CFS,BS,사채,68698203000000.0,,
00688996,105560,KB금융,2025,CFS,BS,부채총계,737093044000000.0,,
00688996,105560,KB금융,2024,CFS,BS,부채총계,698030351000000.0,,
00688996,105560,KB금융,2023,CFS,BS,부채총계,657089226000000.0,,
00688996,105560,KB금융,2023,CFS,BS,부채총계,634850225000000.0,,
00688996,105560,KB금융,2025,CFS,BS,자본총계,60829989000000.0,,
00688996,105560,KB금융,2024,CFS,BS,자본총계,59815181000000.0,,
00688996,105560,KB금융,2023,CFS,BS,자본총계,58636190000000.0,,
00688996,105560,KB금융,2023,CFS,BS,자본총계,53803257000000.0,,
00688996,105560,KB금융,2025,CFS,IS,순이자손익,13073093000000.0,,
00688996,105560,KB금융,2024,CFS,IS,순이자손익,12826714000000.0,,
00688996,105560,KB금융,2023,CFS,IS,순이자손익,12180860000000.0,,
00688996,105560,KB금융,2025,CFS,IS,이자수익,29156100000000.0,,
00688996,105560,KB금융,2024,CFS,IS,이자수익,30491385000000.0,,
00688996,105560,KB금융,2023,CFS,IS,이자수익,29142024000000.0,,
00688996,105560,KB금융,2025,CFS,IS,이자비용,-16083007000000.0,,
00688996,105560,KB금융,2024,CFS,IS,이자비용,-17664671000000.0,,
00688996,105560,KB금융,2023,CFS,IS,이자비용,-16961164000000.0,,
00688996,105560,KB금융,2025,CFS,IS,이자비용,-14578519000000.0,,
00688996,105560,KB금융,2024,CFS,IS,이자비용,-16186914000000.0,,
00688996,105560,KB금융,2023,CFS,IS,이자비용,-15426706000000.0,,
00688996,105560,KB금융,2025,CFS,IS,순수수료손익,4098287000000.0,,
00688996,105560,KB금융,2024,CFS,IS,순수수료손익,3849627000000.0,,
00688996,105560,KB금융,2023,CFS,IS,순수수료손익,3673524000000.0,,
00688996,105560,KB금융,2025,CFS,IS,수수료수익,5773521000000.0,,
00688996,105560,KB금융,2024,CFS,IS,수수료수익,5481843000000.0,,
00688996,105560,KB금융,2023,CFS,IS,수수료수익,5368074000000.0,,
00688996,105560,KB금융,2025,CFS,IS,수수료비용,-1675234000000.0,,
00688996,105560,KB금융,2024,CFS,IS,수수료비용,-1632216000000.0,,
00688996,105560,KB금융,2023,CFS,IS,수수료비용,-1694550000000.0,,
00688996,105560,KB금융,2025,CFS,IS,보험손익,1303373000000.0,,
00688996,105560,KB금융,2024,CFS,IS,보험손익,1649761000000.0,,
00688996,105560,KB금융,2023,CFS,IS,보험손익,1446852000000.0,,
00688996,105560,KB금융,2025,CFS,IS,보험수익,12376546000000.0,,
00688996,105560,KB금융,2024,CFS,IS,보험수익,11456191000000.0,,
00688996,105560,KB금융,2023,CFS,IS,보험수익,11005471000000.0,,
00688996,105560,KB금융,2025,CFS,IS,보험수익,11651881000000.0,,
00688996,105560,KB금융,2024,CFS,IS,보험수익,11017155000000.0,,
00688996,105560,KB금융,2023,CFS,IS,보험수익,10322356000000.0,,
00688996,105560,KB금융,2025,CFS,IS,보험서비스비용,-10213199000000.0,,
00688996,105560,KB금융,2024,CFS,IS,보험서비스비용,-8884168000000.0,,
00688996,105560,KB금융,2023,CFS,IS,보험서비스비용,-8720568000000.0,,
00688996,105560,KB금융,2025,CFS,IS,금융자산손상차손,-2362878000000.0,,
00688996,105560,KB금융,2024,CFS,IS,금융자산손상차손,-2044286000000.0,,
00688996,105560,KB금융,2023,CFS,IS,금융자산손상차손,-3146409000000.0,,
00688996,105560,KB금융,2025,CFS,IS,영업이익,8517711000000.0,,
00688996,105560,KB금융,2024,CFS,IS,영업이익,8045261000000.0,,
00688996,105560,KB금융,2023,CFS,IS,영업이익,6385021000000.0,,
00688996,105560,KB금융,2025,CFS,IS,법인세비용차감전순이익,8183146000000.0,,
00688996,105560,KB금융,2024,CFS,IS,법인세비용차감전순이익,6985247000000.0,,
00688996,105560,KB금융,2023,CFS,IS,법인세비용차감전순이익,6120151000000.0,,
00688996,105560,KB금융,2025,CFS,IS,당기순이익,5840715000000.0,,
00688996,105560,KB금융,2024,CFS,IS,당기순이익,5028606000000.0,,
00688996,105560,KB금융,2023,CFS,IS,당기순이익,4526334000000.0,,
00878915,139130,iM금융지주,2025,CFS,BS,현금및예치금,4640636000000.0,,
00878915,139130,iM금융지주,2024,CFS,BS,현금및예치금,4125677000000.0,,
00878915,139130,iM금융지주,2023,CFS,BS,현금및예치금,4713787000000.0,,
00878915,139130,iM금융지주,2025,CFS,BS,대출채권,66062125000000.0,,
00878915,139130,iM금융지주,2024,CFS,BS,대출채권,65701341000000.0,,
00878915,139130,iM금융지주,2023,CFS,BS,대출채권,62383691000000.0,,
00878915,139130,iM금융지주,2025,CFS,BS,자산총계,98860713000000.0,,
00878915,139130,iM금융지주,2024,CFS,BS,자산총계,94148635000000.0,,
00878915,139130,iM금융지주,2023,CFS,BS,자산총계,93359784000000.0,,
00878915,139130,iM금융지주,2025,CFS,BS,예수부채,59343873000000.0,,
00878915,139130,iM금융지주,2024,CFS,BS,예수부채,59806886000000.0,,
00878915,139130,iM금융지주,2023,CFS,BS,예수부채,57288479000000.0,,
00878915,139130,iM금융지주,2025,CFS,BS,차입부채,11146114000000.0,,
00878915,139130,iM금융지주,2024,CFS,BS,차입부채,9700498000000.0,,
00878915,139130,iM금융지주,2023,CFS,BS,차입부채,12034132000000.0,,
00878915,139130,iM금융지주,2025,CFS,BS,사채,9824584000000.0,,
00878915,139130,iM금융지주,2024,CFS,BS,사채,7827243000000.0,,
00878915,139130,iM금융지주,2023,CFS,BS,사채,8242523000000.0,,
00878915,139130,iM금융지주,2025,CFS,BS,부채총계,92423945000000.0,,
00878915,139130,iM금융지주,2024,CFS,BS,부채총계,87942882000000.0,,
00878915,139130,iM금융지주,2023,CFS,BS,부채총계,87076230000000.0,,
00878915,139130,iM금융지주,2025,CFS,BS,자본총계,6436768000000.0,,
00878915,139130,iM금융지주,2024,CFS,BS,자본총계,6205753000000.0,,
00878915,139130,iM금융지주,2023,CFS,BS,자본총계,6283554000000.0,,
00878915,139130,iM금융지주,2025,CFS,IS,순이자손익,1655903000000.0,,
00878915,139130,iM금융지주,2024,CFS,IS,순이자손익,1686021000000.0,,
00878915,139130,iM금융지주,2023,CFS,IS,순이자손익,1635652000000.0,,
00878915,139130,iM금융지주,2025,CFS,IS,이자수익,3804439000000.0,,
00878915,139130,iM금융지주,2024,CFS,IS,이자수익,4174910000000.0,,
00878915,139130,iM금융지주,2023,CFS,IS,이자수익,4027412000000.0,,
00878915,139130,iM금융지주,2025,CFS,IS,이자비용,-2148536000000.0,,
00878915,139130,iM금융지주,2024,CFS,IS,이자비용,-2488889000000.0,,
00878915,139130,iM금융지주,2023,CFS,IS,이자비용,-2391760000000.0,,
00878915,139130,iM금융지주,2025,CFS,IS,순수수료손익,218254000000.0,,
00878915,139130,iM금융지주,2024,CFS,IS,순수수료손익,191231000000.0,,
00878915,139130,iM금융지주,2023,CFS,IS,순수수료손익,230070000000.0,,
00878915,139130,iM금융지주,2025,CFS,IS,수수료수익,326679000000.0,,
00878915,139130,iM금융지주,2024,CFS,IS,수수료수익,295843000000.0,,
00878915,139130,iM금융지주,2023,CFS,IS,수수료수익,328119000000.0,,
00878915,139130,iM금융지주,2025,CFS,IS,수수료비용,-108425000000.0,,
00878915,139130,iM금융지주,2024,CFS,IS,수수료비용,-104612000000.0,,
00878915,139130,iM금융지주,2023,CFS,IS,수수료비용,-98049000000.0,,
00878915,139130,iM금융지주,2025,CFS,IS,보험손익,72573000000.0,,
00878915,139130,iM금융지주,2024,CFS,IS,보험손익,83520000000.0,,
00878915,139130,iM금융지주,2023,CFS,IS,보험손익,100421000000.0,,
00878915,139130,iM금융지주,2025,CFS,IS,보험수익,265247000000.0,,
00878915,139130,iM금융지주,2024,CFS,IS,보험수익,255109000000.0,,
00878915,139130,iM금융지주,2023,CFS,IS,보험수익,270822000000.0,,
00878915,139130,iM금융지주,2025,CFS,IS,영업이익,583241000000.0,,
00878915,139130,iM금융지주,2024,CFS,IS,영업이익,263433000000.0,,
00878915,139130,iM금융지주,2023,CFS,IS,영업이익,534255000000.0,,
00878915,139130,iM금융지주,2025,CFS,IS,법인세비용차감전순이익,581525000000.0,,
00878915,139130,iM금융지주,2024,CFS,IS,법인세비용차감전순이익,252777000000.0,,
00878915,139130,iM금융지주,2023,CFS,IS,법인세비용차감전순이익,532356000000.0,,
00878915,139130,iM금융지주,2025,CFS,IS,당기순이익,457486000000.0,,
00878915,139130,iM금융지주,2024,CFS,IS,당기순이익,201560000000.0,,
00878915,139130,iM금융지주,2023,CFS,IS,당기순이익,412181000000.0,,
00149646,024110,기업은행,2025,CFS,BS,현금및예치금,24258895000000.0,,
00149646,024110,기업은행,2024,CFS,BS,현금및예치금,18083041000000.0,,
00149646,024110,기업은행,2023,CFS,BS,현금및예치금,28038761000000.0,,
00149646,024110,기업은행,2025,CFS,BS,대출채권,357806218000000.0,,
00149646,024110,기업은행,2024,CFS,BS,대출채권,343900399000000.0,,
00149646,024110,기업은행,2023,CFS,BS,대출채권,315882890000000.0,,
00149646,024110,기업은행,2025,CFS,BS,자산총계,500692621000000.0,,
00149646,024110,기업은행,2024,CFS,BS,자산총계,472219838000000.0,,
00149646,024110,기업은행,2023,CFS,BS,자산총계,448427279000000.0,,
00149646,024110,기업은행,2025,CFS,BS,예수부채,168162978000000.0,,
00149646,024110,기업은행,2024,CFS,BS,예수부채,158255737000000.0,,
00149646,024110,기업은행,2023,CFS,BS,예수부채,154044994000000.0,,
00149646,024110,기업은행,2025,CFS,BS,차입부채,50380442000000.0,,
00149646,024110,기업은행,2024,CFS,BS,차입부채,44777136000000.0,,
00149646,024110,기업은행,2023,CFS,BS,차입부채,41239201000000.0,,
00149646,024110,기업은행,2025,CFS,BS,사채,203390126000000.0,,
00149646,024110,기업은행,2024,CFS,BS,사채,193150753000000.0,,
00149646,024110,기업은행,2023,CFS,BS,사채,181991789000000.0,,
00149646,024110,기업은행,2025,CFS,BS,부채총계,463836597000000.0,,
00149646,024110,기업은행,2024,CFS,BS,부채총계,437988747000000.0,,
00149646,024110,기업은행,2023,CFS,BS,부채총계,416610518000000.0,,
00149646,024110,기업은행,2025,CFS,BS,자본총계,36856024000000.0,,
00149646,024110,기업은행,2024,CFS,BS,자본총계,34231091000000.0,,
00149646,024110,기업은행,2023,CFS,BS,자본총계,31816761000000.0,,
00149646,024110,기업은행,2025,CFS,IS,순이자손익,7749425000000.0,,
00149646,024110,기업은행,2024,CFS,IS,순이자손익,7891889000000.0,,
00149646,024110,기업은행,2023,CFS,IS,순이자손익,7926564000000.0,,
00149646,024110,기업은행,2025,CFS,IS,이자수익,17764200000000.0,,
00149646,024110,기업은행,2024,CFS,IS,이자수익,18954860000000.0,,
00149646,024110,기업은행,2023,CFS,IS,이자수익,18364055000000.0,,
00149646,024110,기업은행,2025,CFS,IS,이자비용,-10014775000000.0,,
00149646,024110,기업은행,2024,CFS,IS,이자비용,-11062971000000.0,,
00149646,024110,기업은행,2023,CFS,IS,이자비용,-10437491000000.0,,
00149646,024110,기업은행,2025,CFS,IS,순수수료손익,431629000000.0,,
00149646,024110,기업은행,2024,CFS,IS,순수수료손익,472055000000.0,,
00149646,024110,기업은행,2023,CFS,IS,순수수료손익,476972000000.0,,
00149646,024110,기업은행,2025,CFS,IS,수수료수익,840672000000.0,,
00149646,024110,기업은행,2024,CFS,IS,수수료수익,863661000000.0,,
00149646,024110,기업은행,2023,CFS,IS,수수료수익,852249000000.0,,
00149646,024110,기업은행,2025,CFS,IS,수수료비용,-409043000000.0,,
00149646,024110,기업은행,2024,CFS,IS,수수료비용,-391606000000.0,,
00149646,024110,기업은행,2023,CFS,IS,수수료비용,-375277000000.0,,
00149646,024110,기업은행,2025,CFS,IS,보험손익,52376000000.0,,
00149646,024110,기업은행,2024,CFS,IS,보험손익,29554000000.0,,
00149646,024110,기업은행,2023,CFS,IS,보험손익,35342000000.0,,
00149646,024110,기업은행,2025,CFS,IS,보험수익,117072000000.0,,
00149646,024110,기업은행,2024,CFS,IS,보험수익,93466000000.0,,
00149646,024110,기업은행,2023,CFS,IS,보험수익,83550000000.0,,
00149646,024110,기업은행,2025,CFS,IS,보험서비스비용,-64696000000.0,,
00149646,024110,기업은행,2024,CFS,IS,보험서비스비용,-63912000000.0,,
00149646,024110,기업은행,2023,CFS,IS,보험서비스비용,-48208000000.0,,
00149646,024110,기업은행,2025,CFS,IS,금융자산손상차손,-1774175000000.0,,
00149646,024110,기업은행,2024,CFS,IS,금융자산손상차손,-1720064000000.0,,
00149646,024110,기업은행,2023,CFS,IS,금융자산손상차손,-2076147000000.0,,
00149646,024110,기업은행,2025,CFS,IS,영업이익,3655589000000.0,,
00149646,024110,기업은행,2024,CFS,IS,영업이익,3594087000000.0,,
00149646,024110,기업은행,2023,CFS,IS,영업이익,3432281000000.0,,
00149646,024110,기업은행,2025,CFS,IS,법인세비용차감전순이익,3664596000000.0,,
00149646,024110,기업은행,2024,CFS,IS,법인세비용차감전순이익,3567503000000.0,,
00149646,024110,기업은행,2023,CFS,IS,법인세비용차감전순이익,3493037000000.0,,
00149646,024110,기업은행,2025,CFS,IS,당기순이익,2718868000000.0,,
00149646,024110,기업은행,2024,CFS,IS,당기순이익,2654338000000.0,,
00149646,024110,기업은행,2023,CFS,IS,당기순이익,2675188000000.0,,
00860332,138040,메리츠금융지주,2025,CFS,BS,자산총계,135457983800835.0,,
00860332,138040,메리츠금융지주,2024,CFS,BS,자산총계,115578247112858.0,,
00860332,138040,메리츠금융지주,2023,CFS,BS,자산총계,102235842680189.0,,
00860332,138040,메리츠금융지주,2025,CFS,BS,부채총계,124196775797045.0,,
00860332,138040,메리츠금융지주,2024,CFS,BS,부채총계,104648211084850.0,,
00860332,138040,메리츠금융지주,2023,CFS,BS,부채총계,92138657614258.0,,
00860332,138040,메리츠금융지주,2025,CFS,BS,자본총계,11261208003790.0,,
00860332,138040,메리츠금융지주,2024,CFS,BS,자본총계,10930036028008.0,,
00860332,138040,메리츠금융지주,2023,CFS,BS,자본총계,10097185065931.0,,
00382199,055550,신한지주,2025,CFS,BS,현금및예치금,39742605000000.0,,
00382199,055550,신한지주,2024,CFS,BS,현금및예치금,40525712000000.0,,
00382199,055550,신한지주,2023,CFS,BS,현금및예치금,34629251000000.0,,
00382199,055550,신한지주,2025,CFS,BS,대출채권,464773880000000.0,,
00382199,055550,신한지주,2024,CFS,BS,대출채권,449295238000000.0,,
00382199,055550,신한지주,2023,CFS,BS,대출채권,411739562000000.0,,
00382199,055550,신한지주,2025,CFS,BS,자산총계,786013485000000.0,,
00382199,055550,신한지주,2024,CFS,BS,자산총계,739764256000000.0,,
00382199,055550,신한지주,2023,CFS,BS,자산총계,691795333000000.0,,
00382199,055550,신한지주,2025,CFS,BS,예수부채,447648971000000.0,,
00382199,055550,신한지주,2024,CFS,BS,예수부채,422781045000000.0,,
00382199,055550,신한지주,2023,CFS,BS,예수부채,381512664000000.0,,
00382199,055550,신한지주,2025,CFS,BS,차입부채,55394834000000.0,,
00382199,055550,신한지주,2024,CFS,BS,차입부채,49920373000000.0,,
00382199,055550,신한지주,2023,CFS,BS,차입부채,56901352000000.0,,
00382199,055550,신한지주,2025,CFS,BS,사채,92991422000000.0,,
00382199,055550,신한지주,2024,CFS,BS,사채,93765854000000.0,,
00382199,055550,신한지주,2023,CFS,BS,사채,81561725000000.0,,
00382199,055550,신한지주,2025,CFS,BS,부채총계,725641161000000.0,,
00382199,055550,신한지주,2024,CFS,BS,부채총계,680943223000000.0,,
00382199,055550,신한지주,2023,CFS,BS,부채총계,635473468000000.0,,
00382199,055550,신한지주,2025,CFS,BS,자본총계,60372324000000.0,,
00382199,055550,신한지주,2024,CFS,BS,자본총계,58821033000000.0,,
00382199,055550,신한지주,2023,CFS,BS,자본총계,56321865000000.0,,
00382199,055550,신한지주,2025,CFS,IS,영업이익,7023357000000.0,,
00382199,055550,신한지주,2024,CFS,IS,영업이익,6458670000000.0,,
00382199,055550,신한지주,2023,CFS,IS,영업이익,6100850000000.0,,
00382199,055550,신한지주,2025,CFS,IS,순이자손익,11694456000000.0,,
00382199,055550,신한지주,2024,CFS,IS,순이자손익,11402302000000.0,,
00382199,055550,신한지주,2023,CFS,IS,순이자손익,10817922000000.0,,
00382199,055550,신한지주,2025,CFS,IS,이자수익,27988801000000.0,,
00382199,055550,신한지주,2024,CFS,IS,이자수익,29209338000000.0,,
00382199,055550,신한지주,2023,CFS,IS,이자수익,27579211000000.0,,
00382199,055550,신한지주,2025,CFS,IS,이자비용,-16294345000000.0,,
00382199,055550,신한지주,2024,CFS,IS,이자비용,-17807036000000.0,,
00382199,055550,신한지주,2023,CFS,IS,이자비용,-16761289000000.0,,
00382199,055550,신한지주,2025,CFS,IS,순수수료손익,2921211000000.0,,
00382199,055550,신한지주,2024,CFS,IS,순수수료손익,2714874000000.0,,
00382199,055550,신한지주,2023,CFS,IS,순수수료손익,2647206000000.0,,
00382199,055550,신한지주,2025,CFS,IS,수수료수익,4564323000000.0,,
00382199,055550,신한지주,2024,CFS,IS,수수료수익,4295366000000.0,,
00382199,055550,신한지주,2023,CFS,IS,수수료수익,4175243000000.0,,
00382199,055550,신한지주,2025,CFS,IS,수수료비용,-1643112000000.0,,
00382199,055550,신한지주,2024,CFS,IS,수수료비용,-1580492000000.0,,
00382199,055550,신한지주,2023,CFS,IS,수수료비용,-1528037000000.0,,
00382199,055550,신한지주,2025,CFS,IS,보험수익,3364322000000.0,,
00382199,055550,신한지주,2024,CFS,IS,보험수익,3116553000000.0,,
00382199,055550,신한지주,2023,CFS,IS,보험수익,2899599000000.0,,
00382199,055550,신한지주,2025,CFS,IS,보험서비스비용,-2321814000000.0,,
00382199,055550,신한지주,2024,CFS,IS,보험서비스비용,-2131560000000.0,,
00382199,055550,신한지주,2023,CFS,IS,보험서비스비용,-1748779000000.0,,
00382199,055550,신한지주,2025,CFS,IS,금융자산손상차손,-2002965000000.0,,
00382199,055550,신한지주,2024,CFS,IS,금융자산손상차손,-2013274000000.0,,
00382199,055550,신한지주,2023,CFS,IS,금융자산손상차손,-2244503000000.0,,
00382199,055550,신한지주,2025,CFS,IS,법인세비용차감전순이익,6929009000000.0,,
00382199,055550,신한지주,2024,CFS,IS,법인세비용차감전순이익,6029092000000.0,,
00382199,055550,신한지주,2023,CFS,IS,법인세비용차감전순이익,5964960000000.0,,
00382199,055550,신한지주,2025,CFS,IS,당기순이익,5084519000000.0,,
00382199,055550,신한지주,2024,CFS,IS,당기순이익,4558170000000.0,,
00382199,055550,신한지주,2023,CFS,IS,당기순이익,4478000000000.0,,
01350869,316140,우리금융지주,2025,CFS,BS,현금및현금성자산,38499679000000.0,,
01350869,316140,우리금융지주,2024,CFS,BS,현금및현금성자산,27281123000000.0,,
01350869,316140,우리금융지주,2023,CFS,BS,현금및현금성자산,30556618000000.0,,
01350869,316140,우리금융지주,2025,CFS,BS,자산총계,601457286000000.0,,
01350869,316140,우리금융지주,2024,CFS,BS,자산총계,525753320000000.0,,
01350869,316140,우리금융지주,2023,CFS,BS,자산총계,498004936000000.0,,
01350869,316140,우리금융지주,2025,CFS,BS,예수부채,376580845000000.0,,
01350869,316140,우리금융지주,2024,CFS,BS,예수부채,366821156000000.0,,
01350869,316140,우리금융지주,2023,CFS,BS,예수부채,357784297000000.0,,
01350869,316140,우리금융지주,2025,CFS,BS,차입부채,34183267000000.0,,
01350869,316140,우리금융지주,2024,CFS,BS,차입부채,30117031000000.0,,
01350869,316140,우리금융지주,2023,CFS,BS,차입부채,30986746000000.0,,
01350869,316140,우리금융지주,2025,CFS,BS,부채총계,563598038000000.0,,
01350869,316140,우리금융지주,2024,CFS,BS,부채총계,489858051000000.0,,
01350869,316140,우리금융지주,2023,CFS,BS,부채총계,464607446000000.0,,
01350869,316140,우리금융지주,2025,CFS,BS,자본총계,37859248000000.0,,
01350869,316140,우리금융지주,2024,CFS,BS,자본총계,35895269000000.0,,
01350869,316140,우리금융지주,2023,CFS,BS,자본총계,33397490000000.0,,
01350869,316140,우리금융지주,2025,CFS,IS,영업이익,3674808000000.0,,
01350869,316140,우리금융지주,2024,CFS,IS,영업이익,4255190000000.0,,
01350869,316140,우리금융지주,2023,CFS,IS,영업이익,3499029000000.0,,
01350869,316140,우리금융지주,2025,CFS,IS,순이자손익,9030769000000.0,,
01350869,316140,우리금융지주,2024,CFS,IS,순이자손익,8886336000000.0,,
01350869,316140,우리금융지주,2023,CFS,IS,순이자손익,8742540000000.0,,
01350869,316140,우리금융지주,2025,CFS,IS,이자수익,21188743000000.0,,
01350869,316140,우리금융지주,2024,CFS,IS,이자수익,22013341000000.0,,
01350869,316140,우리금융지주,2023,CFS,IS,이자수익,20641554000000.0,,
01350869,316140,우리금융지주,2025,CFS,IS,이자비용,-12157974000000.0,,
01350869,316140,우리금융지주,2024,CFS,IS,이자비용,-13127005000000.0,,
01350869,316140,우리금융지주,2023,CFS,IS,이자비용,-11899014000000.0,,
01350869,316140,우리금융지주,2025,CFS,IS,순수수료손익,2160404000000.0,,
01350869,316140,우리금융지주,2024,CFS,IS,순수수료손익,2086170000000.0,,
01350869,316140,우리금융지주,2023,CFS,IS,순수수료손익,1720481000000.0,,
01350869,316140,우리금융지주,2025,CFS,IS,수수료수익,3017771000000.0,,
01350869,316140,우리금융지주,2024,CFS,IS,수수료수익,2874216000000.0,,
01350869,316140,우리금융지주,2023,CFS,IS,수수료수익,2565814000000.0,,
01350869,316140,우리금융지주,2025,CFS,IS,수수료비용,-857367000000.0,,
01350869,316140,우리금융지주,2024,CFS,IS,수수료비용,-788046000000.0,,
01350869,316140,우리금융지주,2023,CFS,IS,수수료비용,-845333000000.0,,
01350869,316140,우리금융지주,2025,CFS,IS,보험손익,103871000000.0,,
01350869,316140,우리금융지주,2024,CFS,IS,보험손익,0.0,,
01350869,316140,우리금융지주,2023,CFS,IS,보험손익,0.0,,
01350869,316140,우리금융지주,2025,CFS,IS,보험수익,1042497000000.0,,
01350869,316140,우리금융지주,2024,CFS,IS,보험수익,0.0,,
01350869,316140,우리금융지주,2023,CFS,IS,보험수익,0.0,,
01350869,316140,우리금융지주,2025,CFS,IS,보험수익,1005778000000.0,,
01350869,316140,우리금융지주,2024,CFS,IS,보험수익,0.0,,
01350869,316140,우리금융지주,2023,CFS,IS,보험수익,0.0,,
01350869,316140,우리금융지주,2025,CFS,IS,보험서비스비용,-938626000000.0,,
01350869,316140,우리금융지주,2024,CFS,IS,보험서비스비용,-0.0,,
01350869,316140,우리금융지주,2023,CFS,IS,보험서비스비용,-0.0,,
01350869,316140,우리금융지주,2025,CFS,IS,보험서비스비용,-901614000000.0,,
01350869,316140,우리금융지주,2024,CFS,IS,보험서비스비용,-0.0,,
01350869,316140,우리금융지주,2023,CFS,IS,보험서비스비용,-0.0,,
01350869,316140,우리금융지주,2025,CFS,IS,금융자산손상차손,-2102814000000.0,,
01350869,316140,우리금융지주,2024,CFS,IS,금융자산손상차손,-1716295000000.0,,
01350869,316140,우리금융지주,2023,CFS,IS,금융자산손상차손,-1894916000000.0,,
01350869,316140,우리금융지주,2025,CFS,IS,법인세비용차감전순이익,4090166000000.0,,
01350869,316140,우리금융지주,2024,CFS,IS,법인세비용차감전순이익,4222847000000.0,,
01350869,316140,우리금융지주,2023,CFS,IS,법인세비용차감전순이익,3517453000000.0,,
01350869,316140,우리금융지주,2025,CFS,IS,당기순이익,3227508000000.0,,
01350869,316140,우리금융지주,2024,CFS,IS,당기순이익,3171469000000.0,,
01350869,316140,우리금융지주,2023,CFS,IS,당기순이익,2626894000000.0,,
00148832,006220,제주은행,2025,CFS,BS,현금및예치금,246915000000.0,,
00148832,006220,제주은행,2024,CFS,BS,현금및예치금,228151000000.0,,
00148832,006220,제주은행,2023,CFS,BS,현금및예치금,235890000000.0,,
00148832,006220,제주은행,2025,CFS,BS,대출채권,6260669000000.0,,
00148832,006220,제주은행,2024,CFS,BS,대출채권,5827564000000.0,,
00148832,006220,제주은행,2023,CFS,BS,대출채권,5576304000000.0,,
00148832,006220,제주은행,2025,CFS,BS,자산총계,8019927000000.0,,
00148832,006220,제주은행,2024,CFS,BS,자산총계,7444771000000.0,,
00148832,006220,제주은행,2023,CFS,BS,자산총계,7162714000000.0,,
00148832,006220,제주은행,2025,CFS,BS,예수부채,6449057000000.0,,
00148832,006220,제주은행,2024,CFS,BS,예수부채,6116763000000.0,,
00148832,006220,제주은행,2023,CFS,BS,예수부채,5961275000000.0,,
00148832,006220,제주은행,2025,CFS,BS,차입부채,283888000000.0,,
00148832,006220,제주은행,2024,CFS,BS,차입부채,195452000000.0,,
00148832,006220,제주은행,2023,CFS,BS,차입부채,173437000000.0,,
00148832,006220,제주은행,2025,CFS,BS,사채,379779000000.0,,
00148832,006220,제주은행,2024,CFS,BS,사채,299743000000.0,,
00148832,006220,제주은행,2023,CFS,BS,사채,249905000000.0,,
00148832,006220,제주은행,2025,CFS,BS,부채총계,7372657000000.0,,
00148832,006220,제주은행,2024,CFS,BS,부채총계,6854663000000.0,,
00148832,006220,제주은행,2023,CFS,BS,부채총계,6626863000000.0,,
00148832,006220,제주은행,2025,CFS,BS,자본총계,647270000000.0,,
00148832,006220,제주은행,2024,CFS,BS,자본총계,590108000000.0,,
00148832,006220,제주은행,2023,CFS,BS,자본총계,535851000000.0,,
00148832,006220,제주은행,2025,CFS,IS,영업이익,9934000000.0,,
00148832,006220,제주은행,2024,CFS,IS,영업이익,11422000000.0,,
00148832,006220,제주은행,2023,CFS,IS,영업이익,2623000000.0,,
00148832,006220,제주은행,2025,CFS,IS,순이자손익,162922000000.0,,
00148832,006220,제주은행,2024,CFS,IS,순이자손익,151478000000.0,,
00148832,006220,제주은행,2023,CFS,IS,순이자손익,145479000000.0,,
00148832,006220,제주은행,2025,CFS,IS,이자수익,329645000000.0,,
00148832,006220,제주은행,2024,CFS,IS,이자수익,346380000000.0,,
00148832,006220,제주은행,2023,CFS,IS,이자수익,339867000000.0,,
00148832,006220,제주은행,2025,CFS,IS,이자비용,-166723000000.0,,
00148832,006220,제주은행,2024,CFS,IS,이자비용,-194902000000.0,,
00148832,006220,제주은행,2023,CFS,IS,이자비용,-194388000000.0,,
00148832,006220,제주은행,2025,CFS,IS,순수수료손익,12795000000.0,,
00148832,006220,제주은행,2024,CFS,IS,순수수료손익,11113000000.0,,
00148832,006220,제주은행,2023,CFS,IS,순수수료손익,10517000000.0,,
00148832,006220,제주은행,2025,CFS,IS,수수료수익,22593000000.0,,
00148832,006220,제주은행,2024,CFS,IS,수수료수익,19239000000.0,,
00148832,006220,제주은행,2023,CFS,IS,수수료수익,19257000000.0,,
00148832,006220,제주은행,2025,CFS,IS,수수료비용,-9798000000.0,,
00148832,006220,제주은행,2024,CFS,IS,수수료비용,-8126000000.0,,
00148832,006220,제주은행,2023,CFS,IS,수수료비용,-8740000000.0,,
00148832,006220,제주은행,2025,CFS,IS,법인세비용차감전순이익,16061000000.0,,
00148832,006220,제주은행,2024,CFS,IS,법인세비용차감전순이익,11839000000.0,,
00148832,006220,제주은행,2023,CFS,IS,법인세비용차감전순이익,5499000000.0,,
00148832,006220,제주은행,2025,CFS,IS,당기순이익,13930000000.0,,
00148832,006220,제주은행,2024,CFS,IS,당기순이익,10416000000.0,,
00148832,006220,제주은행,2023,CFS,IS,당기순이익,5101000000.0,,
00547583,086790,하나금융지주,2025,CFS,BS,현금및예치금,43339918000000.0,,
00547583,086790,하나금융지주,2024,CFS,BS,현금및예치금,40404953000000.0,,
00547583,086790,하나금융지주,2023,CFS,BS,현금및예치금,34480458000000.0,,
00547583,086790,하나금융지주,2025,CFS,BS,대출채권,434222513000000.0,,
00547583,086790,하나금융지주,2024,CFS,BS,대출채권,403384381000000.0,,
00547583,086790,하나금융지주,2023,CFS,BS,대출채권,381410658000000.0,,
00547583,086790,하나금융지주,2025,CFS,BS,자산총계,674590676000000.0,,
00547583,086790,하나금융지주,2024,CFS,BS,자산총계,637847513000000.0,,
00547583,086790,하나금융지주,2023,CFS,BS,자산총계,591925995000000.0,,
00547583,086790,하나금융지주,2025,CFS,BS,예수부채,409385271000000.0,,
00547583,086790,하나금융지주,2024,CFS,BS,예수부채,390208735000000.0,,
00547583,086790,하나금융지주,2023,CFS,BS,예수부채,371866240000000.0,,
00547583,086790,하나금융지주,2025,CFS,BS,차입부채,50456150000000.0,,
00547583,086790,하나금융지주,2024,CFS,BS,차입부채,46143154000000.0,,
00547583,086790,하나금융지주,2023,CFS,BS,차입부채,43590349000000.0,,
00547583,086790,하나금융지주,2025,CFS,BS,사채,72812888000000.0,,
00547583,086790,하나금융지주,2024,CFS,BS,사채,64879611000000.0,,
00547583,086790,하나금융지주,2023,CFS,BS,사채,58702329000000.0,,
00547583,086790,하나금융지주,2025,CFS,BS,부채총계,628945122000000.0,,
00547583,086790,하나금융지주,2024,CFS,BS,부채총계,594270586000000.0,,
00547583,086790,하나금융지주,2023,CFS,BS,부채총계,551744278000000.0,,
00547583,086790,하나금융지주,2025,CFS,BS,자본총계,45645554000000.0,,
00547583,086790,하나금융지주,2024,CFS,BS,자본총계,43576927000000.0,,
00547583,086790,하나금융지주,2023,CFS,BS,자본총계,40181717000000.0,,
00547583,086790,하나금융지주,2025,CFS,IS,순이자손익,9163436000000.0,,
00547583,086790,하나금융지주,2024,CFS,IS,순이자손익,8761000000000.0,,
00547583,086790,하나금융지주,2023,CFS,IS,순이자손익,8879449000000.0,,
00547583,086790,하나금융지주,2025,CFS,IS,이자수익,22459703000000.0,,
00547583,086790,하나금융지주,2024,CFS,IS,이자수익,24116588000000.0,,
00547583,086790,하나금융지주,2023,CFS,IS,이자수익,23275944000000.0,,
00547583,086790,하나금융지주,2025,CFS,IS,이자비용,-13296267000000.0,,
00547583,086790,하나금융지주,2024,CFS,IS,이자비용,-15355588000000.0,,
00547583,086790,하나금융지주,2023,CFS,IS,이자비용,-14396495000000.0,,
00547583,086790,하나금융지주,2025,CFS,IS,순수수료손익,2718982000000.0,,
00547583,086790,하나금융지주,2024,CFS,IS,순수수료손익,2469854000000.0,,
00547583,086790,하나금융지주,2023,CFS,IS,순수수료손익,1977733000000.0,,
00547583,086790,하나금융지주,2025,CFS,IS,수수료수익,4016981000000.0,,
00547583,086790,하나금융지주,2024,CFS,IS,수수료수익,3598814000000.0,,
00547583,086790,하나금융지주,2023,CFS,IS,수수료수익,3034920000000.0,,
00547583,086790,하나금융지주,2025,CFS,IS,수수료비용,-1297999000000.0,,
00547583,086790,하나금융지주,2024,CFS,IS,수수료비용,-1128960000000.0,,
00547583,086790,하나금융지주,2023,CFS,IS,수수료비용,-1057187000000.0,,
00547583,086790,하나금융지주,2025,CFS,IS,보험수익,648222000000.0,,
00547583,086790,하나금융지주,2024,CFS,IS,보험수익,606134000000.0,,
00547583,086790,하나금융지주,2023,CFS,IS,보험수익,552477000000.0,,
00547583,086790,하나금융지주,2025,CFS,IS,보험서비스비용,-587846000000.0,,
00547583,086790,하나금융지주,2024,CFS,IS,보험서비스비용,-551984000000.0,,
00547583,086790,하나금융지주,2023,CFS,IS,보험서비스비용,-521008000000.0,,
00547583,086790,하나금융지주,2025,CFS,IS,금융자산손상차손,-1291797000000.0,,
00547583,086790,하나금융지주,2024,CFS,IS,금융자산손상차손,-1236505000000.0,,
00547583,086790,하나금융지주,2023,CFS,IS,금융자산손상차손,-1550742000000.0,,
00547583,086790,하나금융지주,2025,CFS,IS,영업이익,5350898000000.0,,
00547583,086790,하나금융지주,2024,CFS,IS,영업이익,4855182000000.0,,
00547583,086790,하나금융지주,2023,CFS,IS,영업이익,4693407000000.0,,
00547583,086790,하나금융지주,2025,CFS,IS,법인세비용차감전순이익,5458948000000.0,,
00547583,086790,하나금융지주,2024,CFS,IS,법인세비용차감전순이익,5052165000000.0,,
00547583,086790,하나금융지주,2023,CFS,IS,법인세비용차감전순이익,4681212000000.0,,
00547583,086790,하나금융지주,2025,CFS,IS,당기순이익,4036638000000.0,,
00547583,086790,하나금융지주,2024,CFS,IS,당기순이익,3768529000000.0,,
00547583,086790,하나금융지주,2023,CFS,IS,당기순이익,3468356000000.0,,
00432102,071050,한국금융지주,2025,CFS,BS,현금및예치금,13794085000000.0,,
00432102,071050,한국금융지주,2024,CFS,BS,현금및예치금,11178132000000.0,,
00432102,071050,한국금융지주,2023,CFS,BS,현금및예치금,9722656000000.0,,
00432102,071050,한국금융지주,2022,CFS,BS,현금및예치금,10881132493003.0,,
00432102,071050,한국금융지주,2021,CFS,BS,현금및예치금,8601713086767.0,,
00432102,071050,한국금융지주,2020,CFS,BS,현금및예치금,6137303216479.0,,
00432102,071050,한국금융지주,2019,CFS,BS,현금및예치금,5568884403422.0,,
00432102,071050,한국금융지주,2018,CFS,BS,현금및예치금,8618691464760.0,,
00432102,071050,한국금융지주,2025,CFS,BS,자산총계,136161928000000.0,,
00432102,071050,한국금융지주,2024,CFS,BS,자산총계,109220199000000.0,,
00432102,071050,한국금융지주,2023,CFS,BS,자산총계,95901186000000.0,,
00432102,071050,한국금융지주,2022,CFS,BS,자산총계,86308574156762.0,,
00432102,071050,한국금융지주,2021,CFS,BS,자산총계,82036577890168.0,,
00432102,071050,한국금융지주,2020,CFS,BS,자산총계,70437687756876.0,,
00432102,071050,한국금융지주,2019,CFS,BS,자산총계,60766311395178.0,,
00432102,071050,한국금융지주,2018,CFS,BS,자산총계,64003674068745.0,,
00432102,071050,한국금융지주,2025,CFS,BS,예수부채,19809117000000.0,,
00432102,071050,한국금융지주,2024,CFS,BS,예수부채,16138927000000.0,,
00432102,071050,한국금융지주,2023,CFS,BS,예수부채,13656395000000.0,,
00432102,071050,한국금융지주,2022,CFS,BS,예수부채,13937969790018.0,,
00432102,071050,한국금융지주,2021,CFS,BS,예수부채,14768410055914.0,,
00432102,071050,한국금융지주,2020,CFS,BS,예수부채,13155496741936.0,,
00432102,071050,한국금융지주,2019,CFS,BS,예수부채,6590042820512.0,,
00432102,071050,한국금융지주,2018,CFS,BS,예수부채,17062991438932.0,,
00432102,071050,한국금융지주,2025,CFS,BS,차입부채,72823535000000.0,,
00432102,071050,한국금융지주,2024,CFS,BS,차입부채,59733117000000.0,,
00432102,071050,한국금융지주,2023,CFS,BS,차입부채,52025623000000.0,,
00432102,071050,한국금융지주,2022,CFS,BS,차입부채,41795900188041.0,,
00432102,071050,한국금융지주,2021,CFS,BS,차입부채,39441562814527.0,,
00432102,071050,한국금융지주,2020,CFS,BS,차입부채,31446908059613.0,,
00432102,071050,한국금융지주,2019,CFS,BS,차입부채,25260110944315.0,,
00432102,071050,한국금융지주,2018,CFS,BS,차입부채,22434102043438.0,,
00432102,071050,한국금융지주,2025,CFS,BS,부채총계,124062437000000.0,,
00432102,071050,한국금융지주,2024,CFS,BS,부채총계,99485650000000.0,,
00432102,071050,한국금융지주,2023,CFS,BS,부채총계,87456134000000.0,,
00432102,071050,한국금융지주,2022,CFS,BS,부채총계,78602833042174.0,,
00432102,071050,한국금융지주,2021,CFS,BS,부채총계,74608457222400.0,,
00432102,071050,한국금융지주,2020,CFS,BS,부채총계,64805369407883.0,,
00432102,071050,한국금융지주,2019,CFS,BS,부채총계,55733335672640.0,,
00432102,071050,한국금융지주,2018,CFS,BS,부채총계,59105746385579.0,,
00432102,071050,한국금융지주,2025,CFS,BS,자본총계,12099491000000.0,,
00432102,071050,한국금융지주,2024,CFS,BS,자본총계,9734549000000.0,,
00432102,071050,한국금융지주,2023,CFS,BS,자본총계,8445052000000.0,,
00432102,071050,한국금융지주,2022,CFS,BS,자본총계,7705741114588.0,,
00432102,071050,한국금융지주,2021,CFS,BS,자본총계,7428120667768.0,,
00432102,071050,한국금융지주,2020,CFS,BS,자본총계,5632318348993.0,,
00432102,071050,한국금융지주,2019,CFS,BS,자본총계,5032975722538.0,,
00432102,071050,한국금융지주,2018,CFS,BS,자본총계,4897927683166.0,,
00432102,071050,한국금융지주,2025,CFS,IS,영업이익,2345329000000.0,,
00432102,071050,한국금융지주,2024,CFS,IS,영업이익,1199724000000.0,,
00432102,071050,한국금융지주,2023,CFS,IS,영업이익,820405000000.0,,
00432102,071050,한국금융지주,2022,CFS,IS,영업이익,545781243811.0,,
00432102,071050,한국금융지주,2021,CFS,IS,영업이익,1520951980803.0,,
00432102,071050,한국금융지주,2020,CFS,IS,영업이익,856358632500.0,,
00432102,071050,한국금융지주,2019,CFS,IS,영업이익,941783734122.0,,
00432102,071050,한국금융지주,2018,CFS,IS,영업이익,642669728704.0,,
00432102,071050,한국금융지주,2025,CFS,IS,순수수료손익,1562245000000.0,,
00432102,071050,한국금융지주,2024,CFS,IS,순수수료손익,1224875000000.0,,
00432102,071050,한국금융지주,2023,CFS,IS,순수수료손익,1039826000000.0,,
00432102,071050,한국금융지주,2025,CFS,IS,수수료수익,1903313000000.0,,
00432102,071050,한국금융지주,2024,CFS,IS,수수료수익,1497827000000.0,,
00432102,071050,한국금융지주,2023,CFS,IS,수수료수익,1310189000000.0,,
00432102,071050,한국금융지주,2022,CFS,IS,수수료수익,1424842690602.0,,
00432102,071050,한국금융지주,2021,CFS,IS,수수료수익,1732836941723.0,,
00432102,071050,한국금융지주,2020,CFS,IS,수수료수익,1332560808904.0,,
00432102,071050,한국금융지주,2019,CFS,IS,수수료수익,980570749693.0,,
00432102,071050,한국금융지주,2018,CFS,IS,수수료수익,931307261070.0,,
00432102,071050,한국금융지주,2025,CFS,IS,수수료비용,-341068000000.0,,
00432102,071050,한국금융지주,2024,CFS,IS,수수료비용,-272952000000.0,,
00432102,071050,한국금융지주,2023,CFS,IS,수수료비용,-270363000000.0,,
00432102,071050,한국금융지주,2022,CFS,IS,수수료비용,-263112498823.0,,
00432102,071050,한국금융지주,2021,CFS,IS,수수료비용,-271330509969.0,,
00432102,071050,한국금융지주,2020,CFS,IS,수수료비용,-233806857867.0,,
00432102,071050,한국금융지주,2019,CFS,IS,수수료비용,-172434750231.0,,
00432102,071050,한국금융지주,2018,CFS,IS,수수료비용,-158193570391.0,,
00432102,071050,한국금융지주,2025,CFS,IS,순이자손익,1591326000000.0,,
00432102,071050,한국금융지주,2024,CFS,IS,순이자손익,1255267000000.0,,
00432102,071050,한국금융지주,2023,CFS,IS,순이자손익,980479000000.0,,
00432102,071050,한국금융지주,2025,CFS,IS,이자수익,4035777000000.0,,
00432102,071050,한국금융지주,2024,CFS,IS,이자수익,3736051000000.0,,
00432102,071050,한국금융지주,2023,CFS,IS,이자수익,3272490000000.0,,
00432102,071050,한국금융지주,2022,CFS,IS,이자수익,2326939185290.0,,
00432102,071050,한국금융지주,2021,CFS,IS,이자수익,1672546300822.0,,
00432102,071050,한국금융지주,2020,CFS,IS,이자수익,1570821098254.0,,
00432102,071050,한국금융지주,2019,CFS,IS,이자수익,1400107664523.0,,
00432102,071050,한국금융지주,2018,CFS,IS,이자수익,1156193910953.0,,
00432102,071050,한국금융지주,2025,CFS,IS,이자비용,-2444451000000.0,,
00432102,071050,한국금융지주,2024,CFS,IS,이자비용,-2480784000000.0,,
00432102,071050,한국금융지주,2023,CFS,IS,이자비용,-2292011000000.0,,
00432102,071050,한국금융지주,2022,CFS,IS,이자비용,-1209781135909.0,,
00432102,071050,한국금융지주,2021,CFS,IS,이자비용,-520337559325.0,,
00432102,071050,한국금융지주,2020,CFS,IS,이자비용,-526963819588.0,,
00432102,071050,한국금융지주,2019,CFS,IS,이자비용,-581056540372.0,,
00432102,071050,한국금융지주,2018,CFS,IS,이자비용,-451899515121.0,,
00432102,071050,한국금융지주,2025,CFS,IS,법인세비용차감전순이익,2723597000000.0,,
00432102,071050,한국금융지주,2024,CFS,IS,법인세비용차감전순이익,1398900000000.0,,
00432102,071050,한국금융지주,2023,CFS,IS,법인세비용차감전순이익,885816000000.0,,
00432102,071050,한국금융지주,2022,CFS,IS,법인세비용차감전순이익,645837475405.0,,
00432102,071050,한국금융지주,2021,CFS,IS,법인세비용차감전순이익,2417145268664.0,,
00432102,071050,한국금융지주,2020,CFS,IS,법인세비용차감전순이익,1195304137045.0,,
00432102,071050,한국금융지주,2019,CFS,IS,법인세비용차감전순이익,1061608139338.0,,
00432102,071050,한국금융지주,2018,CFS,IS,법인세비용차감전순이익,734524700483.0,,
00432102,071050,한국금융지주,2025,CFS,IS,당기순이익,2024352000000.0,,
00432102,071050,한국금융지주,2024,CFS,IS,당기순이익,1045869000000.0,,
00432102,071050,한국금융지주,2023,CFS,IS,당기순이익,708064000000.0,,
00432102,071050,한국금융지주,2022,CFS,IS,당기순이익,639808461785.0,,
00432102,071050,한국금융지주,2021,CFS,IS,당기순이익,1764554047156.0,,
00432102,071050,한국금융지주,2020,CFS,IS,당기순이익,860044098908.0,,
00432102,071050,한국금융지주,2019,CFS,IS,당기순이익,847169116495.0,,
00432102,071050,한국금융지주,2018,CFS,IS,당기순이익,515947014868.0,,
00136101,021880,메이슨캐피탈,2026,CFS,BS,현금및현금성자산,19758938853.0,,
00136101,021880,메이슨캐피탈,2025,CFS,BS,현금및현금성자산,2064255879.0,,
00136101,021880,메이슨캐피탈,2024,CFS,BS,현금및현금성자산,18963145907.0,,
00136101,021880,메이슨캐피탈,2026,CFS,BS,대출채권,13342777631.0,,
00136101,021880,메이슨캐피탈,2025,CFS,BS,대출채권,5663166113.0,,
00136101,021880,메이슨캐피탈,2024,CFS,BS,대출채권,4479627707.0,,
00136101,021880,메이슨캐피탈,2026,CFS,BS,자산총계,94504162771.0,,
00136101,021880,메이슨캐피탈,2025,CFS,BS,자산총계,69181676736.0,,
00136101,021880,메이슨캐피탈,2024,CFS,BS,자산총계,80641687585.0,,
00136101,021880,메이슨캐피탈,2026,CFS,BS,부채총계,13609552617.0,,
00136101,021880,메이슨캐피탈,2025,CFS,BS,부채총계,14189047347.0,,
00136101,021880,메이슨캐피탈,2024,CFS,BS,부채총계,15327160843.0,,
00136101,021880,메이슨캐피탈,2026,CFS,BS,자본총계,80894610154.0,,
00136101,021880,메이슨캐피탈,2025,CFS,BS,자본총계,54992629389.0,,
00136101,021880,메이슨캐피탈,2024,CFS,BS,자본총계,65314526742.0,,
00136101,021880,메이슨캐피탈,2026,CFS,IS,영업수익,22027228993.0,,
00136101,021880,메이슨캐피탈,2025,CFS,IS,영업수익,25090614032.0,,
00136101,021880,메이슨캐피탈,2024,CFS,IS,영업수익,20284640607.0,,
00136101,021880,메이슨캐피탈,2026,CFS,IS,이자수익,2027666137.0,,
00136101,021880,메이슨캐피탈,2025,CFS,IS,이자수익,1808377714.0,,
00136101,021880,메이슨캐피탈,2024,CFS,IS,이자수익,1359444249.0,,
00136101,021880,메이슨캐피탈,2026,CFS,IS,수수료수익,15387997911.0,,
00136101,021880,메이슨캐피탈,2025,CFS,IS,수수료수익,18385804062.0,,
00136101,021880,메이슨캐피탈,2024,CFS,IS,수수료수익,12463147153.0,,
00136101,021880,메이슨캐피탈,2026,CFS,IS,이자비용,484213706.0,,
00136101,021880,메이슨캐피탈,2025,CFS,IS,이자비용,655031940.0,,
00136101,021880,메이슨캐피탈,2024,CFS,IS,이자비용,606336988.0,,
00136101,021880,메이슨캐피탈,2026,CFS,IS,수수료비용,227845359.0,,
00136101,021880,메이슨캐피탈,2025,CFS,IS,수수료비용,175141842.0,,
00136101,021880,메이슨캐피탈,2024,CFS,IS,수수료비용,98770881.0,,
00136101,021880,메이슨캐피탈,2026,CFS,IS,법인세비용차감전순이익,-4098025435.0,,
00136101,021880,메이슨캐피탈,2025,CFS,IS,법인세비용차감전순이익,-10145267296.0,,
00136101,021880,메이슨캐피탈,2024,CFS,IS,법인세비용차감전순이익,4426162307.0,,
00136101,021880,메이슨캐피탈,2026,CFS,IS,당기순이익,-4105405811.0,,
00136101,021880,메이슨캐피탈,2025,CFS,IS,당기순이익,-10545829677.0,,
00136101,021880,메이슨캐피탈,2024,CFS,IS,당기순이익,4757784155.0,,
00126292,029780,삼성카드,2025,CFS,BS,현금및예치금,977754000000.0,,
00126292,029780,삼성카드,2024,CFS,BS,현금및예치금,1080937000000.0,,
00126292,029780,삼성카드,2023,CFS,BS,현금및예치금,1882659000000.0,,
00126292,029780,삼성카드,2025,CFS,BS,자산총계,32174782000000.0,,
00126292,029780,삼성카드,2024,CFS,BS,자산총계,29494083000000.0,,
00126292,029780,삼성카드,2023,CFS,BS,자산총계,28806534000000.0,,
00126292,029780,삼성카드,2025,CFS,BS,차입금,2603300000000.0,,
00126292,029780,삼성카드,2024,CFS,BS,차입금,2800000000000.0,,
00126292,029780,삼성카드,2023,CFS,BS,차입금,3565000000000.0,,
00126292,029780,삼성카드,2025,CFS,BS,사채,18053189000000.0,,
00126292,029780,삼성카드,2024,CFS,BS,사채,15619335000000.0,,
00126292,029780,삼성카드,2023,CFS,BS,사채,14054788000000.0,,
00126292,029780,삼성카드,2025,CFS,BS,부채총계,23311498000000.0,,
00126292,029780,삼성카드,2024,CFS,BS,부채총계,21007902000000.0,,
00126292,029780,삼성카드,2023,CFS,BS,부채총계,20670643000000.0,,
00126292,029780,삼성카드,2025,CFS,BS,자본총계,8863284000000.0,,
00126292,029780,삼성카드,2024,CFS,BS,자본총계,8486181000000.0,,
00126292,029780,삼성카드,2023,CFS,BS,자본총계,8135891000000.0,,
00126292,029780,삼성카드,2025,CFS,IS,순이자손익,1431929000000.0,,
00126292,029780,삼성카드,2024,CFS,IS,순이자손익,1429967000000.0,,
00126292,029780,삼성카드,2023,CFS,IS,순이자손익,1436894000000.0,,
00126292,029780,삼성카드,2025,CFS,IS,이자수익,2028939000000.0,,
00126292,029780,삼성카드,2024,CFS,IS,이자수익,1943450000000.0,,
00126292,029780,삼성카드,2023,CFS,IS,이자수익,1923807000000.0,,
00126292,029780,삼성카드,2025,CFS,IS,이자비용,-597010000000.0,,
00126292,029780,삼성카드,2024,CFS,IS,이자비용,-513483000000.0,,
00126292,029780,삼성카드,2023,CFS,IS,이자비용,-486913000000.0,,
00126292,029780,삼성카드,2025,CFS,IS,순수수료손익,847087000000.0,,
00126292,029780,삼성카드,2024,CFS,IS,순수수료손익,850488000000.0,,
00126292,029780,삼성카드,2023,CFS,IS,순수수료손익,773624000000.0,,
00126292,029780,삼성카드,2025,CFS,IS,수수료수익,1813781000000.0,,
00126292,029780,삼성카드,2024,CFS,IS,수수료수익,1752340000000.0,,
00126292,029780,삼성카드,2023,CFS,IS,수수료수익,1715212000000.0,,
00126292,029780,삼성카드,2025,CFS,IS,수수료비용,-966694000000.0,,
00126292,029780,삼성카드,2024,CFS,IS,수수료비용,-901852000000.0,,
00126292,029780,삼성카드,2023,CFS,IS,수수료비용,-941588000000.0,,
00126292,029780,삼성카드,2025,CFS,IS,리스수익,211740000000.0,,
00126292,029780,삼성카드,2024,CFS,IS,리스수익,205339000000.0,,
00126292,029780,삼성카드,2023,CFS,IS,리스수익,201420000000.0,,
00126292,029780,삼성카드,2025,CFS,IS,금융자산손상차손,-721491000000.0,,
00126292,029780,삼성카드,2024,CFS,IS,금융자산손상차손,-690366000000.0,,
00126292,029780,삼성카드,2023,CFS,IS,금융자산손상차손,-719891000000.0,,
00126292,029780,삼성카드,2025,CFS,IS,영업이익,853695000000.0,,
00126292,029780,삼성카드,2024,CFS,IS,영업이익,885421000000.0,,
00126292,029780,삼성카드,2023,CFS,IS,영업이익,810007000000.0,,
00126292,029780,삼성카드,2025,CFS,IS,법인세비용차감전순이익,858017000000.0,,
00126292,029780,삼성카드,2024,CFS,IS,법인세비용차감전순이익,888010000000.0,,
00126292,029780,삼성카드,2023,CFS,IS,법인세비용차감전순이익,811110000000.0,,
00126292,029780,삼성카드,2025,CFS,IS,당기순이익,645923000000.0,,
00126292,029780,삼성카드,2024,CFS,IS,당기순이익,664593000000.0,,
00126292,029780,삼성카드,2023,CFS,IS,당기순이익,609439000000.0,,
00149594,023760,한국캐피탈,2025,CFS,BS,현금및예치금,177238473923.0,,
00149594,023760,한국캐피탈,2024,CFS,BS,현금및예치금,148661740152.0,,
00149594,023760,한국캐피탈,2023,CFS,BS,현금및예치금,309625702976.0,,
00149594,023760,한국캐피탈,2025,CFS,BS,대출채권,3452295533496.0,,
00149594,023760,한국캐피탈,2024,CFS,BS,대출채권,2953415496654.0,,
00149594,023760,한국캐피탈,2023,CFS,BS,대출채권,2535360582025.0,,
00149594,023760,한국캐피탈,2025,CFS,BS,할부금융자산,357879054615.0,,
00149594,023760,한국캐피탈,2024,CFS,BS,할부금융자산,316252846852.0,,
00149594,023760,한국캐피탈,2023,CFS,BS,할부금융자산,240121705220.0,,
00149594,023760,한국캐피탈,2025,CFS,BS,자산총계,5155850351292.0,,
00149594,023760,한국캐피탈,2024,CFS,BS,자산총계,4460298350282.0,,
00149594,023760,한국캐피탈,2023,CFS,BS,자산총계,3900208123178.0,,
00149594,023760,한국캐피탈,2025,CFS,BS,사채,3680822608788.0,,
00149594,023760,한국캐피탈,2024,CFS,BS,사채,3056087424364.0,,
00149594,023760,한국캐피탈,2023,CFS,BS,사채,2410409786573.0,,
00149594,023760,한국캐피탈,2025,CFS,BS,부채총계,4401705086821.0,,
00149594,023760,한국캐피탈,2024,CFS,BS,부채총계,3786612886756.0,,
00149594,023760,한국캐피탈,2023,CFS,BS,부채총계,3288174129416.0,,
00149594,023760,한국캐피탈,2025,CFS,BS,자본총계,754145264471.0,,
00149594,023760,한국캐피탈,2024,CFS,BS,자본총계,673685463526.0,,
00149594,023760,한국캐피탈,2023,CFS,BS,자본총계,612033993762.0,,
00149594,023760,한국캐피탈,2025,CFS,IS,영업이익,127921709129.0,,
00149594,023760,한국캐피탈,2024,CFS,IS,영업이익,96867260498.0,,
00149594,023760,한국캐피탈,2023,CFS,IS,영업이익,82139916795.0,,
00149594,023760,한국캐피탈,2025,CFS,IS,순이자손익,286608783181.0,,
00149594,023760,한국캐피탈,2024,CFS,IS,순이자손익,233491838661.0,,
00149594,023760,한국캐피탈,2023,CFS,IS,순이자손익,208777321865.0,,
00149594,023760,한국캐피탈,2025,CFS,IS,이자수익,469527297283.0,,
00149594,023760,한국캐피탈,2024,CFS,IS,이자수익,403778742216.0,,
00149594,023760,한국캐피탈,2023,CFS,IS,이자수익,336627954379.0,,
00149594,023760,한국캐피탈,2025,CFS,IS,이자비용,182918514102.0,,
00149594,023760,한국캐피탈,2024,CFS,IS,이자비용,170286903555.0,,
00149594,023760,한국캐피탈,2023,CFS,IS,이자비용,127850632514.0,,
00149594,023760,한국캐피탈,2025,CFS,IS,순수수료손익,33873317588.0,,
00149594,023760,한국캐피탈,2024,CFS,IS,순수수료손익,26275942041.0,,
00149594,023760,한국캐피탈,2023,CFS,IS,순수수료손익,16098587125.0,,
00149594,023760,한국캐피탈,2025,CFS,IS,수수료수익,40008838762.0,,
00149594,023760,한국캐피탈,2024,CFS,IS,수수료수익,31446001041.0,,
00149594,023760,한국캐피탈,2023,CFS,IS,수수료수익,19485011942.0,,
00149594,023760,한국캐피탈,2025,CFS,IS,수수료비용,6135521174.0,,
00149594,023760,한국캐피탈,2024,CFS,IS,수수료비용,5170059000.0,,
00149594,023760,한국캐피탈,2023,CFS,IS,수수료비용,3386424817.0,,
00149594,023760,한국캐피탈,2025,CFS,IS,금융자산손상차손,-140792817432.0,,
00149594,023760,한국캐피탈,2024,CFS,IS,금융자산손상차손,-121849267193.0,,
00149594,023760,한국캐피탈,2023,CFS,IS,금융자산손상차손,-115943504350.0,,
00149594,023760,한국캐피탈,2025,CFS,IS,대손상각비,140792817432.0,,
00149594,023760,한국캐피탈,2024,CFS,IS,대손상각비,121849267193.0,,
00149594,023760,한국캐피탈,2023,CFS,IS,대손상각비,115943504350.0,,
00149594,023760,한국캐피탈,2025,CFS,IS,법인세비용차감전순이익,127036463636.0,,
00149594,023760,한국캐피탈,2024,CFS,IS,법인세비용차감전순이익,102222168667.0,,
00149594,023760,한국캐피탈,2023,CFS,IS,법인세비용차감전순이익,84827407937.0,,
00149594,023760,한국캐피탈,2025,CFS,IS,당기순이익,100521650960.0,,
00149594,023760,한국캐피탈,2024,CFS,IS,당기순이익,81136484227.0,,
00149594,023760,한국캐피탈,2023,CFS,IS,당기순이익,66185070496.0,,
00159102,005830,DB손해보험,2025,CFS,BS,현금및현금성자산,1713419000000.0,,
00159102,005830,DB손해보험,2024,CFS,BS,현금및현금성자산,1186537000000.0,,
00159102,005830,DB손해보험,2023,CFS,BS,현금및현금성자산,1217373000000.0,,
00159102,005830,DB손해보험,2025,CFS,BS,자산총계,74022307000000.0,,
00159102,005830,DB손해보험,2024,CFS,BS,자산총계,66506137000000.0,,
00159102,005830,DB손해보험,2023,CFS,BS,자산총계,60040428000000.0,,
00159102,005830,DB손해보험,2025,CFS,BS,보험계약부채,40670076000000.0,,
00159102,005830,DB손해보험,2024,CFS,BS,보험계약부채,40917249000000.0,,
00159102,005830,DB손해보험,2023,CFS,BS,보험계약부채,36875458000000.0,,
00159102,005830,DB손해보험,2025,CFS,BS,부채총계,63087018000000.0,,
00159102,005830,DB손해보험,2024,CFS,BS,부채총계,57114924000000.0,,
00159102,005830,DB손해보험,2023,CFS,BS,부채총계,49736685000000.0,,
00159102,005830,DB손해보험,2025,CFS,BS,자본총계,10935289000000.0,,
00159102,005830,DB손해보험,2024,CFS,BS,자본총계,9391213000000.0,,
00159102,005830,DB손해보험,2023,CFS,BS,자본총계,10303743000000.0,,
00159102,005830,DB손해보험,2025,CFS,IS,보험손익,1145395000000.0,,
00159102,005830,DB손해보험,2024,CFS,IS,보험손익,1719190000000.0,,
00159102,005830,DB손해보험,2023,CFS,IS,보험손익,1642375000000.0,,
00159102,005830,DB손해보험,2025,CFS,IS,보험영업수익,17207563000000.0,,
00159102,005830,DB손해보험,2024,CFS,IS,보험영업수익,16078176000000.0,,
00159102,005830,DB손해보험,2023,CFS,IS,보험영업수익,15585681000000.0,,
00159102,005830,DB손해보험,2025,CFS,IS,보험수익,16432580000000.0,,
00159102,005830,DB손해보험,2024,CFS,IS,보험수익,15701111000000.0,,
00159102,005830,DB손해보험,2023,CFS,IS,보험수익,14571075000000.0,,
00159102,005830,DB손해보험,2025,CFS,IS,보험서비스비용,16062168000000.0,,
00159102,005830,DB손해보험,2024,CFS,IS,보험서비스비용,14358986000000.0,,
00159102,005830,DB손해보험,2023,CFS,IS,보험서비스비용,13943306000000.0,,
00159102,005830,DB손해보험,2025,CFS,IS,보험서비스비용,14828072000000.0,,
00159102,005830,DB손해보험,2024,CFS,IS,보험서비스비용,13277394000000.0,,
00159102,005830,DB손해보험,2023,CFS,IS,보험서비스비용,12992219000000.0,,
00159102,005830,DB손해보험,2025,CFS,IS,투자손익,1238555000000.0,,
00159102,005830,DB손해보험,2024,CFS,IS,투자손익,705736000000.0,,
00159102,005830,DB손해보험,2023,CFS,IS,투자손익,592620000000.0,,
00159102,005830,DB손해보험,2025,CFS,IS,이자수익,2183195000000.0,,
00159102,005830,DB손해보험,2024,CFS,IS,이자수익,2005785000000.0,,
00159102,005830,DB손해보험,2023,CFS,IS,이자수익,1759891000000.0,,
00159102,005830,DB손해보험,2025,CFS,IS,이자비용,609742000000.0,,
00159102,005830,DB손해보험,2024,CFS,IS,이자비용,465818000000.0,,
00159102,005830,DB손해보험,2023,CFS,IS,이자비용,381226000000.0,,
00159102,005830,DB손해보험,2025,CFS,IS,영업이익,2383950000000.0,,
00159102,005830,DB손해보험,2024,CFS,IS,영업이익,2424926000000.0,,
00159102,005830,DB손해보험,2023,CFS,IS,영업이익,2234995000000.0,,
00159102,005830,DB손해보험,2025,CFS,IS,법인세비용차감전순이익,2463558000000.0,,
00159102,005830,DB손해보험,2024,CFS,IS,법인세비용차감전순이익,2436993000000.0,,
00159102,005830,DB손해보험,2023,CFS,IS,법인세비용차감전순이익,2255819000000.0,,
00159102,005830,DB손해보험,2025,CFS,IS,당기순이익,1790581000000.0,,
00159102,005830,DB손해보험,2024,CFS,IS,당기순이익,1853217000000.0,,
00159102,005830,DB손해보험,2023,CFS,IS,당기순이익,1742379000000.0,,
00117267,082640,동양생명,2025,CFS,BS,현금및현금성자산,250370000000.0,,
00117267,082640,동양생명,2024,CFS,BS,현금및현금성자산,269108000000.0,,
00117267,082640,동양생명,2023,CFS,BS,현금및현금성자산,961675000000.0,,
00117267,082640,동양생명,2025,CFS,BS,자산총계,35347237000000.0,,
00117267,082640,동양생명,2024,CFS,BS,자산총계,34546485000000.0,,
00117267,082640,동양생명,2023,CFS,BS,자산총계,32869437000000.0,,
00117267,082640,동양생명,2025,CFS,BS,보험계약부채,28145079000000.0,,
00117267,082640,동양생명,2024,CFS,BS,보험계약부채,28221456000000.0,,
00117267,082640,동양생명,2023,CFS,BS,보험계약부채,26417000000000.0,,
00117267,082640,동양생명,2025,CFS,BS,부채총계,33798362000000.0,,
00117267,082640,동양생명,2024,CFS,BS,부채총계,32577372000000.0,,
00117267,082640,동양생명,2023,CFS,BS,부채총계,29965470000000.0,,
00117267,082640,동양생명,2025,CFS,BS,자본총계,1548875000000.0,,
00117267,082640,동양생명,2024,CFS,BS,자본총계,1969113000000.0,,
00117267,082640,동양생명,2023,CFS,BS,자본총계,2903967000000.0,,
00117267,082640,동양생명,2025,CFS,IS,보험손익,113771000000.0,,
00117267,082640,동양생명,2024,CFS,IS,보험손익,274408000000.0,,
00117267,082640,동양생명,2023,CFS,IS,보험손익,234128000000.0,,
00117267,082640,동양생명,2025,CFS,IS,보험영업수익,1263501000000.0,,
00117267,082640,동양생명,2024,CFS,IS,보험영업수익,1233614000000.0,,
00117267,082640,동양생명,2023,CFS,IS,보험영업수익,1131390000000.0,,
00117267,082640,동양생명,2025,CFS,IS,보험수익,1224494000000.0,,
00117267,082640,동양생명,2024,CFS,IS,보험수익,1186511000000.0,,
00117267,082640,동양생명,2023,CFS,IS,보험수익,1107194000000.0,,
00117267,082640,동양생명,2025,CFS,IS,보험서비스비용,1149730000000.0,,
00117267,082640,동양생명,2024,CFS,IS,보험서비스비용,959206000000.0,,
00117267,082640,동양생명,2023,CFS,IS,보험서비스비용,897262000000.0,,
00117267,082640,동양생명,2025,CFS,IS,보험서비스비용,1094262000000.0,,
00117267,082640,동양생명,2024,CFS,IS,보험서비스비용,883828000000.0,,
00117267,082640,동양생명,2023,CFS,IS,보험서비스비용,851906000000.0,,
00117267,082640,동양생명,2025,CFS,IS,투자손익,85041000000.0,,
00117267,082640,동양생명,2024,CFS,IS,투자손익,93650000000.0,,
00117267,082640,동양생명,2023,CFS,IS,투자손익,60125000000.0,,
00117267,082640,동양생명,2025,CFS,IS,이자수익,1076353000000.0,,
00117267,082640,동양생명,2024,CFS,IS,이자수익,995307000000.0,,
00117267,082640,동양생명,2023,CFS,IS,이자수익,924036000000.0,,
00117267,082640,동양생명,2025,CFS,IS,수수료수익,45448000000.0,,
00117267,082640,동양생명,2024,CFS,IS,수수료수익,50217000000.0,,
00117267,082640,동양생명,2023,CFS,IS,수수료수익,49289000000.0,,
00117267,082640,동양생명,2025,CFS,IS,이자비용,173622000000.0,,
00117267,082640,동양생명,2024,CFS,IS,이자비용,132246000000.0,,
00117267,082640,동양생명,2023,CFS,IS,이자비용,134034000000.0,,
00117267,082640,동양생명,2025,CFS,IS,영업이익,198812000000.0,,
00117267,082640,동양생명,2024,CFS,IS,영업이익,368058000000.0,,
00117267,082640,동양생명,2023,CFS,IS,영업이익,294252000000.0,,
00117267,082640,동양생명,2025,CFS,IS,법인세비용차감전순이익,175428000000.0,,
00117267,082640,동양생명,2024,CFS,IS,법인세비용차감전순이익,371054000000.0,,
00117267,082640,동양생명,2023,CFS,IS,법인세비용차감전순이익,307659000000.0,,
00117267,082640,동양생명,2025,CFS,IS,당기순이익,124494000000.0,,
00117267,082640,동양생명,2024,CFS,IS,당기순이익,314293000000.0,,
00117267,082640,동양생명,2023,CFS,IS,당기순이익,239826000000.0,,
00112332,085620,미래에셋생명,2024,CFS,BS,현금및현금성자산,932184798960.0,,
00112332,085620,미래에셋생명,2023,CFS,BS,현금및현금성자산,1240190271130.0,,
00112332,085620,미래에셋생명,2022,CFS,BS,현금및현금성자산,941898940385.0,,
00112332,085620,미래에셋생명,2024,CFS,BS,대출채권,2704957285183.0,,
00112332,085620,미래에셋생명,2023,CFS,BS,대출채권,3184091927972.0,,
00112332,085620,미래에셋생명,2024,CFS,BS,자산총계,32493623714996.0,,
00112332,085620,미래에셋생명,2023,CFS,BS,자산총계,33092023489392.0,,
00112332,085620,미래에셋생명,2022,CFS,BS,자산총계,35041511155617.0,,
00112332,085620,미래에셋생명,2024,CFS,BS,보험계약부채,26248411835353.0,,
00112332,085620,미래에셋생명,2023,CFS,BS,보험계약부채,25645533710571.0,,
00112332,085620,미래에셋생명,2022,CFS,BS,보험계약부채,24226619514446.0,,
00112332,085620,미래에셋생명,2024,CFS,BS,부채총계,29929969052256.0,,
00112332,085620,미래에셋생명,2023,CFS,BS,부채총계,30076512345786.0,,
00112332,085620,미래에셋생명,2022,CFS,BS,부채총계,30954564227888.0,,
00112332,085620,미래에셋생명,2024,CFS,BS,자본총계,2563654662740.0,,
00112332,085620,미래에셋생명,2023,CFS,BS,자본총계,3015511143606.0,,
00112332,085620,미래에셋생명,2022,CFS,BS,자본총계,4086946927729.0,,
00112332,085620,미래에셋생명,2024,CFS,IS,보험수익,963967420192.0,,
00112332,085620,미래에셋생명,2023,CFS,IS,보험수익,901599247585.0,,
00112332,085620,미래에셋생명,2022,CFS,IS,보험수익,903850878637.0,,
00112332,085620,미래에셋생명,2024,CFS,IS,보험서비스비용,898563883637.0,,
00112332,085620,미래에셋생명,2023,CFS,IS,보험서비스비용,810152902364.0,,
00112332,085620,미래에셋생명,2022,CFS,IS,보험서비스비용,882801788659.0,,
00112332,085620,미래에셋생명,2024,CFS,IS,보험서비스비용,779359903324.0,,
00112332,085620,미래에셋생명,2023,CFS,IS,보험서비스비용,659299333544.0,,
00112332,085620,미래에셋생명,2022,CFS,IS,보험서비스비용,720232009581.0,,
00112332,085620,미래에셋생명,2024,CFS,IS,이자수익,509574126487.0,,
00112332,085620,미래에셋생명,2023,CFS,IS,이자수익,554712691805.0,,
00112332,085620,미래에셋생명,2022,CFS,IS,이자수익,589425132935.0,,
00112332,085620,미래에셋생명,2024,CFS,IS,수수료수익,85362829397.0,,
00112332,085620,미래에셋생명,2023,CFS,IS,수수료수익,89561565592.0,,
00112332,085620,미래에셋생명,2022,CFS,IS,수수료수익,97194212117.0,,
00112332,085620,미래에셋생명,2024,CFS,IS,이자비용,13301690764.0,,
00112332,085620,미래에셋생명,2023,CFS,IS,이자비용,20954549667.0,,
00112332,085620,미래에셋생명,2022,CFS,IS,이자비용,22321861869.0,,
00112332,085620,미래에셋생명,2024,CFS,IS,영업이익,122130494168.0,,
00112332,085620,미래에셋생명,2023,CFS,IS,영업이익,148725698701.0,,
00112332,085620,미래에셋생명,2022,CFS,IS,영업이익,162393727744.0,,
00112332,085620,미래에셋생명,2024,CFS,IS,법인세비용차감전순이익,123131985377.0,,
00112332,085620,미래에셋생명,2023,CFS,IS,법인세비용차감전순이익,144572653870.0,,
00112332,085620,미래에셋생명,2022,CFS,IS,법인세비용차감전순이익,164534969570.0,,
00112332,085620,미래에셋생명,2024,CFS,IS,당기순이익,136114870311.0,,
00112332,085620,미래에셋생명,2023,CFS,IS,당기순이익,101404714525.0,,
00112332,085620,미래에셋생명,2022,CFS,IS,당기순이익,124815149251.0,,
00126256,032830,삼성생명,2025,CFS,BS,현금및현금성자산,4537833000000.0,,
00126256,032830,삼성생명,2024,CFS,BS,현금및현금성자산,4177972000000.0,,
00126256,032830,삼성생명,2023,CFS,BS,현금및현금성자산,5494179000000.0,,
00126256,032830,삼성생명,2025,CFS,BS,자산총계,350685701000000.0,,
00126256,032830,삼성생명,2024,CFS,BS,자산총계,312218844000000.0,,
00126256,032830,삼성생명,2023,CFS,BS,자산총계,314655050000000.0,,
00126256,032830,삼성생명,2025,CFS,BS,보험계약부채,202007098000000.0,,
00126256,032830,삼성생명,2024,CFS,BS,보험계약부채,203097476000000.0,,
00126256,032830,삼성생명,2023,CFS,BS,보험계약부채,190261117000000.0,,
00126256,032830,삼성생명,2025,CFS,BS,부채총계,285850383000000.0,,
00126256,032830,삼성생명,2024,CFS,BS,부채총계,274116162000000.0,,
00126256,032830,삼성생명,2023,CFS,BS,부채총계,270317609000000.0,,
00126256,032830,삼성생명,2025,CFS,BS,자본총계,64835318000000.0,,
00126256,032830,삼성생명,2024,CFS,BS,자본총계,38102682000000.0,,
00126256,032830,삼성생명,2023,CFS,BS,자본총계,44337441000000.0,,
00126256,032830,삼성생명,2025,CFS,IS,보험수익,9718551000000.0,,
00126256,032830,삼성생명,2024,CFS,IS,보험수익,9011262000000.0,,
00126256,032830,삼성생명,2023,CFS,IS,보험수익,8536474000000.0,,
00126256,032830,삼성생명,2025,CFS,IS,보험서비스비용,8909412000000.0,,
00126256,032830,삼성생명,2024,CFS,IS,보험서비스비용,8653476000000.0,,
00126256,032830,삼성생명,2023,CFS,IS,보험서비스비용,7223872000000.0,,
00126256,032830,삼성생명,2025,CFS,IS,보험서비스비용,8516709000000.0,,
00126256,032830,삼성생명,2024,CFS,IS,보험서비스비용,8358057000000.0,,
00126256,032830,삼성생명,2023,CFS,IS,보험서비스비용,7000247000000.0,,
00126256,032830,삼성생명,2025,CFS,IS,투자손익,1599439000000.0,,
00126256,032830,삼성생명,2024,CFS,IS,투자손익,1963120000000.0,,
00126256,032830,삼성생명,2023,CFS,IS,투자손익,950145000000.0,,
00126256,032830,삼성생명,2025,CFS,IS,이자수익,8406565000000.0,,
00126256,032830,삼성생명,2024,CFS,IS,이자수익,8460953000000.0,,
00126256,032830,삼성생명,2023,CFS,IS,이자수익,8437019000000.0,,
00126256,032830,삼성생명,2025,CFS,IS,수수료수익,2177176000000.0,,
00126256,032830,삼성생명,2024,CFS,IS,수수료수익,2030986000000.0,,
00126256,032830,삼성생명,2023,CFS,IS,수수료수익,1951878000000.0,,
00126256,032830,삼성생명,2025,CFS,IS,이자비용,1908207000000.0,,
00126256,032830,삼성생명,2024,CFS,IS,이자비용,1788350000000.0,,
00126256,032830,삼성생명,2023,CFS,IS,이자비용,1538797000000.0,,
00126256,032830,삼성생명,2025,CFS,IS,영업이익,2580469000000.0,,
00126256,032830,삼성생명,2024,CFS,IS,영업이익,2499751000000.0,,
00126256,032830,삼성생명,2023,CFS,IS,영업이익,2398377000000.0,,
00126256,032830,삼성생명,2025,CFS,IS,법인세비용차감전순이익,2996345000000.0,,
00126256,032830,삼성생명,2024,CFS,IS,법인세비용차감전순이익,2813666000000.0,,
00126256,032830,삼성생명,2023,CFS,IS,법인세비용차감전순이익,2559051000000.0,,
00126256,032830,삼성생명,2025,CFS,IS,당기순이익,2451515000000.0,,
00126256,032830,삼성생명,2024,CFS,IS,당기순이익,2260255000000.0,,
00126256,032830,삼성생명,2023,CFS,IS,당기순이익,2033709000000.0,,
00139214,000810,삼성화재해상보험,2025,CFS,BS,자산총계,96450389944868.0,,
00139214,000810,삼성화재해상보험,2024,CFS,BS,자산총계,87269492540789.0,,
00139214,000810,삼성화재해상보험,2023,CFS,BS,자산총계,85019029989421.0,,
00139214,000810,삼성화재해상보험,2025,CFS,BS,부채총계,75158009988554.0,,
00139214,000810,삼성화재해상보험,2024,CFS,BS,부채총계,71667277794649.0,,
00139214,000810,삼성화재해상보험,2023,CFS,BS,부채총계,68874631707984.0,,
00139214,000810,삼성화재해상보험,2025,CFS,BS,자본총계,21292379956314.0,,
00139214,000810,삼성화재해상보험,2024,CFS,BS,자본총계,15602214746140.0,,
00139214,000810,삼성화재해상보험,2023,CFS,BS,자본총계,16144398281437.0,,
00112998,031210,서울보증보험,2025,CFS,BS,현금및예치금,177579719090.0,,
00112998,031210,서울보증보험,2024,CFS,BS,현금및예치금,239658217924.0,,
00112998,031210,서울보증보험,2023,CFS,BS,현금및예치금,212163507379.0,,
00112998,031210,서울보증보험,2025,CFS,BS,대출채권,3016219366.0,,
00112998,031210,서울보증보험,2024,CFS,BS,대출채권,2685577475.0,,
00112998,031210,서울보증보험,2023,CFS,BS,대출채권,7737558835.0,,
00112998,031210,서울보증보험,2025,CFS,BS,자산총계,9408732397027.0,,
00112998,031210,서울보증보험,2024,CFS,BS,자산총계,9333598065076.0,,
00112998,031210,서울보증보험,2023,CFS,BS,자산총계,9129738234359.0,,
00112998,031210,서울보증보험,2025,CFS,BS,보험계약부채,3228356793194.0,,
00112998,031210,서울보증보험,2024,CFS,BS,보험계약부채,3262977164442.0,,
00112998,031210,서울보증보험,2023,CFS,BS,보험계약부채,3079359996761.0,,
00112998,031210,서울보증보험,2025,CFS,BS,부채총계,4213559413377.0,,
00112998,031210,서울보증보험,2024,CFS,BS,부채총계,4158132454250.0,,
00112998,031210,서울보증보험,2023,CFS,BS,부채총계,3929350699874.0,,
00112998,031210,서울보증보험,2025,CFS,BS,자본총계,5195172983650.0,,
00112998,031210,서울보증보험,2024,CFS,BS,자본총계,5175465610826.0,,
00112998,031210,서울보증보험,2023,CFS,BS,자본총계,5200387534485.0,,
00112998,031210,서울보증보험,2025,CFS,IS,보험손익,252327556439.0,,
00112998,031210,서울보증보험,2024,CFS,IS,보험손익,148257279548.0,,
00112998,031210,서울보증보험,2023,CFS,IS,보험손익,383948856749.0,,
00112998,031210,서울보증보험,2025,CFS,IS,보험영업수익,2313244012790.0,,
00112998,031210,서울보증보험,2024,CFS,IS,보험영업수익,2289749565005.0,,
00112998,031210,서울보증보험,2023,CFS,IS,보험영업수익,2238223513811.0,,
00112998,031210,서울보증보험,2025,CFS,IS,보험수익,2175490748114.0,,
00112998,031210,서울보증보험,2024,CFS,IS,보험수익,2088344821127.0,,
00112998,031210,서울보증보험,2023,CFS,IS,보험수익,2085830509121.0,,
00112998,031210,서울보증보험,2025,CFS,IS,보험영업비용,2060916456351.0,,
00112998,031210,서울보증보험,2024,CFS,IS,보험영업비용,2141492285457.0,,
00112998,031210,서울보증보험,2023,CFS,IS,보험영업비용,1854274657062.0,,
00112998,031210,서울보증보험,2025,CFS,IS,보험서비스비용,1854649393161.0,,
00112998,031210,서울보증보험,2024,CFS,IS,보험서비스비용,1912105857231.0,,
00112998,031210,서울보증보험,2023,CFS,IS,보험서비스비용,1607826505622.0,,
00112998,031210,서울보증보험,2025,CFS,IS,투자손익,123374187485.0,,
00112998,031210,서울보증보험,2024,CFS,IS,투자손익,131405507311.0,,
00112998,031210,서울보증보험,2023,CFS,IS,투자손익,140151443657.0,,
00112998,031210,서울보증보험,2025,CFS,IS,이자수익,186333367004.0,,
00112998,031210,서울보증보험,2024,CFS,IS,이자수익,176032368134.0,,
00112998,031210,서울보증보험,2023,CFS,IS,이자수익,161168751710.0,,
00112998,031210,서울보증보험,2025,CFS,IS,이자비용,5860480215.0,,
00112998,031210,서울보증보험,2024,CFS,IS,이자비용,5376393966.0,,
00112998,031210,서울보증보험,2023,CFS,IS,이자비용,5587321528.0,,
00112998,031210,서울보증보험,2025,CFS,IS,영업이익,375701743924.0,,
00112998,031210,서울보증보험,2024,CFS,IS,영업이익,279662786859.0,,
00112998,031210,서울보증보험,2023,CFS,IS,영업이익,524100300406.0,,
00112998,031210,서울보증보험,2025,CFS,IS,법인세비용차감전순이익,374382665639.0,,
00112998,031210,서울보증보험,2024,CFS,IS,법인세비용차감전순이익,282957398276.0,,
00112998,031210,서울보증보험,2023,CFS,IS,법인세비용차감전순이익,521050823887.0,,
00112998,031210,서울보증보험,2025,CFS,IS,당기순이익,268410960714.0,,
00112998,031210,서울보증보험,2024,CFS,IS,당기순이익,213274020304.0,,
00112998,031210,서울보증보험,2023,CFS,IS,당기순이익,417932917044.0,,
00113191,003690,코리안리,2025,CFS,BS,현금및현금성자산,283785589735.0,,
00113191,003690,코리안리,2024,CFS,BS,현금및현금성자산,399416075590.0,,
00113191,003690,코리안리,2023,CFS,BS,현금및현금성자산,510175242911.0,,
00113191,003690,코리안리,2025,CFS,BS,자산총계,14259770701794.0,,
00113191,003690,코리안리,2024,CFS,BS,자산총계,13160392022865.0,,
00113191,003690,코리안리,2023,CFS,BS,자산총계,12066324170936.0,,
00113191,003690,코리안리,2025,CFS,BS,보험계약부채,9757721038306.0,,
00113191,003690,코리안리,2024,CFS,BS,보험계약부채,9103334928740.0,,
00113191,003690,코리안리,2023,CFS,BS,보험계약부채,8174698012554.0,,
00113191,003690,코리안리,2025,CFS,BS,부채총계,10576348924573.0,,
00113191,003690,코리안리,2024,CFS,BS,부채총계,9707522557270.0,,
00113191,003690,코리안리,2023,CFS,BS,부채총계,8813428441680.0,,
00113191,003690,코리안리,2025,CFS,BS,자본총계,3683421777221.0,,
00113191,003690,코리안리,2024,CFS,BS,자본총계,3452869465595.0,,
00113191,003690,코리안리,2023,CFS,BS,자본총계,3252895729256.0,,
00113191,003690,코리안리,2025,CFS,IS,보험손익,226495640541.0,,
00113191,003690,코리안리,2024,CFS,IS,보험손익,198690786766.0,,
00113191,003690,코리안리,2023,CFS,IS,보험손익,206232518069.0,,
00113191,003690,코리안리,2025,CFS,IS,보험영업수익,5796769807106.0,,
00113191,003690,코리안리,2024,CFS,IS,보험영업수익,5860762672312.0,,
00113191,003690,코리안리,2023,CFS,IS,보험영업수익,6265444561223.0,,
00113191,003690,코리안리,2025,CFS,IS,보험수익,4975837511958.0,,
00113191,003690,코리안리,2024,CFS,IS,보험수익,5136558046641.0,,
00113191,003690,코리안리,2023,CFS,IS,보험수익,5167613669396.0,,
00113191,003690,코리안리,2025,CFS,IS,보험서비스비용,5570274166565.0,,
00113191,003690,코리안리,2024,CFS,IS,보험서비스비용,5662071885546.0,,
00113191,003690,코리안리,2023,CFS,IS,보험서비스비용,6059212043154.0,,
00113191,003690,코리안리,2025,CFS,IS,보험서비스비용,4208561973996.0,,
00113191,003690,코리안리,2024,CFS,IS,보험서비스비용,4189272442672.0,,
00113191,003690,코리안리,2023,CFS,IS,보험서비스비용,4406547952264.0,,
00113191,003690,코리안리,2025,CFS,IS,투자손익,243174614465.0,,
00113191,003690,코리안리,2024,CFS,IS,투자손익,206023121996.0,,
00113191,003690,코리안리,2023,CFS,IS,투자손익,157656045607.0,,
00113191,003690,코리안리,2025,CFS,IS,이자수익,326465820390.0,,
00113191,003690,코리안리,2024,CFS,IS,이자수익,292313147496.0,,
00113191,003690,코리안리,2023,CFS,IS,이자수익,242625573159.0,,
00113191,003690,코리안리,2025,CFS,IS,이자비용,924128227.0,,
00113191,003690,코리안리,2024,CFS,IS,이자비용,418029228.0,,
00113191,003690,코리안리,2023,CFS,IS,이자비용,358681803.0,,
00113191,003690,코리안리,2025,CFS,IS,영업이익,470938604768.0,,
00113191,003690,코리안리,2024,CFS,IS,영업이익,405432507241.0,,
00113191,003690,코리안리,2023,CFS,IS,영업이익,363673397057.0,,
00113191,003690,코리안리,2025,CFS,IS,법인세비용차감전순이익,462277065916.0,,
00113191,003690,코리안리,2024,CFS,IS,법인세비용차감전순이익,398814986577.0,,
00113191,003690,코리안리,2023,CFS,IS,법인세비용차감전순이익,361436331818.0,,
00113191,003690,코리안리,2025,CFS,IS,당기순이익,322041488493.0,,
00113191,003690,코리안리,2024,CFS,IS,당기순이익,316671748113.0,,
00113191,003690,코리안리,2023,CFS,IS,당기순이익,283868821363.0,,
00113058,088350,한화생명,2025,CFS,BS,현금및현금성자산,3103115000000.0,,
00113058,088350,한화생명,2024,CFS,BS,현금및현금성자산,2438417000000.0,,
00113058,088350,한화생명,2023,CFS,BS,현금및현금성자산,3670919000000.0,,
00113058,088350,한화생명,2025,CFS,BS,대출채권,29153738000000.0,,
00113058,088350,한화생명,2024,CFS,BS,대출채권,21492240000000.0,,
00113058,088350,한화생명,2023,CFS,BS,대출채권,22527082000000.0,,
00113058,088350,한화생명,2025,CFS,BS,자산총계,178534378000000.0,,
00113058,088350,한화생명,2024,CFS,BS,자산총계,160146432000000.0,,
00113058,088350,한화생명,2023,CFS,BS,자산총계,147901843000000.0,,
00113058,088350,한화생명,2025,CFS,BS,보험계약부채,113103080000000.0,,
00113058,088350,한화생명,2024,CFS,BS,보험계약부채,113097218000000.0,,
00113058,088350,한화생명,2023,CFS,BS,보험계약부채,103102707000000.0,,
00113058,088350,한화생명,2025,CFS,BS,예수부채,6537807000000.0,,
00113058,088350,한화생명,2024,CFS,BS,예수부채,2057983000000.0,,
00113058,088350,한화생명,2023,CFS,BS,예수부채,0.0,,
00113058,088350,한화생명,2025,CFS,BS,부채총계,161910993000000.0,,
00113058,088350,한화생명,2024,CFS,BS,부채총계,145845717000000.0,,
00113058,088350,한화생명,2023,CFS,BS,부채총계,132426755000000.0,,
00113058,088350,한화생명,2025,CFS,BS,자본총계,16623385000000.0,,
00113058,088350,한화생명,2024,CFS,BS,자본총계,14300715000000.0,,
00113058,088350,한화생명,2023,CFS,BS,자본총계,15475088000000.0,,
00113058,088350,한화생명,2025,CFS,IS,보험손익,623876000000.0,,
00113058,088350,한화생명,2024,CFS,IS,보험손익,834723000000.0,,
00113058,088350,한화생명,2023,CFS,IS,보험손익,848855000000.0,,
00113058,088350,한화생명,2025,CFS,IS,보험영업수익,12145166000000.0,,
00113058,088350,한화생명,2024,CFS,IS,보험영업수익,10875381000000.0,,
00113058,088350,한화생명,2023,CFS,IS,보험영업수익,10409105000000.0,,
00113058,088350,한화생명,2025,CFS,IS,보험수익,11509483000000.0,,
00113058,088350,한화생명,2024,CFS,IS,보험수익,10565133000000.0,,
00113058,088350,한화생명,2023,CFS,IS,보험수익,9790071000000.0,,
00113058,088350,한화생명,2025,CFS,IS,보험서비스비용,11521290000000.0,,
00113058,088350,한화생명,2024,CFS,IS,보험서비스비용,10040658000000.0,,
00113058,088350,한화생명,2023,CFS,IS,보험서비스비용,9560250000000.0,,
00113058,088350,한화생명,2025,CFS,IS,보험서비스비용,10665491000000.0,,
00113058,088350,한화생명,2024,CFS,IS,보험서비스비용,9128329000000.0,,
00113058,088350,한화생명,2023,CFS,IS,보험서비스비용,8558566000000.0,,
00113058,088350,한화생명,2025,CFS,IS,투자손익,523374000000.0,,
00113058,088350,한화생명,2024,CFS,IS,투자손익,262242000000.0,,
00113058,088350,한화생명,2023,CFS,IS,투자손익,208189000000.0,,
00113058,088350,한화생명,2025,CFS,IS,이자수익,4280514000000.0,,
00113058,088350,한화생명,2024,CFS,IS,이자수익,3639773000000.0,,
00113058,088350,한화생명,2023,CFS,IS,이자수익,3717244000000.0,,
00113058,088350,한화생명,2025,CFS,IS,이자비용,910756000000.0,,
00113058,088350,한화생명,2024,CFS,IS,이자비용,494482000000.0,,
00113058,088350,한화생명,2023,CFS,IS,이자비용,473412000000.0,,
00113058,088350,한화생명,2025,CFS,IS,영업이익,1147250000000.0,,
00113058,088350,한화생명,2024,CFS,IS,영업이익,1096965000000.0,,
00113058,088350,한화생명,2023,CFS,IS,영업이익,1057044000000.0,,
00113058,088350,한화생명,2025,CFS,IS,법인세비용차감전순이익,1132480000000.0,,
00113058,088350,한화생명,2024,CFS,IS,법인세비용차감전순이익,1172988000000.0,,
00113058,088350,한화생명,2023,CFS,IS,법인세비용차감전순이익,1079636000000.0,,
00113058,088350,한화생명,2025,CFS,IS,당기순이익,836319000000.0,,
00113058,088350,한화생명,2024,CFS,IS,당기순이익,866001000000.0,,
00113058,088350,한화생명,2023,CFS,IS,당기순이익,825981000000.0,,
00135917,000370,한화손해보험,2025,CFS,BS,현금및현금성자산,293589489000.0,,
00135917,000370,한화손해보험,2024,CFS,BS,현금및현금성자산,297181012000.0,,
00135917,000370,한화손해보험,2023,CFS,BS,현금및현금성자산,379524704000.0,,
00135917,000370,한화손해보험,2025,CFS,BS,자산총계,20492834690000.0,,
00135917,000370,한화손해보험,2024,CFS,BS,자산총계,19834160584000.0,,
00135917,000370,한화손해보험,2023,CFS,BS,자산총계,18115263748000.0,,
00135917,000370,한화손해보험,2025,CFS,BS,보험계약부채,15502374763000.0,,
00135917,000370,한화손해보험,2024,CFS,BS,보험계약부채,15391467932000.0,,
00135917,000370,한화손해보험,2023,CFS,BS,보험계약부채,13597437134000.0,,
00135917,000370,한화손해보험,2025,CFS,BS,부채총계,17785254247000.0,,
00135917,000370,한화손해보험,2024,CFS,BS,부채총계,16881077313000.0,,
00135917,000370,한화손해보험,2023,CFS,BS,부채총계,14769484442000.0,,
00135917,000370,한화손해보험,2025,CFS,BS,자본총계,2707580443000.0,,
00135917,000370,한화손해보험,2024,CFS,BS,자본총계,2953083271000.0,,
00135917,000370,한화손해보험,2023,CFS,BS,자본총계,3345779304000.0,,
00135917,000370,한화손해보험,2025,CFS,IS,보험손익,206270457000.0,,
00135917,000370,한화손해보험,2024,CFS,IS,보험손익,282746671000.0,,
00135917,000370,한화손해보험,2023,CFS,IS,보험손익,179806454000.0,,
00135917,000370,한화손해보험,2025,CFS,IS,보험영업수익,6422313692000.0,,
00135917,000370,한화손해보험,2024,CFS,IS,보험영업수익,5572424309000.0,,
00135917,000370,한화손해보험,2023,CFS,IS,보험영업수익,5243192008000.0,,
00135917,000370,한화손해보험,2025,CFS,IS,보험수익,5896366413000.0,,
00135917,000370,한화손해보험,2024,CFS,IS,보험수익,5345132894000.0,,
00135917,000370,한화손해보험,2023,CFS,IS,보험수익,4876520155000.0,,
00135917,000370,한화손해보험,2025,CFS,IS,보험영업비용,6216043235000.0,,
00135917,000370,한화손해보험,2024,CFS,IS,보험영업비용,5289677638000.0,,
00135917,000370,한화손해보험,2023,CFS,IS,보험영업비용,5063385554000.0,,
00135917,000370,한화손해보험,2025,CFS,IS,보험서비스비용,5649345334000.0,,
00135917,000370,한화손해보험,2024,CFS,IS,보험서비스비용,4648142462000.0,,
00135917,000370,한화손해보험,2023,CFS,IS,보험서비스비용,4487055634000.0,,
00135917,000370,한화손해보험,2025,CFS,IS,투자손익,223322075000.0,,
00135917,000370,한화손해보험,2024,CFS,IS,투자손익,152989032000.0,,
00135917,000370,한화손해보험,2023,CFS,IS,투자손익,126717912000.0,,
00135917,000370,한화손해보험,2025,CFS,IS,이자수익,436556120000.0,,
00135917,000370,한화손해보험,2024,CFS,IS,이자수익,403761963000.0,,
00135917,000370,한화손해보험,2023,CFS,IS,이자수익,374169711000.0,,
00135917,000370,한화손해보험,2025,CFS,IS,이자비용,54638817000.0,,
00135917,000370,한화손해보험,2024,CFS,IS,이자비용,22119864000.0,,
00135917,000370,한화손해보험,2023,CFS,IS,이자비용,34752535000.0,,
00135917,000370,한화손해보험,2025,CFS,IS,영업이익,429592532000.0,,
00135917,000370,한화손해보험,2024,CFS,IS,영업이익,435735703000.0,,
00135917,000370,한화손해보험,2023,CFS,IS,영업이익,306524366000.0,,
00135917,000370,한화손해보험,2025,CFS,IS,법인세비용차감전순이익,420545760000.0,,
00135917,000370,한화손해보험,2024,CFS,IS,법인세비용차감전순이익,439489018000.0,,
00135917,000370,한화손해보험,2023,CFS,IS,법인세비용차감전순이익,307596045000.0,,
00135917,000370,한화손해보험,2025,CFS,IS,당기순이익,292332865000.0,,
00135917,000370,한화손해보험,2024,CFS,IS,당기순이익,315967449000.0,,
00135917,000370,한화손해보험,2023,CFS,IS,당기순이익,212756868000.0,,
00164973,001450,현대해상,2025,CFS,BS,현금및현금성자산,1509674177483.0,,
00164973,001450,현대해상,2024,CFS,BS,현금및현금성자산,1447967064247.0,,
00164973,001450,현대해상,2023,CFS,BS,현금및현금성자산,1175076403366.0,,
00164973,001450,현대해상,2025,CFS,BS,자산총계,50429646840633.0,,
00164973,001450,현대해상,2024,CFS,BS,자산총계,48523790593883.0,,
00164973,001450,현대해상,2023,CFS,BS,자산총계,44087986397210.0,,
00164973,001450,현대해상,2025,CFS,BS,보험계약부채,34852333979935.0,,
00164973,001450,현대해상,2024,CFS,BS,보험계약부채,34801593001736.0,,
00164973,001450,현대해상,2023,CFS,BS,보험계약부채,31526201766216.0,,
00164973,001450,현대해상,2025,CFS,BS,부채총계,45272134078160.0,,
00164973,001450,현대해상,2024,CFS,BS,부채총계,43780411936254.0,,
00164973,001450,현대해상,2023,CFS,BS,부채총계,38032630733865.0,,
00164973,001450,현대해상,2025,CFS,BS,자본총계,5157512762473.0,,
00164973,001450,현대해상,2024,CFS,BS,자본총계,4743378657629.0,,
00164973,001450,현대해상,2023,CFS,BS,자본총계,6055355663345.0,,
00164973,001450,현대해상,2025,CFS,IS,보험손익,809045654167.0,,
00164973,001450,현대해상,2024,CFS,IS,보험손익,1434008817988.0,,
00164973,001450,현대해상,2023,CFS,IS,보험손익,907604270316.0,,
00164973,001450,현대해상,2025,CFS,IS,보험영업수익,14726838808840.0,,
00164973,001450,현대해상,2024,CFS,IS,보험영업수익,14072295662281.0,,
00164973,001450,현대해상,2023,CFS,IS,보험영업수익,13436775568269.0,,
00164973,001450,현대해상,2025,CFS,IS,보험수익,14142885317456.0,,
00164973,001450,현대해상,2024,CFS,IS,보험수익,13713461711863.0,,
00164973,001450,현대해상,2023,CFS,IS,보험수익,13124238299168.0,,
00164973,001450,현대해상,2025,CFS,IS,보험영업비용,13917793154673.0,,
00164973,001450,현대해상,2024,CFS,IS,보험영업비용,12638286844293.0,,
00164973,001450,현대해상,2023,CFS,IS,보험영업비용,12529171297953.0,,
00164973,001450,현대해상,2025,CFS,IS,보험서비스비용,12727912935662.0,,
00164973,001450,현대해상,2024,CFS,IS,보험서비스비용,11566630049839.0,,
00164973,001450,현대해상,2023,CFS,IS,보험서비스비용,11498579601571.0,,
00164973,001450,현대해상,2025,CFS,IS,투자손익,848428802999.0,,
00164973,001450,현대해상,2024,CFS,IS,투자손익,248059407141.0,,
00164973,001450,현대해상,2023,CFS,IS,투자손익,248110629207.0,,
00164973,001450,현대해상,2025,CFS,IS,이자비용,271642627615.0,,
00164973,001450,현대해상,2024,CFS,IS,이자비용,203659289389.0,,
00164973,001450,현대해상,2023,CFS,IS,이자비용,218006443530.0,,
00164973,001450,현대해상,2025,CFS,IS,영업이익,1260994493599.0,,
00164973,001450,현대해상,2024,CFS,IS,영업이익,1244069529604.0,,
00164973,001450,현대해상,2023,CFS,IS,영업이익,743483371764.0,,
00164973,001450,현대해상,2025,CFS,IS,법인세비용차감전순이익,1224259774316.0,,
00164973,001450,현대해상,2024,CFS,IS,법인세비용차감전순이익,1199862490833.0,,
00164973,001450,현대해상,2023,CFS,IS,법인세비용차감전순이익,715673322591.0,,
00164973,001450,현대해상,2025,CFS,IS,당기순이익,1019820047983.0,,
00164973,001450,현대해상,2024,CFS,IS,당기순이익,850533055882.0,,
00164973,001450,현대해상,2023,CFS,IS,당기순이익,574444959462.0,,
00115694,016610,DB증권,2025,CFS,BS,현금및현금성자산,722387038192.0,,
00115694,016610,DB증권,2024,CFS,BS,현금및현금성자산,653088730552.0,,
00115694,016610,DB증권,2023,CFS,BS,현금및현금성자산,704628328648.0,,
00115694,016610,DB증권,2025,CFS,BS,자산총계,14264732967843.0,,
00115694,016610,DB증권,2024,CFS,BS,자산총계,10670641837509.0,,
00115694,016610,DB증권,2023,CFS,BS,자산총계,10211959858311.0,,
00115694,016610,DB증권,2025,CFS,BS,예수부채,4468499562491.0,,
00115694,016610,DB증권,2024,CFS,BS,예수부채,3350189481591.0,,
00115694,016610,DB증권,2023,CFS,BS,예수부채,2733901982639.0,,
00115694,016610,DB증권,2025,CFS,BS,차입부채,5038968437324.0,,
00115694,016610,DB증권,2024,CFS,BS,차입부채,3665250851658.0,,
00115694,016610,DB증권,2023,CFS,BS,차입부채,3124604479171.0,,
00115694,016610,DB증권,2025,CFS,BS,발행사채,986064527791.0,,
00115694,016610,DB증권,2024,CFS,BS,발행사채,659152254710.0,,
00115694,016610,DB증권,2023,CFS,BS,발행사채,788689603778.0,,
00115694,016610,DB증권,2025,CFS,BS,부채총계,13001159728772.0,,
00115694,016610,DB증권,2024,CFS,BS,부채총계,9496592720797.0,,
00115694,016610,DB증권,2023,CFS,BS,부채총계,9038074593682.0,,
00115694,016610,DB증권,2025,CFS,BS,자본총계,1263573239071.0,,
00115694,016610,DB증권,2024,CFS,BS,자본총계,1174049116712.0,,
00115694,016610,DB증권,2023,CFS,BS,자본총계,1173885264629.0,,
00115694,016610,DB증권,2025,CFS,IS,수수료수익,258253699004.0,,
00115694,016610,DB증권,2024,CFS,IS,수수료수익,223999368827.0,,
00115694,016610,DB증권,2023,CFS,IS,수수료수익,202545909346.0,,
00115694,016610,DB증권,2025,CFS,IS,이자수익,442618176228.0,,
00115694,016610,DB증권,2024,CFS,IS,이자수익,417175329636.0,,
00115694,016610,DB증권,2023,CFS,IS,이자수익,389093215897.0,,
00115694,016610,DB증권,2025,CFS,IS,수수료비용,48579261711.0,,
00115694,016610,DB증권,2024,CFS,IS,수수료비용,36650590530.0,,
00115694,016610,DB증권,2023,CFS,IS,수수료비용,29685656998.0,,
00115694,016610,DB증권,2025,CFS,IS,이자비용,239966073447.0,,
00115694,016610,DB증권,2024,CFS,IS,이자비용,248362238090.0,,
00115694,016610,DB증권,2023,CFS,IS,이자비용,254143356988.0,,
00115694,016610,DB증권,2025,CFS,IS,영업이익,116698438500.0,,
00115694,016610,DB증권,2024,CFS,IS,영업이익,61858580381.0,,
00115694,016610,DB증권,2023,CFS,IS,영업이익,21296499824.0,,
00115694,016610,DB증권,2025,CFS,IS,법인세비용차감전순이익,116902480849.0,,
00115694,016610,DB증권,2024,CFS,IS,법인세비용차감전순이익,66111718884.0,,
00115694,016610,DB증권,2023,CFS,IS,법인세비용차감전순이익,15740696449.0,,
00115694,016610,DB증권,2025,CFS,IS,당기순이익,95458788281.0,,
00115694,016610,DB증권,2024,CFS,IS,당기순이익,52937573718.0,,
00115694,016610,DB증권,2023,CFS,IS,당기순이익,12526271139.0,,
00330424,078020,LS증권,2025,CFS,BS,현금및예치금,868378022942.0,,
00330424,078020,LS증권,2024,CFS,BS,현금및예치금,745432123490.0,,
00330424,078020,LS증권,2023,CFS,BS,현금및예치금,450823065571.0,,
00330424,078020,LS증권,2025,CFS,BS,대출채권,1094559462364.0,,
00330424,078020,LS증권,2024,CFS,BS,대출채권,1174978511804.0,,
00330424,078020,LS증권,2023,CFS,BS,대출채권,1083923182444.0,,
00330424,078020,LS증권,2025,CFS,BS,자산총계,10389051092028.0,,
00330424,078020,LS증권,2024,CFS,BS,자산총계,8779672481348.0,,
00330424,078020,LS증권,2023,CFS,BS,자산총계,7787183905719.0,,
00330424,078020,LS증권,2025,CFS,BS,예수부채,2581554576194.0,,
00330424,078020,LS증권,2024,CFS,BS,예수부채,1642274514103.0,,
00330424,078020,LS증권,2023,CFS,BS,예수부채,1098723511554.0,,
00330424,078020,LS증권,2025,CFS,BS,부채총계,9510301483931.0,,
00330424,078020,LS증권,2024,CFS,BS,부채총계,7908255208770.0,,
00330424,078020,LS증권,2023,CFS,BS,부채총계,6851763331999.0,,
00330424,078020,LS증권,2025,CFS,BS,자본총계,878749608097.0,,
00330424,078020,LS증권,2024,CFS,BS,자본총계,871417272578.0,,
00330424,078020,LS증권,2023,CFS,BS,자본총계,935420573720.0,,
00330424,078020,LS증권,2025,CFS,IS,수수료수익,147744018111.0,,
00330424,078020,LS증권,2024,CFS,IS,수수료수익,122108354868.0,,
00330424,078020,LS증권,2023,CFS,IS,수수료수익,133929632077.0,,
00330424,078020,LS증권,2025,CFS,IS,이자수익,222462131242.0,,
00330424,078020,LS증권,2024,CFS,IS,이자수익,227905122761.0,,
00330424,078020,LS증권,2023,CFS,IS,이자수익,205524995839.0,,
00330424,078020,LS증권,2025,CFS,IS,수수료비용,48259563143.0,,
00330424,078020,LS증권,2024,CFS,IS,수수료비용,43538175249.0,,
00330424,078020,LS증권,2023,CFS,IS,수수료비용,49024725729.0,,
00330424,078020,LS증권,2025,CFS,IS,이자비용,177969387766.0,,
00330424,078020,LS증권,2024,CFS,IS,이자비용,210274595346.0,,
00330424,078020,LS증권,2023,CFS,IS,이자비용,163613303257.0,,
00330424,078020,LS증권,2025,CFS,IS,영업이익,22221062198.0,,
00330424,078020,LS증권,2024,CFS,IS,영업이익,21808378131.0,,
00330424,078020,LS증권,2023,CFS,IS,영업이익,33193031920.0,,
00330424,078020,LS증권,2025,CFS,IS,법인세비용차감전순이익,29759691025.0,,
00330424,078020,LS증권,2024,CFS,IS,법인세비용차감전순이익,20489577926.0,,
00330424,078020,LS증권,2023,CFS,IS,법인세비용차감전순이익,38344258475.0,,
00330424,078020,LS증권,2025,CFS,IS,당기순이익,22950195767.0,,
00330424,078020,LS증권,2024,CFS,IS,당기순이익,16619942808.0,,
00330424,078020,LS증권,2023,CFS,IS,당기순이익,28660804236.0,,
00120182,005940,NH투자증권,2025,CFS,BS,현금및현금성자산,2630830000000.0,,
00120182,005940,NH투자증권,2024,CFS,BS,현금및현금성자산,1584469000000.0,,
00120182,005940,NH투자증권,2023,CFS,BS,현금및현금성자산,2175480000000.0,,
00120182,005940,NH투자증권,2025,CFS,BS,자산총계,83385398000000.0,,
00120182,005940,NH투자증권,2024,CFS,BS,자산총계,62427065000000.0,,
00120182,005940,NH투자증권,2023,CFS,BS,자산총계,56697893000000.0,,
00120182,005940,NH투자증권,2025,CFS,BS,예수부채,13001131000000.0,,
00120182,005940,NH투자증권,2024,CFS,BS,예수부채,7971818000000.0,,
00120182,005940,NH투자증권,2023,CFS,BS,예수부채,7177425000000.0,,
00120182,005940,NH투자증권,2025,CFS,BS,차입부채,32673430000000.0,,
00120182,005940,NH투자증권,2024,CFS,BS,차입부채,24446513000000.0,,
00120182,005940,NH투자증권,2023,CFS,BS,차입부채,18919143000000.0,,
00120182,005940,NH투자증권,2025,CFS,BS,발행사채,4707188000000.0,,
00120182,005940,NH투자증권,2024,CFS,BS,발행사채,2850402000000.0,,
00120182,005940,NH투자증권,2023,CFS,BS,발행사채,2914953000000.0,,
00120182,005940,NH투자증권,2025,CFS,BS,부채총계,73947294000000.0,,
00120182,005940,NH투자증권,2024,CFS,BS,부채총계,54307696000000.0,,
00120182,005940,NH투자증권,2023,CFS,BS,부채총계,49084465000000.0,,
00120182,005940,NH투자증권,2025,CFS,BS,자본총계,9438104000000.0,,
00120182,005940,NH투자증권,2024,CFS,BS,자본총계,8119369000000.0,,
00120182,005940,NH투자증권,2023,CFS,BS,자본총계,7613428000000.0,,
00120182,005940,NH투자증권,2025,CFS,IS,순수수료손익,1211726000000.0,,
00120182,005940,NH투자증권,2024,CFS,IS,순수수료손익,954676000000.0,,
00120182,005940,NH투자증권,2023,CFS,IS,순수수료손익,789280000000.0,,
00120182,005940,NH투자증권,2025,CFS,IS,수수료수익,1552689000000.0,,
00120182,005940,NH투자증권,2024,CFS,IS,수수료수익,1178025000000.0,,
00120182,005940,NH투자증권,2023,CFS,IS,수수료수익,1039083000000.0,,
00120182,005940,NH투자증권,2025,CFS,IS,수수료비용,340963000000.0,,
00120182,005940,NH투자증권,2024,CFS,IS,수수료비용,223349000000.0,,
00120182,005940,NH투자증권,2023,CFS,IS,수수료비용,249803000000.0,,
00120182,005940,NH투자증권,2025,CFS,IS,순이자손익,953761000000.0,,
00120182,005940,NH투자증권,2024,CFS,IS,순이자손익,801775000000.0,,
00120182,005940,NH투자증권,2023,CFS,IS,순이자손익,791317000000.0,,
00120182,005940,NH투자증권,2025,CFS,IS,이자수익,1969190000000.0,,
00120182,005940,NH투자증권,2024,CFS,IS,이자수익,1740437000000.0,,
00120182,005940,NH투자증권,2023,CFS,IS,이자수익,1612284000000.0,,
00120182,005940,NH투자증권,2025,CFS,IS,이자비용,1015429000000.0,,
00120182,005940,NH투자증권,2024,CFS,IS,이자비용,938662000000.0,,
00120182,005940,NH투자증권,2023,CFS,IS,이자비용,820967000000.0,,
00120182,005940,NH투자증권,2025,CFS,IS,영업이익,1420580000000.0,,
00120182,005940,NH투자증권,2024,CFS,IS,영업이익,901069000000.0,,
00120182,005940,NH투자증권,2023,CFS,IS,영업이익,725757000000.0,,
00120182,005940,NH투자증권,2025,CFS,IS,법인세비용차감전순이익,1347737000000.0,,
00120182,005940,NH투자증권,2024,CFS,IS,법인세비용차감전순이익,924857000000.0,,
00120182,005940,NH투자증권,2023,CFS,IS,법인세비용차감전순이익,720729000000.0,,
00120182,005940,NH투자증권,2025,CFS,IS,당기순이익,1031501000000.0,,
00120182,005940,NH투자증권,2024,CFS,IS,당기순이익,686638000000.0,,
00120182,005940,NH투자증권,2023,CFS,IS,당기순이익,553048000000.0,,
00131850,001510,SK증권,2025,CFS,BS,현금및예치금,610882415885.0,,
00131850,001510,SK증권,2024,CFS,BS,현금및예치금,440425377099.0,,
00131850,001510,SK증권,2023,CFS,BS,현금및예치금,426379899624.0,,
00131850,001510,SK증권,2025,CFS,BS,대출채권,1134089784770.0,,
00131850,001510,SK증권,2024,CFS,BS,대출채권,1168976010133.0,,
00131850,001510,SK증권,2023,CFS,BS,대출채권,1208147072236.0,,
00131850,001510,SK증권,2025,CFS,BS,자산총계,6859536112248.0,,
00131850,001510,SK증권,2024,CFS,BS,자산총계,6109295395638.0,,
00131850,001510,SK증권,2023,CFS,BS,자산총계,6449093771600.0,,
00131850,001510,SK증권,2025,CFS,BS,예수부채,1136859511660.0,,
00131850,001510,SK증권,2024,CFS,BS,예수부채,852200701891.0,,
00131850,001510,SK증권,2023,CFS,BS,예수부채,1037579483729.0,,
00131850,001510,SK증권,2025,CFS,BS,차입부채,3261997445060.0,,
00131850,001510,SK증권,2024,CFS,BS,차입부채,2951766924635.0,,
00131850,001510,SK증권,2023,CFS,BS,차입부채,3111834437973.0,,
00131850,001510,SK증권,2025,CFS,BS,부채총계,6254917857647.0,,
00131850,001510,SK증권,2024,CFS,BS,부채총계,5550018800036.0,,
00131850,001510,SK증권,2023,CFS,BS,부채총계,5801855293366.0,,
00131850,001510,SK증권,2025,CFS,BS,자본총계,604618254601.0,,
00131850,001510,SK증권,2024,CFS,BS,자본총계,559276595602.0,,
00131850,001510,SK증권,2023,CFS,BS,자본총계,647238478234.0,,
00131850,001510,SK증권,2025,CFS,IS,순수수료손익,232860989804.0,,
00131850,001510,SK증권,2024,CFS,IS,순수수료손익,147121203255.0,,
00131850,001510,SK증권,2023,CFS,IS,순수수료손익,172874210756.0,,
00131850,001510,SK증권,2025,CFS,IS,수수료수익,245441889296.0,,
00131850,001510,SK증권,2024,CFS,IS,수수료수익,155780539274.0,,
00131850,001510,SK증권,2023,CFS,IS,수수료수익,183800175684.0,,
00131850,001510,SK증권,2025,CFS,IS,수수료비용,-12580899492.0,,
00131850,001510,SK증권,2024,CFS,IS,수수료비용,-8659336019.0,,
00131850,001510,SK증권,2023,CFS,IS,수수료비용,-10925964928.0,,
00131850,001510,SK증권,2025,CFS,IS,순이자손익,60155716059.0,,
00131850,001510,SK증권,2024,CFS,IS,순이자손익,55504788427.0,,
00131850,001510,SK증권,2023,CFS,IS,순이자손익,37339328164.0,,
00131850,001510,SK증권,2025,CFS,IS,이자수익,185630031108.0,,
00131850,001510,SK증권,2024,CFS,IS,이자수익,209708272149.0,,
00131850,001510,SK증권,2023,CFS,IS,이자수익,204869675108.0,,
00131850,001510,SK증권,2025,CFS,IS,이자비용,-125474315049.0,,
00131850,001510,SK증권,2024,CFS,IS,이자비용,-154203483722.0,,
00131850,001510,SK증권,2023,CFS,IS,이자비용,-167530346944.0,,
00131850,001510,SK증권,2025,CFS,IS,순영업손익,305213473124.0,,
00131850,001510,SK증권,2024,CFS,IS,순영업손익,148295200230.0,,
00131850,001510,SK증권,2023,CFS,IS,순영업손익,262262474599.0,,
00131850,001510,SK증권,2025,CFS,IS,영업이익,7785938575.0,,
00131850,001510,SK증권,2024,CFS,IS,영업이익,-107876388585.0,,
00131850,001510,SK증권,2023,CFS,IS,영업이익,13097857611.0,,
00131850,001510,SK증권,2025,CFS,IS,법인세비용차감전순이익,38406159258.0,,
00131850,001510,SK증권,2024,CFS,IS,법인세비용차감전순이익,-99583044363.0,,
00131850,001510,SK증권,2023,CFS,IS,법인세비용차감전순이익,5881442365.0,,
00131850,001510,SK증권,2025,CFS,IS,당기순이익,28702851671.0,,
00131850,001510,SK증권,2024,CFS,IS,당기순이익,-83270261783.0,,
00131850,001510,SK증권,2023,CFS,IS,당기순이익,3187786850.0,,
00113359,030610,교보증권,2025,CFS,BS,현금및예치금,1106056032000.0,,
00113359,030610,교보증권,2024,CFS,BS,현금및예치금,1226082489000.0,,
00113359,030610,교보증권,2023,CFS,BS,현금및예치금,694253367000.0,,
00113359,030610,교보증권,2025,CFS,BS,대출채권,2330459933000.0,,
00113359,030610,교보증권,2024,CFS,BS,대출채권,2049253687000.0,,
00113359,030610,교보증권,2023,CFS,BS,대출채권,2556775333000.0,,
00113359,030610,교보증권,2025,CFS,BS,자산총계,19271473250000.0,,
00113359,030610,교보증권,2024,CFS,BS,자산총계,15898332583000.0,,
00113359,030610,교보증권,2023,CFS,BS,자산총계,15593363016000.0,,
00113359,030610,교보증권,2025,CFS,BS,예수부채,2438054554000.0,,
00113359,030610,교보증권,2024,CFS,BS,예수부채,1461566200000.0,,
00113359,030610,교보증권,2023,CFS,BS,예수부채,1028633904000.0,,
00113359,030610,교보증권,2025,CFS,BS,차입부채,6504576372000.0,,
00113359,030610,교보증권,2024,CFS,BS,차입부채,5134191774000.0,,
00113359,030610,교보증권,2023,CFS,BS,차입부채,5827180129000.0,,
00113359,030610,교보증권,2025,CFS,BS,부채총계,17152534201000.0,,
00113359,030610,교보증권,2024,CFS,BS,부채총계,13912608589000.0,,
00113359,030610,교보증권,2023,CFS,BS,부채총계,13716088524000.0,,
00113359,030610,교보증권,2025,CFS,BS,자본총계,2118939049000.0,,
00113359,030610,교보증권,2024,CFS,BS,자본총계,1985723994000.0,,
00113359,030610,교보증권,2023,CFS,BS,자본총계,1877274492000.0,,
00113359,030610,교보증권,2025,CFS,IS,수수료수익,291388453000.0,,
00113359,030610,교보증권,2024,CFS,IS,수수료수익,252300263000.0,,
00113359,030610,교보증권,2023,CFS,IS,수수료수익,246476553000.0,,
00113359,030610,교보증권,2025,CFS,IS,이자수익,503183356000.0,,
00113359,030610,교보증권,2024,CFS,IS,이자수익,502487233000.0,,
00113359,030610,교보증권,2023,CFS,IS,이자수익,412469550000.0,,
00113359,030610,교보증권,2025,CFS,IS,수수료비용,54813949000.0,,
00113359,030610,교보증권,2024,CFS,IS,수수료비용,50557421000.0,,
00113359,030610,교보증권,2023,CFS,IS,수수료비용,58553050000.0,,
00113359,030610,교보증권,2025,CFS,IS,이자비용,208180250000.0,,
00113359,030610,교보증권,2024,CFS,IS,이자비용,223847608000.0,,
00113359,030610,교보증권,2023,CFS,IS,이자비용,185845432000.0,,
00113359,030610,교보증권,2025,CFS,IS,영업이익,190443426000.0,,
00113359,030610,교보증권,2024,CFS,IS,영업이익,113926120000.0,,
00113359,030610,교보증권,2023,CFS,IS,영업이익,70278211000.0,,
00113359,030610,교보증권,2025,CFS,IS,법인세비용차감전순이익,191376728000.0,,
00113359,030610,교보증권,2024,CFS,IS,법인세비용차감전순이익,153816555000.0,,
00113359,030610,교보증권,2023,CFS,IS,법인세비용차감전순이익,85775113000.0,,
00113359,030610,교보증권,2025,CFS,IS,당기순이익,142910816000.0,,
00113359,030610,교보증권,2024,CFS,IS,당기순이익,117678416000.0,,
00113359,030610,교보증권,2023,CFS,IS,당기순이익,67558377000.0,,
00156859,030210,다올투자증권,2025,CFS,BS,현금및현금성자산,526137736388.0,,
00156859,030210,다올투자증권,2024,CFS,BS,현금및현금성자산,533703369683.0,,
00156859,030210,다올투자증권,2023,CFS,BS,현금및현금성자산,603826923527.0,,
00156859,030210,다올투자증권,2025,CFS,BS,자산총계,10456674488190.0,,
00156859,030210,다올투자증권,2024,CFS,BS,자산총계,9603169769789.0,,
00156859,030210,다올투자증권,2023,CFS,BS,자산총계,9211837352163.0,,
00156859,030210,다올투자증권,2025,CFS,BS,예수부채,4402946441223.0,,
00156859,030210,다올투자증권,2024,CFS,BS,예수부채,3977163571100.0,,
00156859,030210,다올투자증권,2023,CFS,BS,예수부채,3976002664649.0,,
00156859,030210,다올투자증권,2025,CFS,BS,부채총계,9649595801751.0,,
00156859,030210,다올투자증권,2024,CFS,BS,부채총계,8827179129671.0,,
00156859,030210,다올투자증권,2023,CFS,BS,부채총계,8381319281247.0,,
00156859,030210,다올투자증권,2025,CFS,BS,자본총계,807078686439.0,,
00156859,030210,다올투자증권,2024,CFS,BS,자본총계,775990640118.0,,
00156859,030210,다올투자증권,2023,CFS,BS,자본총계,830518070916.0,,
00156859,030210,다올투자증권,2025,CFS,IS,수수료수익,175939833465.0,,
00156859,030210,다올투자증권,2024,CFS,IS,수수료수익,128145327039.0,,
00156859,030210,다올투자증권,2023,CFS,IS,수수료수익,141311254268.0,,
00156859,030210,다올투자증권,2025,CFS,IS,이자수익,525385340574.0,,
00156859,030210,다올투자증권,2024,CFS,IS,이자수익,558043558176.0,,
00156859,030210,다올투자증권,2023,CFS,IS,이자수익,567332958097.0,,
00156859,030210,다올투자증권,2025,CFS,IS,수수료비용,64126493525.0,,
00156859,030210,다올투자증권,2024,CFS,IS,수수료비용,36720616566.0,,
00156859,030210,다올투자증권,2023,CFS,IS,수수료비용,32059412907.0,,
00156859,030210,다올투자증권,2025,CFS,IS,이자비용,267662756655.0,,
00156859,030210,다올투자증권,2024,CFS,IS,이자비용,312009929642.0,,
00156859,030210,다올투자증권,2023,CFS,IS,이자비용,343664459124.0,,
00156859,030210,다올투자증권,2025,CFS,IS,영업이익,33723214189.0,,
00156859,030210,다올투자증권,2024,CFS,IS,영업이익,-74930396986.0,,
00156859,030210,다올투자증권,2023,CFS,IS,영업이익,-62004542741.0,,
00156859,030210,다올투자증권,2025,CFS,IS,법인세비용차감전순이익,54860091708.0,,
00156859,030210,다올투자증권,2024,CFS,IS,법인세비용차감전순이익,-54241970634.0,,
00156859,030210,다올투자증권,2023,CFS,IS,법인세비용차감전순이익,5745478390.0,,
00156859,030210,다올투자증권,2025,CFS,IS,당기순이익,43856633210.0,,
00156859,030210,다올투자증권,2024,CFS,IS,당기순이익,-45454462330.0,,
00156859,030210,다올투자증권,2023,CFS,IS,당기순이익,-11367972142.0,,
00110893,003540,대신증권,2025,CFS,BS,현금및예치금,4631205233000.0,,
00110893,003540,대신증권,2024,CFS,BS,현금및예치금,2406632887000.0,,
00110893,003540,대신증권,2023,CFS,BS,현금및예치금,2133671221000.0,,
00110893,003540,대신증권,2025,CFS,BS,대출채권,7739636138000.0,,
00110893,003540,대신증권,2024,CFS,BS,대출채권,7543092272000.0,,
00110893,003540,대신증권,2023,CFS,BS,대출채권,5436457760000.0,,
00110893,003540,대신증권,2025,CFS,BS,자산총계,39128864373000.0,,
00110893,003540,대신증권,2024,CFS,BS,자산총계,26396108665000.0,,
00110893,003540,대신증권,2023,CFS,BS,자산총계,22643488792000.0,,
00110893,003540,대신증권,2025,CFS,BS,예수부채,5389249706000.0,,
00110893,003540,대신증권,2024,CFS,BS,예수부채,4154324332000.0,,
00110893,003540,대신증권,2023,CFS,BS,예수부채,4312498079000.0,,
00110893,003540,대신증권,2025,CFS,BS,차입부채,14806227019000.0,,
00110893,003540,대신증권,2024,CFS,BS,차입부채,11345179030000.0,,
00110893,003540,대신증권,2023,CFS,BS,차입부채,9409501242000.0,,
00110893,003540,대신증권,2025,CFS,BS,부채총계,35071641416000.0,,
00110893,003540,대신증권,2024,CFS,BS,부채총계,23080719628000.0,,
00110893,003540,대신증권,2023,CFS,BS,부채총계,19622059968000.0,,
00110893,003540,대신증권,2025,CFS,BS,자본총계,4057222957000.0,,
00110893,003540,대신증권,2024,CFS,BS,자본총계,3315389037000.0,,
00110893,003540,대신증권,2023,CFS,BS,자본총계,3021428824000.0,,
00110893,003540,대신증권,2025,CFS,IS,수수료수익,508168750000.0,,
00110893,003540,대신증권,2024,CFS,IS,수수료수익,428130525000.0,,
00110893,003540,대신증권,2023,CFS,IS,수수료수익,404094907000.0,,
00110893,003540,대신증권,2025,CFS,IS,이자수익,786365462000.0,,
00110893,003540,대신증권,2024,CFS,IS,이자수익,690766030000.0,,
00110893,003540,대신증권,2023,CFS,IS,이자수익,610153571000.0,,
00110893,003540,대신증권,2025,CFS,IS,수수료비용,76754038000.0,,
00110893,003540,대신증권,2024,CFS,IS,수수료비용,51836011000.0,,
00110893,003540,대신증권,2023,CFS,IS,수수료비용,35793817000.0,,
00110893,003540,대신증권,2025,CFS,IS,이자비용,669185962000.0,,
00110893,003540,대신증권,2024,CFS,IS,이자비용,659064321000.0,,
00110893,003540,대신증권,2023,CFS,IS,이자비용,599432476000.0,,
00110893,003540,대신증권,2025,CFS,IS,영업이익,301402464000.0,,
00110893,003540,대신증권,2024,CFS,IS,영업이익,83593035000.0,,
00110893,003540,대신증권,2023,CFS,IS,영업이익,161317426000.0,,
00110893,003540,대신증권,2025,CFS,IS,법인세비용차감전순이익,264626604000.0,,
00110893,003540,대신증권,2024,CFS,IS,법인세비용차감전순이익,188389487000.0,,
00110893,003540,대신증권,2023,CFS,IS,법인세비용차감전순이익,181219440000.0,,
00110893,003540,대신증권,2025,CFS,IS,당기순이익,186726503000.0,,
00110893,003540,대신증권,2024,CFS,IS,당기순이익,144182139000.0,,
00110893,003540,대신증권,2023,CFS,IS,당기순이익,135831720000.0,,
00111722,006800,미래에셋증권,2025,CFS,BS,현금및현금성자산,1698057000000.0,,
00111722,006800,미래에셋증권,2024,CFS,BS,현금및현금성자산,1932473000000.0,,
00111722,006800,미래에셋증권,2023,CFS,BS,현금및현금성자산,1750886000000.0,,
00111722,006800,미래에셋증권,2025,CFS,BS,자산총계,150283930000000.0,,
00111722,006800,미래에셋증권,2024,CFS,BS,자산총계,137176998000000.0,,
00111722,006800,미래에셋증권,2023,CFS,BS,자산총계,128206948000000.0,,
00111722,006800,미래에셋증권,2025,CFS,BS,예수부채,17887144000000.0,,
00111722,006800,미래에셋증권,2024,CFS,BS,예수부채,12229684000000.0,,
00111722,006800,미래에셋증권,2023,CFS,BS,예수부채,10926684000000.0,,
00111722,006800,미래에셋증권,2025,CFS,BS,차입부채,77102863000000.0,,
00111722,006800,미래에셋증권,2024,CFS,BS,차입부채,77117375000000.0,,
00111722,006800,미래에셋증권,2023,CFS,BS,차입부채,67894577000000.0,,
00111722,006800,미래에셋증권,2025,CFS,BS,발행사채,9756730000000.0,,
00111722,006800,미래에셋증권,2024,CFS,BS,발행사채,7744289000000.0,,
00111722,006800,미래에셋증권,2023,CFS,BS,발행사채,6976336000000.0,,
00111722,006800,미래에셋증권,2025,CFS,BS,부채총계,136805727000000.0,,
00111722,006800,미래에셋증권,2024,CFS,BS,부채총계,124913290000000.0,,
00111722,006800,미래에셋증권,2023,CFS,BS,부채총계,116938446000000.0,,
00111722,006800,미래에셋증권,2025,CFS,BS,자본총계,13478203000000.0,,
00111722,006800,미래에셋증권,2024,CFS,BS,자본총계,12263708000000.0,,
00111722,006800,미래에셋증권,2023,CFS,BS,자본총계,11268502000000.0,,
00111722,006800,미래에셋증권,2025,CFS,IS,수수료수익,1951371000000.0,,
00111722,006800,미래에셋증권,2024,CFS,IS,수수료수익,1308008000000.0,,
00111722,006800,미래에셋증권,2023,CFS,IS,수수료수익,1137604000000.0,,
00111722,006800,미래에셋증권,2025,CFS,IS,이자수익,6283561000000.0,,
00111722,006800,미래에셋증권,2024,CFS,IS,이자수익,5805279000000.0,,
00111722,006800,미래에셋증권,2023,CFS,IS,이자수익,4313760000000.0,,
00111722,006800,미래에셋증권,2025,CFS,IS,수수료비용,652894000000.0,,
00111722,006800,미래에셋증권,2024,CFS,IS,수수료비용,265991000000.0,,
00111722,006800,미래에셋증권,2023,CFS,IS,수수료비용,237998000000.0,,
00111722,006800,미래에셋증권,2025,CFS,IS,이자비용,5704046000000.0,,
00111722,006800,미래에셋증권,2024,CFS,IS,이자비용,5420668000000.0,,
00111722,006800,미래에셋증권,2023,CFS,IS,이자비용,3949032000000.0,,
00111722,006800,미래에셋증권,2025,CFS,IS,영업이익,1915104000000.0,,
00111722,006800,미래에셋증권,2024,CFS,IS,영업이익,1188076000000.0,,
00111722,006800,미래에셋증권,2023,CFS,IS,영업이익,521037000000.0,,
00111722,006800,미래에셋증권,2025,CFS,IS,법인세비용차감전순이익,2079352000000.0,,
00111722,006800,미래에셋증권,2024,CFS,IS,법인세비용차감전순이익,1224458000000.0,,
00111722,006800,미래에셋증권,2023,CFS,IS,법인세비용차감전순이익,374165000000.0,,
00111722,006800,미래에셋증권,2025,CFS,IS,당기순이익,1582916000000.0,,
00111722,006800,미래에셋증권,2024,CFS,IS,당기순이익,925470000000.0,,
00111722,006800,미래에셋증권,2023,CFS,IS,당기순이익,333238000000.0,,
00123772,001270,부국증권,2025,CFS,BS,현금및예치금,280879077039.0,,
00123772,001270,부국증권,2024,CFS,BS,현금및예치금,242058337200.0,,
00123772,001270,부국증권,2023,CFS,BS,현금및예치금,223504161027.0,,
00123772,001270,부국증권,2025,CFS,BS,대출채권,66424035740.0,,
00123772,001270,부국증권,2024,CFS,BS,대출채권,109369747502.0,,
00123772,001270,부국증권,2023,CFS,BS,대출채권,125421212279.0,,
00123772,001270,부국증권,2025,CFS,BS,자산총계,1811920840036.0,,
00123772,001270,부국증권,2024,CFS,BS,자산총계,1651368375233.0,,
00123772,001270,부국증권,2023,CFS,BS,자산총계,1770492019487.0,,
00123772,001270,부국증권,2025,CFS,BS,예수부채,54036551737.0,,
00123772,001270,부국증권,2024,CFS,BS,예수부채,35618328596.0,,
00123772,001270,부국증권,2023,CFS,BS,예수부채,39789953844.0,,
00123772,001270,부국증권,2025,CFS,BS,부채총계,978659889416.0,,
00123772,001270,부국증권,2024,CFS,BS,부채총계,881102905317.0,,
00123772,001270,부국증권,2023,CFS,BS,부채총계,1012607100628.0,,
00123772,001270,부국증권,2025,CFS,BS,자본총계,833260950620.0,,
00123772,001270,부국증권,2024,CFS,BS,자본총계,770265469916.0,,
00123772,001270,부국증권,2023,CFS,BS,자본총계,757884918859.0,,
00123772,001270,부국증권,2025,CFS,IS,수수료수익,96311645270.0,,
00123772,001270,부국증권,2024,CFS,IS,수수료수익,78505404284.0,,
00123772,001270,부국증권,2023,CFS,IS,수수료수익,102778869674.0,,
00123772,001270,부국증권,2025,CFS,IS,이자수익,119681520452.0,,
00123772,001270,부국증권,2024,CFS,IS,이자수익,130309031549.0,,
00123772,001270,부국증권,2023,CFS,IS,이자수익,105808757444.0,,
00123772,001270,부국증권,2025,CFS,IS,수수료비용,13945783276.0,,
00123772,001270,부국증권,2024,CFS,IS,수수료비용,9894067810.0,,
00123772,001270,부국증권,2023,CFS,IS,수수료비용,9463155275.0,,
00123772,001270,부국증권,2025,CFS,IS,이자비용,101136586998.0,,
00123772,001270,부국증권,2024,CFS,IS,이자비용,104379578051.0,,
00123772,001270,부국증권,2023,CFS,IS,이자비용,92736917563.0,,
00123772,001270,부국증권,2025,CFS,IS,영업이익,56777193314.0,,
00123772,001270,부국증권,2024,CFS,IS,영업이익,36674404410.0,,
00123772,001270,부국증권,2023,CFS,IS,영업이익,69108709126.0,,
00123772,001270,부국증권,2025,CFS,IS,법인세비용차감전순이익,59464827718.0,,
00123772,001270,부국증권,2024,CFS,IS,법인세비용차감전순이익,41200930102.0,,
00123772,001270,부국증권,2023,CFS,IS,법인세비용차감전순이익,73634606435.0,,
00123772,001270,부국증권,2025,CFS,IS,당기순이익,45640937410.0,,
00123772,001270,부국증권,2024,CFS,IS,당기순이익,30952554750.0,,
00123772,001270,부국증권,2023,CFS,IS,당기순이익,57306543254.0,,
00104856,016360,삼성증권,2025,CFS,BS,현금및현금성자산,3379830380886.0,,
00104856,016360,삼성증권,2024,CFS,BS,현금및현금성자산,2960654635950.0,,
00104856,016360,삼성증권,2023,CFS,BS,현금및현금성자산,1835274719152.0,,
00104856,016360,삼성증권,2025,CFS,BS,자산총계,79683213004622.0,,
00104856,016360,삼성증권,2024,CFS,BS,자산총계,62273916116630.0,,
00104856,016360,삼성증권,2023,CFS,BS,자산총계,56507909508834.0,,
00104856,016360,삼성증권,2025,CFS,BS,예수부채,22018426813432.0,,
00104856,016360,삼성증권,2024,CFS,BS,예수부채,16288371043637.0,,
00104856,016360,삼성증권,2023,CFS,BS,예수부채,14570487644962.0,,
00104856,016360,삼성증권,2025,CFS,BS,차입부채,25338771946571.0,,
00104856,016360,삼성증권,2024,CFS,BS,차입부채,19915227457681.0,,
00104856,016360,삼성증권,2023,CFS,BS,차입부채,17124369621668.0,,
00104856,016360,삼성증권,2025,CFS,BS,발행사채,4076142290150.0,,
00104856,016360,삼성증권,2024,CFS,BS,발행사채,2575789115918.0,,
00104856,016360,삼성증권,2023,CFS,BS,발행사채,2590364399835.0,,
00104856,016360,삼성증권,2025,CFS,BS,부채총계,71615157044752.0,,
00104856,016360,삼성증권,2024,CFS,BS,부채총계,54949703002180.0,,
00104856,016360,삼성증권,2023,CFS,BS,부채총계,49885200114300.0,,
00104856,016360,삼성증권,2025,CFS,BS,자본총계,8068055959870.0,,
00104856,016360,삼성증권,2024,CFS,BS,자본총계,7324213114450.0,,
00104856,016360,삼성증권,2023,CFS,BS,자본총계,6622709394534.0,,
00104856,016360,삼성증권,2025,CFS,IS,순수수료손익,1183565642411.0,,
00104856,016360,삼성증권,2024,CFS,IS,순수수료손익,948541876681.0,,
00104856,016360,삼성증권,2023,CFS,IS,순수수료손익,798866070389.0,,
00104856,016360,삼성증권,2025,CFS,IS,수수료수익,1420409774748.0,,
00104856,016360,삼성증권,2024,CFS,IS,수수료수익,1146627595048.0,,
00104856,016360,삼성증권,2023,CFS,IS,수수료수익,1000019189708.0,,
00104856,016360,삼성증권,2025,CFS,IS,수수료비용,-236844132337.0,,
00104856,016360,삼성증권,2024,CFS,IS,수수료비용,-198085718367.0,,
00104856,016360,삼성증권,2023,CFS,IS,수수료비용,-201153119319.0,,
00104856,016360,삼성증권,2025,CFS,IS,순이자손익,712575604140.0,,
00104856,016360,삼성증권,2024,CFS,IS,순이자손익,668147980003.0,,
00104856,016360,삼성증권,2023,CFS,IS,순이자손익,649202061572.0,,
00104856,016360,삼성증권,2025,CFS,IS,이자수익,1670057300671.0,,
00104856,016360,삼성증권,2024,CFS,IS,이자수익,1691960043439.0,,
00104856,016360,삼성증권,2023,CFS,IS,이자수익,1610761146377.0,,
00104856,016360,삼성증권,2025,CFS,IS,이자비용,-957481696531.0,,
00104856,016360,삼성증권,2024,CFS,IS,이자비용,-1023812063436.0,,
00104856,016360,삼성증권,2023,CFS,IS,이자비용,-961559084805.0,,
00104856,016360,삼성증권,2025,CFS,IS,순영업손익,2520085248118.0,,
00104856,016360,삼성증권,2024,CFS,IS,순영업손익,2239778330289.0,,
00104856,016360,삼성증권,2023,CFS,IS,순영업손익,1647003027855.0,,
00104856,016360,삼성증권,2025,CFS,IS,영업이익,1375673177021.0,,
00104856,016360,삼성증권,2024,CFS,IS,영업이익,1205750469446.0,,
00104856,016360,삼성증권,2023,CFS,IS,영업이익,741117973834.0,,
00104856,016360,삼성증권,2025,CFS,IS,법인세비용차감전순이익,1357428154131.0,,
00104856,016360,삼성증권,2024,CFS,IS,법인세비용차감전순이익,1209626217158.0,,
00104856,016360,삼성증권,2023,CFS,IS,법인세비용차감전순이익,746814559536.0,,
00104856,016360,삼성증권,2025,CFS,IS,당기순이익,1007226734146.0,,
00104856,016360,삼성증권,2024,CFS,IS,당기순이익,899037889864.0,,
00104856,016360,삼성증권,2023,CFS,IS,당기순이익,547405708396.0,,
00112059,001290,상상인증권,2025,CFS,BS,현금및현금성자산,94073396040.0,,
00112059,001290,상상인증권,2024,CFS,BS,현금및현금성자산,11440557129.0,,
00112059,001290,상상인증권,2023,CFS,BS,현금및현금성자산,90080815230.0,,
00112059,001290,상상인증권,2025,CFS,BS,현금및예치금,181611317972.0,,
00112059,001290,상상인증권,2024,CFS,BS,현금및예치금,58325690883.0,,
00112059,001290,상상인증권,2023,CFS,BS,현금및예치금,13126491490.0,,
00112059,001290,상상인증권,2025,CFS,BS,자산총계,1244672349888.0,,
00112059,001290,상상인증권,2024,CFS,BS,자산총계,1230922556862.0,,
00112059,001290,상상인증권,2023,CFS,BS,자산총계,2173761439448.0,,
00112059,001290,상상인증권,2025,CFS,BS,예수부채,195342821930.0,,
00112059,001290,상상인증권,2024,CFS,BS,예수부채,36630866725.0,,
00112059,001290,상상인증권,2023,CFS,BS,예수부채,41661795096.0,,
00112059,001290,상상인증권,2025,CFS,BS,부채총계,1049277152809.0,,
00112059,001290,상상인증권,2024,CFS,BS,부채총계,1049832859211.0,,
00112059,001290,상상인증권,2023,CFS,BS,부채총계,1939613651597.0,,
00112059,001290,상상인증권,2025,CFS,BS,자본총계,195395197079.0,,
00112059,001290,상상인증권,2024,CFS,BS,자본총계,181089697651.0,,
00112059,001290,상상인증권,2023,CFS,BS,자본총계,234147787851.0,,
00112059,001290,상상인증권,2025,CFS,IS,수수료수익,35307333080.0,,
00112059,001290,상상인증권,2024,CFS,IS,수수료수익,39726564530.0,,
00112059,001290,상상인증권,2023,CFS,IS,수수료수익,33245989227.0,,
00112059,001290,상상인증권,2025,CFS,IS,이자수익,31380471187.0,,
00112059,001290,상상인증권,2024,CFS,IS,이자수익,48981260362.0,,
00112059,001290,상상인증권,2023,CFS,IS,이자수익,48445576458.0,,
00112059,001290,상상인증권,2025,CFS,IS,수수료비용,2723413787.0,,
00112059,001290,상상인증권,2024,CFS,IS,수수료비용,5237932569.0,,
00112059,001290,상상인증권,2023,CFS,IS,수수료비용,3849565156.0,,
00112059,001290,상상인증권,2025,CFS,IS,이자비용,24462232334.0,,
00112059,001290,상상인증권,2024,CFS,IS,이자비용,51168588452.0,,
00112059,001290,상상인증권,2023,CFS,IS,이자비용,37792416219.0,,
00112059,001290,상상인증권,2025,CFS,IS,영업이익,-9089480944.0,,
00112059,001290,상상인증권,2024,CFS,IS,영업이익,-49707791308.0,,
00112059,001290,상상인증권,2023,CFS,IS,영업이익,961727538.0,,
00112059,001290,상상인증권,2025,CFS,IS,법인세비용차감전순이익,-7949602968.0,,
00112059,001290,상상인증권,2024,CFS,IS,법인세비용차감전순이익,-48933106270.0,,
00112059,001290,상상인증권,2023,CFS,IS,법인세비용차감전순이익,691955297.0,,
00112059,001290,상상인증권,2025,CFS,IS,당기순이익,-5856970937.0,,
00112059,001290,상상인증권,2024,CFS,IS,당기순이익,-47346647857.0,,
00112059,001290,상상인증권,2023,CFS,IS,당기순이익,487236451.0,,
00136721,001720,신영증권,2026,CFS,BS,현금및예치금,753225325320.0,,
00136721,001720,신영증권,2025,CFS,BS,현금및예치금,984965942092.0,,
00136721,001720,신영증권,2024,CFS,BS,현금및예치금,539962194487.0,,
00136721,001720,신영증권,2026,CFS,BS,자산총계,12859822106463.0,,
00136721,001720,신영증권,2025,CFS,BS,자산총계,10379574597460.0,,
00136721,001720,신영증권,2024,CFS,BS,자산총계,10609935089040.0,,
00136721,001720,신영증권,2026,CFS,BS,예수부채,255307006360.0,,
00136721,001720,신영증권,2025,CFS,BS,예수부채,287321883652.0,,
00136721,001720,신영증권,2024,CFS,BS,예수부채,141261026012.0,,
00136721,001720,신영증권,2026,CFS,BS,차입부채,6267599544612.0,,
00136721,001720,신영증권,2025,CFS,BS,차입부채,5366387991460.0,,
00136721,001720,신영증권,2024,CFS,BS,차입부채,4887603142811.0,,
00136721,001720,신영증권,2026,CFS,BS,부채총계,10809510341521.0,,
00136721,001720,신영증권,2025,CFS,BS,부채총계,8546880622161.0,,
00136721,001720,신영증권,2024,CFS,BS,부채총계,8921462823065.0,,
00136721,001720,신영증권,2026,CFS,BS,자본총계,2050311764942.0,,
00136721,001720,신영증권,2025,CFS,BS,자본총계,1832693975299.0,,
00136721,001720,신영증권,2024,CFS,BS,자본총계,1688472265975.0,,
00136721,001720,신영증권,2026,CFS,IS,수수료수익,176815849568.0,,
00136721,001720,신영증권,2025,CFS,IS,수수료수익,144386081502.0,,
00136721,001720,신영증권,2024,CFS,IS,수수료수익,151195054600.0,,
00136721,001720,신영증권,2026,CFS,IS,이자수익,296652029526.0,,
00136721,001720,신영증권,2025,CFS,IS,이자수익,312015769522.0,,
00136721,001720,신영증권,2024,CFS,IS,이자수익,321899677873.0,,
00136721,001720,신영증권,2026,CFS,IS,수수료비용,13698239048.0,,
00136721,001720,신영증권,2025,CFS,IS,수수료비용,5648370247.0,,
00136721,001720,신영증권,2024,CFS,IS,수수료비용,7177478440.0,,
00136721,001720,신영증권,2026,CFS,IS,이자비용,182291611087.0,,
00136721,001720,신영증권,2025,CFS,IS,이자비용,211522077540.0,,
00136721,001720,신영증권,2024,CFS,IS,이자비용,189236796820.0,,
00136721,001720,신영증권,2026,CFS,IS,영업이익,195838930804.0,,
00136721,001720,신영증권,2025,CFS,IS,영업이익,136145617008.0,,
00136721,001720,신영증권,2024,CFS,IS,영업이익,170377256793.0,,
00136721,001720,신영증권,2026,CFS,IS,법인세비용차감전순이익,202780379054.0,,
00136721,001720,신영증권,2025,CFS,IS,법인세비용차감전순이익,149238436657.0,,
00136721,001720,신영증권,2024,CFS,IS,법인세비용차감전순이익,182321572128.0,,
00136721,001720,신영증권,2026,CFS,IS,당기순이익,156126127423.0,,
00136721,001720,신영증권,2025,CFS,IS,당기순이익,112278184228.0,,
00136721,001720,신영증권,2024,CFS,IS,당기순이익,149387962241.0,,
00117601,003470,유안타증권,2025,CFS,BS,현금및예치금,1946143635000.0,,
00117601,003470,유안타증권,2024,CFS,BS,현금및예치금,2093314873000.0,,
00117601,003470,유안타증권,2023,CFS,BS,현금및예치금,1811287932000.0,,
00117601,003470,유안타증권,2025,CFS,BS,현금및현금성자산,812775997000.0,,
00117601,003470,유안타증권,2024,CFS,BS,현금및현금성자산,771819772000.0,,
00117601,003470,유안타증권,2023,CFS,BS,현금및현금성자산,649022716000.0,,
00117601,003470,유안타증권,2025,CFS,BS,대출채권,3291350213000.0,,
00117601,003470,유안타증권,2024,CFS,BS,대출채권,2759356352000.0,,
00117601,003470,유안타증권,2023,CFS,BS,대출채권,2867096284000.0,,
00117601,003470,유안타증권,2025,CFS,BS,자산총계,20030123636000.0,,
00117601,003470,유안타증권,2024,CFS,BS,자산총계,16800267411000.0,,
00117601,003470,유안타증권,2023,CFS,BS,자산총계,16461846690000.0,,
00117601,003470,유안타증권,2025,CFS,BS,예수부채,3391707738000.0,,
00117601,003470,유안타증권,2024,CFS,BS,예수부채,2667015725000.0,,
00117601,003470,유안타증권,2023,CFS,BS,예수부채,2666279494000.0,,
00117601,003470,유안타증권,2025,CFS,BS,부채총계,18124190815000.0,,
00117601,003470,유안타증권,2024,CFS,BS,부채총계,15165958980000.0,,
00117601,003470,유안타증권,2023,CFS,BS,부채총계,14860352268000.0,,
00117601,003470,유안타증권,2025,CFS,BS,자본총계,1905932821000.0,,
00117601,003470,유안타증권,2024,CFS,BS,자본총계,1634308431000.0,,
00117601,003470,유안타증권,2023,CFS,BS,자본총계,1601494422000.0,,
00117601,003470,유안타증권,2025,CFS,IS,수수료수익,406227596000.0,,
00117601,003470,유안타증권,2024,CFS,IS,수수료수익,305416539000.0,,
00117601,003470,유안타증권,2023,CFS,IS,수수료수익,282764110000.0,,
00117601,003470,유안타증권,2025,CFS,IS,이자수익,457452552000.0,,
00117601,003470,유안타증권,2024,CFS,IS,이자수익,473697967000.0,,
00117601,003470,유안타증권,2023,CFS,IS,이자수익,411324382000.0,,
00117601,003470,유안타증권,2025,CFS,IS,수수료비용,39481400000.0,,
00117601,003470,유안타증권,2024,CFS,IS,수수료비용,28117319000.0,,
00117601,003470,유안타증권,2023,CFS,IS,수수료비용,28248422000.0,,
00117601,003470,유안타증권,2025,CFS,IS,이자비용,275558194000.0,,
00117601,003470,유안타증권,2024,CFS,IS,이자비용,310910852000.0,,
00117601,003470,유안타증권,2023,CFS,IS,이자비용,272307710000.0,,
00117601,003470,유안타증권,2025,CFS,IS,영업이익,99379167000.0,,
00117601,003470,유안타증권,2024,CFS,IS,영업이익,94753156000.0,,
00117601,003470,유안타증권,2023,CFS,IS,영업이익,129124926000.0,,
00117601,003470,유안타증권,2025,CFS,IS,법인세비용차감전순이익,117136001000.0,,
00117601,003470,유안타증권,2024,CFS,IS,법인세비용차감전순이익,95925835000.0,,
00117601,003470,유안타증권,2023,CFS,IS,법인세비용차감전순이익,91087563000.0,,
00117601,003470,유안타증권,2025,CFS,IS,당기순이익,95631538000.0,,
00117601,003470,유안타증권,2024,CFS,IS,당기순이익,73049835000.0,,
00117601,003470,유안타증권,2023,CFS,IS,당기순이익,64427517000.0,,
00131054,001200,유진증권,2025,CFS,BS,현금및현금성자산,552399273306.0,,
00131054,001200,유진증권,2024,CFS,BS,현금및현금성자산,468997722764.0,,
00131054,001200,유진증권,2023,CFS,BS,현금및현금성자산,446368434398.0,,
00131054,001200,유진증권,2025,CFS,BS,대출채권,1252166532569.0,,
00131054,001200,유진증권,2024,CFS,BS,대출채권,862952257268.0,,
00131054,001200,유진증권,2023,CFS,BS,대출채권,830467053989.0,,
00131054,001200,유진증권,2025,CFS,BS,자산총계,11049028363321.0,,
00131054,001200,유진증권,2024,CFS,BS,자산총계,9646708149349.0,,
00131054,001200,유진증권,2023,CFS,BS,자산총계,8699332043240.0,,
00131054,001200,유진증권,2025,CFS,BS,예수부채,1710000883736.0,,
00131054,001200,유진증권,2024,CFS,BS,예수부채,966974459709.0,,
00131054,001200,유진증권,2023,CFS,BS,예수부채,985313354871.0,,
00131054,001200,유진증권,2025,CFS,BS,차입부채,4668984239356.0,,
00131054,001200,유진증권,2024,CFS,BS,차입부채,4583399522112.0,,
00131054,001200,유진증권,2023,CFS,BS,차입부채,4181978983937.0,,
00131054,001200,유진증권,2025,CFS,BS,부채총계,9916557486041.0,,
00131054,001200,유진증권,2024,CFS,BS,부채총계,8595331993613.0,,
00131054,001200,유진증권,2023,CFS,BS,부채총계,7687427343652.0,,
00131054,001200,유진증권,2025,CFS,BS,자본총계,1132470877280.0,,
00131054,001200,유진증권,2024,CFS,BS,자본총계,1051376155736.0,,
00131054,001200,유진증권,2023,CFS,BS,자본총계,1011904699588.0,,
00131054,001200,유진증권,2025,CFS,IS,수수료수익,203850133964.0,,
00131054,001200,유진증권,2024,CFS,IS,수수료수익,186162391506.0,,
00131054,001200,유진증권,2023,CFS,IS,수수료수익,192655435965.0,,
00131054,001200,유진증권,2025,CFS,IS,이자수익,250915904219.0,,
00131054,001200,유진증권,2024,CFS,IS,이자수익,270079106300.0,,
00131054,001200,유진증권,2023,CFS,IS,이자수익,247996885014.0,,
00131054,001200,유진증권,2025,CFS,IS,수수료비용,33467322863.0,,
00131054,001200,유진증권,2024,CFS,IS,수수료비용,28063695977.0,,
00131054,001200,유진증권,2023,CFS,IS,수수료비용,31286757440.0,,
00131054,001200,유진증권,2025,CFS,IS,이자비용,158405772972.0,,
00131054,001200,유진증권,2024,CFS,IS,이자비용,188585192814.0,,
00131054,001200,유진증권,2023,CFS,IS,이자비용,184238088254.0,,
00131054,001200,유진증권,2025,CFS,IS,영업이익,84440893235.0,,
00131054,001200,유진증권,2024,CFS,IS,영업이익,58338142158.0,,
00131054,001200,유진증권,2023,CFS,IS,영업이익,27039374857.0,,
00131054,001200,유진증권,2025,CFS,IS,법인세비용차감전순이익,83515477149.0,,
00131054,001200,유진증권,2024,CFS,IS,법인세비용차감전순이익,62962531346.0,,
00131054,001200,유진증권,2023,CFS,IS,법인세비용차감전순이익,33710043117.0,,
00131054,001200,유진증권,2025,CFS,IS,당기순이익,64538264177.0,,
00131054,001200,유진증권,2024,CFS,IS,당기순이익,49619329316.0,,
00131054,001200,유진증권,2023,CFS,IS,당기순이익,30696475248.0,,
00296290,039490,키움증권,2025,CFS,BS,현금및예치금,9281509526977.0,,
00296290,039490,키움증권,2024,CFS,BS,현금및예치금,7779663122432.0,,
00296290,039490,키움증권,2023,CFS,BS,현금및예치금,6593110535881.0,,
00296290,039490,키움증권,2025,CFS,BS,자산총계,81173768149523.0,,
00296290,039490,키움증권,2024,CFS,BS,자산총계,55688423730459.0,,
00296290,039490,키움증권,2023,CFS,BS,자산총계,52046420344899.0,,
00296290,039490,키움증권,2025,CFS,BS,예수부채,22101162529959.0,,
00296290,039490,키움증권,2024,CFS,BS,예수부채,15711690738911.0,,
00296290,039490,키움증권,2023,CFS,BS,예수부채,16764310675093.0,,
00296290,039490,키움증권,2025,CFS,BS,차입부채,35286966410235.0,,
00296290,039490,키움증권,2024,CFS,BS,차입부채,25009172110377.0,,
00296290,039490,키움증권,2023,CFS,BS,차입부채,20025647325108.0,,
00296290,039490,키움증권,2025,CFS,BS,부채총계,74451363015539.0,,
00296290,039490,키움증권,2024,CFS,BS,부채총계,50056548792460.0,,
00296290,039490,키움증권,2023,CFS,BS,부채총계,47142321220678.0,,
00296290,039490,키움증권,2025,CFS,BS,자본총계,6722405133984.0,,
00296290,039490,키움증권,2024,CFS,BS,자본총계,5631874937999.0,,
00296290,039490,키움증권,2023,CFS,BS,자본총계,4904099124221.0,,
00296290,039490,키움증권,2025,CFS,IS,수수료수익,1382024787408.0,,
00296290,039490,키움증권,2024,CFS,IS,수수료수익,1050418359318.0,,
00296290,039490,키움증권,2023,CFS,IS,수수료수익,916680453885.0,,
00296290,039490,키움증권,2025,CFS,IS,이자수익,1886220941416.0,,
00296290,039490,키움증권,2024,CFS,IS,이자수익,1711227153363.0,,
00296290,039490,키움증권,2023,CFS,IS,이자수익,1674818454864.0,,
00296290,039490,키움증권,2025,CFS,IS,수수료비용,334761267654.0,,
00296290,039490,키움증권,2024,CFS,IS,수수료비용,246633079552.0,,
00296290,039490,키움증권,2023,CFS,IS,수수료비용,266975189885.0,,
00296290,039490,키움증권,2025,CFS,IS,이자비용,1110225303768.0,,
00296290,039490,키움증권,2024,CFS,IS,이자비용,1087789602353.0,,
00296290,039490,키움증권,2023,CFS,IS,이자비용,1030087220943.0,,
00296290,039490,키움증권,2025,CFS,IS,영업이익,1488239956012.0,,
00296290,039490,키움증권,2024,CFS,IS,영업이익,1098240303737.0,,
00296290,039490,키움증권,2023,CFS,IS,영업이익,564659042175.0,,
00296290,039490,키움증권,2025,CFS,IS,법인세비용차감전순이익,1540729012305.0,,
00296290,039490,키움증권,2024,CFS,IS,법인세비용차감전순이익,1092282735644.0,,
00296290,039490,키움증권,2023,CFS,IS,법인세비용차감전순이익,585056864373.0,,
00296290,039490,키움증권,2025,CFS,IS,당기순이익,1114974212697.0,,
00296290,039490,키움증권,2024,CFS,IS,당기순이익,834883309831.0,,
00296290,039490,키움증권,2023,CFS,IS,당기순이익,440737008036.0,,
00162416,001750,한양증권,2024,CFS,BS,현금및예치금,294831812045.0,,
00162416,001750,한양증권,2023,CFS,BS,현금및예치금,215147522175.0,,
00162416,001750,한양증권,2022,CFS,BS,현금및예치금,208696229008.0,,
00162416,001750,한양증권,2024,CFS,BS,대출채권,19350131021.0,,
00162416,001750,한양증권,2023,CFS,BS,대출채권,26099027656.0,,
00162416,001750,한양증권,2022,CFS,BS,대출채권,20058206032.0,,
00162416,001750,한양증권,2024,CFS,BS,자산총계,1731337480778.0,,
00162416,001750,한양증권,2023,CFS,BS,자산총계,1747822854675.0,,
00162416,001750,한양증권,2022,CFS,BS,자산총계,1502891064305.0,,
00162416,001750,한양증권,2024,CFS,BS,예수부채,58825313794.0,,
00162416,001750,한양증권,2023,CFS,BS,예수부채,65683110740.0,,
00162416,001750,한양증권,2022,CFS,BS,예수부채,76112157891.0,,
00162416,001750,한양증권,2024,CFS,BS,차입부채,796587191610.0,,
00162416,001750,한양증권,2023,CFS,BS,차입부채,904846918938.0,,
00162416,001750,한양증권,2022,CFS,BS,차입부채,742558399767.0,,
00162416,001750,한양증권,2024,CFS,BS,부채총계,1217180250407.0,,
00162416,001750,한양증권,2023,CFS,BS,부채총계,1258029081971.0,,
00162416,001750,한양증권,2022,CFS,BS,부채총계,1043504162865.0,,
00162416,001750,한양증권,2024,CFS,BS,자본총계,514157230371.0,,
00162416,001750,한양증권,2023,CFS,BS,자본총계,489793772704.0,,
00162416,001750,한양증권,2022,CFS,BS,자본총계,459386901440.0,,
00162416,001750,한양증권,2024,CFS,IS,수수료수익,92137631635.0,,
00162416,001750,한양증권,2023,CFS,IS,수수료수익,90500979256.0,,
00162416,001750,한양증권,2022,CFS,IS,수수료수익,131061062349.0,,
00162416,001750,한양증권,2024,CFS,IS,이자수익,119338412995.0,,
00162416,001750,한양증권,2023,CFS,IS,이자수익,92250382436.0,,
00162416,001750,한양증권,2022,CFS,IS,이자수익,59298220747.0,,
00162416,001750,한양증권,2024,CFS,IS,수수료비용,-6338159767.0,,
00162416,001750,한양증권,2023,CFS,IS,수수료비용,-7423963822.0,,
00162416,001750,한양증권,2022,CFS,IS,수수료비용,-11093213173.0,,
00162416,001750,한양증권,2024,CFS,IS,이자비용,-96720666413.0,,
00162416,001750,한양증권,2023,CFS,IS,이자비용,-79217172282.0,,
00162416,001750,한양증권,2022,CFS,IS,이자비용,-27064423328.0,,
00162416,001750,한양증권,2024,CFS,IS,영업이익,54449191375.0,,
00162416,001750,한양증권,2023,CFS,IS,영업이익,46294753862.0,,
00162416,001750,한양증권,2022,CFS,IS,영업이익,37196834948.0,,
00162416,001750,한양증권,2024,CFS,IS,법인세비용차감전순이익,53268563715.0,,
00162416,001750,한양증권,2023,CFS,IS,법인세비용차감전순이익,46934651358.0,,
00162416,001750,한양증권,2022,CFS,IS,법인세비용차감전순이익,35531502363.0,,
00162416,001750,한양증권,2024,CFS,IS,당기순이익,38797645588.0,,
00162416,001750,한양증권,2023,CFS,IS,당기순이익,35104172832.0,,
00162416,001750,한양증권,2022,CFS,IS,당기순이익,24033307547.0,,
00148610,003530,한화투자증권,2025,CFS,BS,현금및예치금,899127000000.0,,
00148610,003530,한화투자증권,2024,CFS,BS,현금및예치금,791849000000.0,,
00148610,003530,한화투자증권,2023,CFS,BS,현금및예치금,896573000000.0,,
00148610,003530,한화투자증권,2025,CFS,BS,자산총계,17357936000000.0,,
00148610,003530,한화투자증권,2024,CFS,BS,자산총계,14018124000000.0,,
00148610,003530,한화투자증권,2023,CFS,BS,자산총계,13250184000000.0,,
00148610,003530,한화투자증권,2025,CFS,BS,예수부채,1332783000000.0,,
00148610,003530,한화투자증권,2024,CFS,BS,예수부채,900334000000.0,,
00148610,003530,한화투자증권,2023,CFS,BS,예수부채,1111824000000.0,,
00148610,003530,한화투자증권,2025,CFS,BS,차입부채,9037423000000.0,,
00148610,003530,한화투자증권,2024,CFS,BS,차입부채,7711415000000.0,,
00148610,003530,한화투자증권,2023,CFS,BS,차입부채,6461614000000.0,,
00148610,003530,한화투자증권,2025,CFS,BS,부채총계,15289727000000.0,,
00148610,003530,한화투자증권,2024,CFS,BS,부채총계,12311894000000.0,,
00148610,003530,한화투자증권,2023,CFS,BS,부채총계,11677139000000.0,,
00148610,003530,한화투자증권,2025,CFS,BS,자본총계,2068209000000.0,,
00148610,003530,한화투자증권,2024,CFS,BS,자본총계,1706230000000.0,,
00148610,003530,한화투자증권,2023,CFS,BS,자본총계,1573045000000.0,,
00148610,003530,한화투자증권,2025,CFS,IS,수수료수익,281200000000.0,,
00148610,003530,한화투자증권,2024,CFS,IS,수수료수익,219505000000.0,,
00148610,003530,한화투자증권,2023,CFS,IS,수수료수익,210651000000.0,,
00148610,003530,한화투자증권,2025,CFS,IS,이자수익,391509000000.0,,
00148610,003530,한화투자증권,2024,CFS,IS,이자수익,409754000000.0,,
00148610,003530,한화투자증권,2023,CFS,IS,이자수익,407384000000.0,,
00148610,003530,한화투자증권,2025,CFS,IS,수수료비용,43444000000.0,,
00148610,003530,한화투자증권,2024,CFS,IS,수수료비용,36520000000.0,,
00148610,003530,한화투자증권,2023,CFS,IS,수수료비용,27917000000.0,,
00148610,003530,한화투자증권,2025,CFS,IS,이자비용,290412000000.0,,
00148610,003530,한화투자증권,2024,CFS,IS,이자비용,298574000000.0,,
00148610,003530,한화투자증권,2023,CFS,IS,이자비용,286681000000.0,,
00148610,003530,한화투자증권,2025,CFS,IS,영업이익,147701000000.0,,
00148610,003530,한화투자증권,2024,CFS,IS,영업이익,3966000000.0,,
00148610,003530,한화투자증권,2023,CFS,IS,영업이익,31452000000.0,,
00148610,003530,한화투자증권,2025,CFS,IS,법인세비용차감전순이익,141886000000.0,,
00148610,003530,한화투자증권,2024,CFS,IS,법인세비용차감전순이익,60685000000.0,,
00148610,003530,한화투자증권,2023,CFS,IS,법인세비용차감전순이익,14397000000.0,,
00148610,003530,한화투자증권,2025,CFS,IS,당기순이익,102010000000.0,,
00148610,003530,한화투자증권,2024,CFS,IS,당기순이익,38891000000.0,,
00148610,003530,한화투자증권,2023,CFS,IS,당기순이익,9298000000.0,,
00137997,001500,현대차증권,2025,CFS,BS,현금및예치금,1010635000000.0,,
00137997,001500,현대차증권,2024,CFS,BS,현금및예치금,1133867000000.0,,
00137997,001500,현대차증권,2023,CFS,BS,현금및예치금,1089657000000.0,,
00137997,001500,현대차증권,2025,CFS,BS,대출채권,1764177000000.0,,
00137997,001500,현대차증권,2024,CFS,BS,대출채권,1320857000000.0,,
00137997,001500,현대차증권,2023,CFS,BS,대출채권,1479527000000.0,,
00137997,001500,현대차증권,2025,CFS,BS,자산총계,12396389000000.0,,
00137997,001500,현대차증권,2024,CFS,BS,자산총계,11991996000000.0,,
00137997,001500,현대차증권,2023,CFS,BS,자산총계,11585257000000.0,,
00137997,001500,현대차증권,2025,CFS,BS,예수부채,607899000000.0,,
00137997,001500,현대차증권,2024,CFS,BS,예수부채,589131000000.0,,
00137997,001500,현대차증권,2023,CFS,BS,예수부채,422447000000.0,,
00137997,001500,현대차증권,2025,CFS,BS,차입부채,7204701000000.0,,
00137997,001500,현대차증권,2024,CFS,BS,차입부채,6931511000000.0,,
00137997,001500,현대차증권,2023,CFS,BS,차입부채,6995412000000.0,,
00137997,001500,현대차증권,2025,CFS,BS,부채총계,10953063000000.0,,
00137997,001500,현대차증권,2024,CFS,BS,부채총계,10689901000000.0,,
00137997,001500,현대차증권,2023,CFS,BS,부채총계,10307455000000.0,,
00137997,001500,현대차증권,2025,CFS,BS,자본총계,1443326000000.0,,
00137997,001500,현대차증권,2024,CFS,BS,자본총계,1302095000000.0,,
00137997,001500,현대차증권,2023,CFS,BS,자본총계,1277802000000.0,,
00137997,001500,현대차증권,2025,CFS,IS,순수수료손익,189806000000.0,,
00137997,001500,현대차증권,2024,CFS,IS,순수수료손익,142284000000.0,,
00137997,001500,현대차증권,2023,CFS,IS,순수수료손익,135984000000.0,,
00137997,001500,현대차증권,2025,CFS,IS,수수료수익,212384000000.0,,
00137997,001500,현대차증권,2024,CFS,IS,수수료수익,163037000000.0,,
00137997,001500,현대차증권,2023,CFS,IS,수수료수익,151439000000.0,,
00137997,001500,현대차증권,2025,CFS,IS,수수료비용,22578000000.0,,
00137997,001500,현대차증권,2024,CFS,IS,수수료비용,20753000000.0,,
00137997,001500,현대차증권,2023,CFS,IS,수수료비용,15455000000.0,,
00137997,001500,현대차증권,2025,CFS,IS,순이자손익,112822000000.0,,
00137997,001500,현대차증권,2024,CFS,IS,순이자손익,113434000000.0,,
00137997,001500,현대차증권,2023,CFS,IS,순이자손익,116657000000.0,,
00137997,001500,현대차증권,2025,CFS,IS,이자수익,343351000000.0,,
00137997,001500,현대차증권,2024,CFS,IS,이자수익,391505000000.0,,
00137997,001500,현대차증권,2023,CFS,IS,이자수익,461377000000.0,,
00137997,001500,현대차증권,2025,CFS,IS,이자비용,230529000000.0,,
00137997,001500,현대차증권,2024,CFS,IS,이자비용,278071000000.0,,
00137997,001500,현대차증권,2023,CFS,IS,이자비용,344720000000.0,,
00137997,001500,현대차증권,2025,CFS,IS,영업이익,72252000000.0,,
00137997,001500,현대차증권,2024,CFS,IS,영업이익,54691000000.0,,
00137997,001500,현대차증권,2023,CFS,IS,영업이익,65170000000.0,,
00137997,001500,현대차증권,2025,CFS,IS,법인세비용차감전순이익,71872000000.0,,
00137997,001500,현대차증권,2024,CFS,IS,법인세비용차감전순이익,50508000000.0,,
00137997,001500,현대차증권,2023,CFS,IS,법인세비용차감전순이익,65353000000.0,,
00137997,001500,현대차증권,2025,CFS,IS,당기순이익,57735000000.0,,
00137997,001500,현대차증권,2024,CFS,IS,당기순이익,36150000000.0,,
00137997,001500,현대차증권,2023,CFS,IS,당기순이익,53511000000.0,,
01133217,323410,카카오뱅크,2025,OFS,BS,현금및예치금,2113379000000.0,,
01133217,323410,카카오뱅크,2024,OFS,BS,현금및예치금,1855353000000.0,,
01133217,323410,카카오뱅크,2023,OFS,BS,현금및예치금,2733244000000.0,,
01133217,323410,카카오뱅크,2025,OFS,BS,대출채권,51745640000000.0,,
01133217,323410,카카오뱅크,2024,OFS,BS,대출채권,44503765000000.0,,
01133217,323410,카카오뱅크,2023,OFS,BS,대출채권,38649038000000.0,,
01133217,323410,카카오뱅크,2025,OFS,BS,자산총계,76409775000000.0,,
01133217,323410,카카오뱅크,2024,OFS,BS,자산총계,62805282000000.0,,
01133217,323410,카카오뱅크,2023,OFS,BS,자산총계,54488157000000.0,,
01133217,323410,카카오뱅크,2025,OFS,BS,예수부채,68323578000000.0,,
01133217,323410,카카오뱅크,2024,OFS,BS,예수부채,54971042000000.0,,
01133217,323410,카카오뱅크,2023,OFS,BS,예수부채,47142842000000.0,,
01133217,323410,카카오뱅크,2025,OFS,BS,부채총계,69659909000000.0,,
01133217,323410,카카오뱅크,2024,OFS,BS,부채총계,56265151000000.0,,
01133217,323410,카카오뱅크,2023,OFS,BS,부채총계,48370463000000.0,,
01133217,323410,카카오뱅크,2025,OFS,BS,자본총계,6749866000000.0,,
01133217,323410,카카오뱅크,2024,OFS,BS,자본총계,6540131000000.0,,
01133217,323410,카카오뱅크,2023,OFS,BS,자본총계,6117694000000.0,,
01133217,323410,카카오뱅크,2025,OFS,IS,이자수익,2456860000000.0,,
01133217,323410,카카오뱅크,2024,OFS,IS,이자수익,2399865000000.0,,
01133217,323410,카카오뱅크,2023,OFS,IS,이자수익,2048170000000.0,,
01133217,323410,카카오뱅크,2025,OFS,IS,수수료수익,310459000000.0,,
01133217,323410,카카오뱅크,2024,OFS,IS,수수료수익,301780000000.0,,
01133217,323410,카카오뱅크,2023,OFS,IS,수수료수익,267797000000.0,,
01133217,323410,카카오뱅크,2025,OFS,IS,이자비용,1138216000000.0,,
01133217,323410,카카오뱅크,2024,OFS,IS,이자비용,1130465000000.0,,
01133217,323410,카카오뱅크,2023,OFS,IS,이자비용,932200000000.0,,
01133217,323410,카카오뱅크,2025,OFS,IS,수수료비용,286154000000.0,,
01133217,323410,카카오뱅크,2024,OFS,IS,수수료비용,279125000000.0,,
01133217,323410,카카오뱅크,2023,OFS,IS,수수료비용,269827000000.0,,
01133217,323410,카카오뱅크,2025,OFS,IS,금융자산손상차손,243814000000.0,,
01133217,323410,카카오뱅크,2024,OFS,IS,금융자산손상차손,270530000000.0,,
01133217,323410,카카오뱅크,2023,OFS,IS,금융자산손상차손,248348000000.0,,
01133217,323410,카카오뱅크,2025,OFS,IS,영업이익,649371000000.0,,
01133217,323410,카카오뱅크,2024,OFS,IS,영업이익,606880000000.0,,
01133217,323410,카카오뱅크,2023,OFS,IS,영업이익,478485000000.0,,
01133217,323410,카카오뱅크,2025,OFS,IS,법인세비용차감전순이익,640033000000.0,,
01133217,323410,카카오뱅크,2024,OFS,IS,법인세비용차감전순이익,588910000000.0,,
01133217,323410,카카오뱅크,2023,OFS,IS,법인세비용차감전순이익,469207000000.0,,
01133217,323410,카카오뱅크,2025,OFS,IS,당기순이익,480280000000.0,,
01133217,323410,카카오뱅크,2024,OFS,IS,당기순이익,440065000000.0,,
01133217,323410,카카오뱅크,2023,OFS,IS,당기순이익,354912000000.0,,
01203312,279570,케이뱅크,2025,OFS,BS,현금및현금성자산,1413504000000.0,,
01203312,279570,케이뱅크,2024,OFS,BS,현금및현금성자산,1015331000000.0,,
01203312,279570,케이뱅크,2023,OFS,BS,현금및현금성자산,708016000000.0,,
01203312,279570,케이뱅크,2025,OFS,BS,대출채권,24065300000000.0,,
01203312,279570,케이뱅크,2024,OFS,BS,대출채권,24404505000000.0,,
01203312,279570,케이뱅크,2023,OFS,BS,대출채권,16426577000000.0,,
01203312,279570,케이뱅크,2025,OFS,BS,자산총계,31864288000000.0,,
01203312,279570,케이뱅크,2024,OFS,BS,자산총계,31183399000000.0,,
01203312,279570,케이뱅크,2023,OFS,BS,자산총계,21421777000000.0,,
01203312,279570,케이뱅크,2025,OFS,BS,예수부채,28431930000000.0,,
01203312,279570,케이뱅크,2024,OFS,BS,예수부채,28568655000000.0,,
01203312,279570,케이뱅크,2023,OFS,BS,예수부채,19067637000000.0,,
01203312,279570,케이뱅크,2025,OFS,BS,차입부채,610000000000.0,,
01203312,279570,케이뱅크,2024,OFS,BS,차입부채,0.0,,
01203312,279570,케이뱅크,2023,OFS,BS,차입부채,0.0,,
01203312,279570,케이뱅크,2025,OFS,BS,부채총계,29692522000000.0,,
01203312,279570,케이뱅크,2024,OFS,BS,부채총계,29187554000000.0,,
01203312,279570,케이뱅크,2023,OFS,BS,부채총계,19554896000000.0,,
01203312,279570,케이뱅크,2025,OFS,BS,자본총계,2171766000000.0,,
01203312,279570,케이뱅크,2024,OFS,BS,자본총계,1995845000000.0,,
01203312,279570,케이뱅크,2023,OFS,BS,자본총계,1866881000000.0,,
01203312,279570,케이뱅크,2025,OFS,IS,순이자손익,444170000000.0,,
01203312,279570,케이뱅크,2024,OFS,IS,순이자손익,481540000000.0,,
01203312,279570,케이뱅크,2023,OFS,IS,순이자손익,450399000000.0,,
01203312,279570,케이뱅크,2025,OFS,IS,이자수익,1079552000000.0,,
01203312,279570,케이뱅크,2024,OFS,IS,이자수익,1030920000000.0,,
01203312,279570,케이뱅크,2023,OFS,IS,이자수익,874141000000.0,,
01203312,279570,케이뱅크,2025,OFS,IS,이자비용,-635382000000.0,,
01203312,279570,케이뱅크,2024,OFS,IS,이자비용,-549380000000.0,,
01203312,279570,케이뱅크,2023,OFS,IS,이자비용,-423742000000.0,,
01203312,279570,케이뱅크,2025,OFS,IS,순수수료손익,-2635000000.0,,
01203312,279570,케이뱅크,2024,OFS,IS,순수수료손익,-349000000.0,,
01203312,279570,케이뱅크,2023,OFS,IS,순수수료손익,2252000000.0,,
01203312,279570,케이뱅크,2025,OFS,IS,수수료수익,60887000000.0,,
01203312,279570,케이뱅크,2024,OFS,IS,수수료수익,52729000000.0,,
01203312,279570,케이뱅크,2023,OFS,IS,수수료수익,35447000000.0,,
01203312,279570,케이뱅크,2025,OFS,IS,수수료비용,-63522000000.0,,
01203312,279570,케이뱅크,2024,OFS,IS,수수료비용,-53078000000.0,,
01203312,279570,케이뱅크,2023,OFS,IS,수수료비용,-33195000000.0,,
01203312,279570,케이뱅크,2025,OFS,IS,금융자산손상차손,-212515000000.0,,
01203312,279570,케이뱅크,2024,OFS,IS,금융자산손상차손,-246783000000.0,,
01203312,279570,케이뱅크,2023,OFS,IS,금융자산손상차손,-292708000000.0,,
01203312,279570,케이뱅크,2025,OFS,IS,영업이익,117085000000.0,,
01203312,279570,케이뱅크,2024,OFS,IS,영업이익,132967000000.0,,
01203312,279570,케이뱅크,2023,OFS,IS,영업이익,16464000000.0,,
01203312,279570,케이뱅크,2025,OFS,IS,법인세비용차감전순이익,113627000000.0,,
01203312,279570,케이뱅크,2024,OFS,IS,법인세비용차감전순이익,132773000000.0,,
01203312,279570,케이뱅크,2023,OFS,IS,법인세비용차감전순이익,14806000000.0,,
01203312,279570,케이뱅크,2025,OFS,IS,당기순이익,112609000000.0,,
01203312,279570,케이뱅크,2024,OFS,IS,당기순이익,128053000000.0,,
01203312,279570,케이뱅크,2023,OFS,IS,당기순이익,12812000000.0,,
00124805,007330,푸른저축은행,2025,OFS,BS,현금및현금성자산,28073377803.0,,
00124805,007330,푸른저축은행,2024,OFS,BS,현금및현금성자산,27955895258.0,,
00124805,007330,푸른저축은행,2023,OFS,BS,현금및현금성자산,53274611607.0,,
00124805,007330,푸른저축은행,2025,OFS,BS,현금및예치금,142711169524.0,,
00124805,007330,푸른저축은행,2024,OFS,BS,현금및예치금,145232756212.0,,
00124805,007330,푸른저축은행,2023,OFS,BS,현금및예치금,145107055184.0,,
00124805,007330,푸른저축은행,2025,OFS,BS,대출채권,1070318976770.0,,
00124805,007330,푸른저축은행,2024,OFS,BS,대출채권,903242551966.0,,
00124805,007330,푸른저축은행,2023,OFS,BS,대출채권,986639456541.0,,
00124805,007330,푸른저축은행,2025,OFS,BS,자산총계,1557954685295.0,,
00124805,007330,푸른저축은행,2024,OFS,BS,자산총계,1325242935137.0,,
00124805,007330,푸른저축은행,2023,OFS,BS,자산총계,1430804170390.0,,
00124805,007330,푸른저축은행,2025,OFS,BS,예수부채,1181467212742.0,,
00124805,007330,푸른저축은행,2024,OFS,BS,예수부채,952728846122.0,,
00124805,007330,푸른저축은행,2023,OFS,BS,예수부채,1056279051696.0,,
00124805,007330,푸른저축은행,2025,OFS,BS,부채총계,1237410892711.0,,
00124805,007330,푸른저축은행,2024,OFS,BS,부채총계,1017688463958.0,,
00124805,007330,푸른저축은행,2023,OFS,BS,부채총계,1121940945165.0,,
00124805,007330,푸른저축은행,2025,OFS,BS,자본총계,320543792584.0,,
00124805,007330,푸른저축은행,2024,OFS,BS,자본총계,307554471179.0,,
00124805,007330,푸른저축은행,2023,OFS,BS,자본총계,308863225225.0,,
00124805,007330,푸른저축은행,2025,OFS,IS,순이자손익,42881721591.0,,
00124805,007330,푸른저축은행,2024,OFS,IS,순이자손익,42215546321.0,,
00124805,007330,푸른저축은행,2023,OFS,IS,순이자손익,39407142750.0,,
00124805,007330,푸른저축은행,2025,OFS,IS,이자수익,79513923269.0,,
00124805,007330,푸른저축은행,2024,OFS,IS,이자수익,83149506134.0,,
00124805,007330,푸른저축은행,2023,OFS,IS,이자수익,85779154030.0,,
00124805,007330,푸른저축은행,2025,OFS,IS,이자비용,36632201678.0,,
00124805,007330,푸른저축은행,2024,OFS,IS,이자비용,40933959813.0,,
00124805,007330,푸른저축은행,2023,OFS,IS,이자비용,46372011280.0,,
00124805,007330,푸른저축은행,2025,OFS,IS,순수수료손익,-729214035.0,,
00124805,007330,푸른저축은행,2024,OFS,IS,순수수료손익,-230401253.0,,
00124805,007330,푸른저축은행,2023,OFS,IS,순수수료손익,373246023.0,,
00124805,007330,푸른저축은행,2025,OFS,IS,수수료수익,1913402152.0,,
00124805,007330,푸른저축은행,2024,OFS,IS,수수료수익,1192261062.0,,
00124805,007330,푸른저축은행,2023,OFS,IS,수수료수익,2833799049.0,,
00124805,007330,푸른저축은행,2025,OFS,IS,수수료비용,2642616187.0,,
00124805,007330,푸른저축은행,2024,OFS,IS,수수료비용,1422662315.0,,
00124805,007330,푸른저축은행,2023,OFS,IS,수수료비용,2460553026.0,,
00124805,007330,푸른저축은행,2025,OFS,IS,영업이익,16947521090.0,,
00124805,007330,푸른저축은행,2024,OFS,IS,영업이익,6847926442.0,,
00124805,007330,푸른저축은행,2023,OFS,IS,영업이익,9034570866.0,,
00124805,007330,푸른저축은행,2025,OFS,IS,법인세비용차감전순이익,24082866464.0,,
00124805,007330,푸른저축은행,2024,OFS,IS,법인세비용차감전순이익,8661679779.0,,
00124805,007330,푸른저축은행,2023,OFS,IS,법인세비용차감전순이익,18068935103.0,,
00124805,007330,푸른저축은행,2025,OFS,IS,당기순이익,19871582266.0,,
00124805,007330,푸른저축은행,2024,OFS,IS,당기순이익,7013527880.0,,
00124805,007330,푸른저축은행,2023,OFS,IS,당기순이익,14927850093.0,,
00267942,016600,큐캐피탈,2025,OFS,BS,현금및예치금,1106031751.0,,
00267942,016600,큐캐피탈,2024,OFS,BS,현금및예치금,119267290.0,,
00267942,016600,큐캐피탈,2023,OFS,BS,현금및예치금,11341535655.0,,
00267942,016600,큐캐피탈,2025,OFS,BS,현금및현금성자산,1096031751.0,,
00267942,016600,큐캐피탈,2024,OFS,BS,현금및현금성자산,109267290.0,,
00267942,016600,큐캐피탈,2023,OFS,BS,현금및현금성자산,6331535655.0,,
00267942,016600,큐캐피탈,2025,OFS,BS,대출채권,44347639932.0,,
00267942,016600,큐캐피탈,2024,OFS,BS,대출채권,47514981250.0,,
00267942,016600,큐캐피탈,2023,OFS,BS,대출채권,44031848118.0,,
00267942,016600,큐캐피탈,2025,OFS,BS,자산총계,185186544398.0,,
00267942,016600,큐캐피탈,2024,OFS,BS,자산총계,179420068678.0,,
00267942,016600,큐캐피탈,2023,OFS,BS,자산총계,170126634140.0,,
00267942,016600,큐캐피탈,2025,OFS,BS,부채총계,44009518140.0,,
00267942,016600,큐캐피탈,2024,OFS,BS,부채총계,41325954768.0,,
00267942,016600,큐캐피탈,2023,OFS,BS,부채총계,34621108325.0,,
00267942,016600,큐캐피탈,2025,OFS,BS,자본총계,141177026258.0,,
00267942,016600,큐캐피탈,2024,OFS,BS,자본총계,138094113910.0,,
00267942,016600,큐캐피탈,2023,OFS,BS,자본총계,135505525815.0,,
00267942,016600,큐캐피탈,2025,OFS,IS,영업수익,20098160580.0,,
00267942,016600,큐캐피탈,2024,OFS,IS,영업수익,18669600046.0,,
00267942,016600,큐캐피탈,2023,OFS,IS,영업수익,35968958792.0,,
00267942,016600,큐캐피탈,2025,OFS,IS,수수료수익,11521351521.0,,
00267942,016600,큐캐피탈,2024,OFS,IS,수수료수익,8617661457.0,,
00267942,016600,큐캐피탈,2023,OFS,IS,수수료수익,22122814389.0,,
00267942,016600,큐캐피탈,2025,OFS,IS,이자수익,4896598232.0,,
00267942,016600,큐캐피탈,2024,OFS,IS,이자수익,5530002600.0,,
00267942,016600,큐캐피탈,2023,OFS,IS,이자수익,4525226848.0,,
00267942,016600,큐캐피탈,2025,OFS,IS,이자비용,1976508879.0,,
00267942,016600,큐캐피탈,2024,OFS,IS,이자비용,1573719196.0,,
00267942,016600,큐캐피탈,2023,OFS,IS,이자비용,882475353.0,,
00267942,016600,큐캐피탈,2025,OFS,IS,대손상각비,1085528095.0,,
00267942,016600,큐캐피탈,2024,OFS,IS,대손상각비,571307487.0,,
00267942,016600,큐캐피탈,2023,OFS,IS,대손상각비,1849321436.0,,
00267942,016600,큐캐피탈,2025,OFS,IS,영업이익,3786548770.0,,
00267942,016600,큐캐피탈,2024,OFS,IS,영업이익,2823146335.0,,
00267942,016600,큐캐피탈,2023,OFS,IS,영업이익,10471000716.0,,
00267942,016600,큐캐피탈,2025,OFS,IS,법인세비용차감전순이익,2727590059.0,,
00267942,016600,큐캐피탈,2024,OFS,IS,법인세비용차감전순이익,2886351951.0,,
00267942,016600,큐캐피탈,2023,OFS,IS,법인세비용차감전순이익,9120162755.0,,
00267942,016600,큐캐피탈,2025,OFS,IS,당기순이익,2443908856.0,,
00267942,016600,큐캐피탈,2024,OFS,IS,당기순이익,1780079162.0,,
00267942,016600,큐캐피탈,2023,OFS,IS,당기순이익,7066505278.0,,
00113562,000400,롯데손해보험,2025,OFS,BS,현금및현금성자산,885823000000.0,,
00113562,000400,롯데손해보험,2024,OFS,BS,현금및현금성자산,800910000000.0,,
00113562,000400,롯데손해보험,2023,OFS,BS,현금및현금성자산,1314074000000.0,,
00113562,000400,롯데손해보험,2023,OFS,BS,현금및현금성자산,919290546780.0,,
00113562,000400,롯데손해보험,2025,OFS,BS,대출채권,1922908000000.0,,
00113562,000400,롯데손해보험,2024,OFS,BS,대출채권,1642908000000.0,,
00113562,000400,롯데손해보험,2023,OFS,BS,대출채권,1587667000000.0,,
00113562,000400,롯데손해보험,2023,OFS,BS,대출채권,2066314443274.0,,
00113562,000400,롯데손해보험,2025,OFS,BS,자산총계,14410299000000.0,,
00113562,000400,롯데손해보험,2024,OFS,BS,자산총계,15541478000000.0,,
00113562,000400,롯데손해보험,2023,OFS,BS,자산총계,14912417000000.0,,
00113562,000400,롯데손해보험,2023,OFS,BS,자산총계,15942980977165.0,,
00113562,000400,롯데손해보험,2025,OFS,BS,보험계약부채,5996541000000.0,,
00113562,000400,롯데손해보험,2024,OFS,BS,보험계약부채,6022371000000.0,,
00113562,000400,롯데손해보험,2023,OFS,BS,보험계약부채,5116014000000.0,,
00113562,000400,롯데손해보험,2023,OFS,BS,보험계약부채,5037338828569.0,,
00113562,000400,롯데손해보험,2025,OFS,BS,부채총계,13796795000000.0,,
00113562,000400,롯데손해보험,2024,OFS,BS,부채총계,14747239000000.0,,
00113562,000400,롯데손해보험,2023,OFS,BS,부채총계,13610757000000.0,,
00113562,000400,롯데손해보험,2023,OFS,BS,부채총계,14769467114652.0,,
00113562,000400,롯데손해보험,2025,OFS,BS,자본총계,613504000000.0,,
00113562,000400,롯데손해보험,2024,OFS,BS,자본총계,794239000000.0,,
00113562,000400,롯데손해보험,2023,OFS,BS,자본총계,1301660000000.0,,
00113562,000400,롯데손해보험,2023,OFS,BS,자본총계,1173513862513.0,,
00113562,000400,롯데손해보험,2025,OFS,IS,보험손익,27011000000.0,,
00113562,000400,롯데손해보험,2024,OFS,IS,보험손익,177845000000.0,,
00113562,000400,롯데손해보험,2023,OFS,IS,보험손익,461540000000.0,,
00113562,000400,롯데손해보험,2025,OFS,IS,보험영업수익,2231796000000.0,,
00113562,000400,롯데손해보험,2024,OFS,IS,보험영업수익,2024311000000.0,,
00113562,000400,롯데손해보험,2023,OFS,IS,보험영업수익,1626338000000.0,,
00113562,000400,롯데손해보험,2025,OFS,IS,보험수익,2129566000000.0,,
00113562,000400,롯데손해보험,2024,OFS,IS,보험수익,1977217000000.0,,
00113562,000400,롯데손해보험,2023,OFS,IS,보험수익,1645714000000.0,,
00113562,000400,롯데손해보험,2025,OFS,IS,보험영업비용,2204785000000.0,,
00113562,000400,롯데손해보험,2024,OFS,IS,보험영업비용,1846466000000.0,,
00113562,000400,롯데손해보험,2023,OFS,IS,보험영업비용,1164798000000.0,,
00113562,000400,롯데손해보험,2025,OFS,IS,보험서비스비용,2029131000000.0,,
00113562,000400,롯데손해보험,2024,OFS,IS,보험서비스비용,1678969000000.0,,
00113562,000400,롯데손해보험,2023,OFS,IS,보험서비스비용,993524000000.0,,
00113562,000400,롯데손해보험,2025,OFS,IS,투자손익,37725000000.0,,
00113562,000400,롯데손해보험,2024,OFS,IS,투자손익,-146784000000.0,,
00113562,000400,롯데손해보험,2023,OFS,IS,투자손익,-86105000000.0,,
00113562,000400,롯데손해보험,2025,OFS,IS,이자수익,387105000000.0,,
00113562,000400,롯데손해보험,2024,OFS,IS,이자수익,374443000000.0,,
00113562,000400,롯데손해보험,2023,OFS,IS,이자수익,342539000000.0,,
00113562,000400,롯데손해보험,2025,OFS,IS,이자비용,296560000000.0,,
00113562,000400,롯데손해보험,2024,OFS,IS,이자비용,350330000000.0,,
00113562,000400,롯데손해보험,2023,OFS,IS,이자비용,349868000000.0,,
00113562,000400,롯데손해보험,2025,OFS,IS,영업이익,64736000000.0,,
00113562,000400,롯데손해보험,2024,OFS,IS,영업이익,31061000000.0,,
00113562,000400,롯데손해보험,2023,OFS,IS,영업이익,375435000000.0,,
00113562,000400,롯데손해보험,2025,OFS,IS,법인세비용차감전순이익,63789000000.0,,
00113562,000400,롯데손해보험,2024,OFS,IS,법인세비용차감전순이익,33330000000.0,,
00113562,000400,롯데손해보험,2023,OFS,IS,법인세비용차감전순이익,373483000000.0,,
00113562,000400,롯데손해보험,2025,OFS,IS,당기순이익,51331000000.0,,
00113562,000400,롯데손해보험,2024,OFS,IS,당기순이익,24222000000.0,,
00113562,000400,롯데손해보험,2023,OFS,IS,당기순이익,285580000000.0,,
00103176,000540,흥국화재,2025,OFS,BS,현금및예치금,139197000000.0,,
00103176,000540,흥국화재,2024,OFS,BS,현금및예치금,139754000000.0,,
00103176,000540,흥국화재,2023,OFS,BS,현금및예치금,72634000000.0,,
00103176,000540,흥국화재,2025,OFS,BS,대출채권,1815134000000.0,,
00103176,000540,흥국화재,2024,OFS,BS,대출채권,2143863000000.0,,
00103176,000540,흥국화재,2023,OFS,BS,대출채권,2317721000000.0,,
00103176,000540,흥국화재,2025,OFS,BS,자산총계,12502141000000.0,,
00103176,000540,흥국화재,2024,OFS,BS,자산총계,12894689000000.0,,
00103176,000540,흥국화재,2023,OFS,BS,자산총계,12031553000000.0,,
00103176,000540,흥국화재,2025,OFS,BS,보험계약부채,11077243000000.0,,
00103176,000540,흥국화재,2024,OFS,BS,보험계약부채,11414733000000.0,,
00103176,000540,흥국화재,2023,OFS,BS,보험계약부채,9958961000000.0,,
00103176,000540,흥국화재,2025,OFS,BS,부채총계,11665273000000.0,,
00103176,000540,흥국화재,2024,OFS,BS,부채총계,12122030000000.0,,
00103176,000540,흥국화재,2023,OFS,BS,부채총계,10663022000000.0,,
00103176,000540,흥국화재,2025,OFS,BS,자본총계,836868000000.0,,
00103176,000540,흥국화재,2024,OFS,BS,자본총계,772659000000.0,,
00103176,000540,흥국화재,2023,OFS,BS,자본총계,1368531000000.0,,
00103176,000540,흥국화재,2025,OFS,IS,보험손익,143209000000.0,,
00103176,000540,흥국화재,2024,OFS,IS,보험손익,212894000000.0,,
00103176,000540,흥국화재,2023,OFS,IS,보험손익,308412000000.0,,
00103176,000540,흥국화재,2025,OFS,IS,보험영업수익,2816482000000.0,,
00103176,000540,흥국화재,2024,OFS,IS,보험영업수익,2619653000000.0,,
00103176,000540,흥국화재,2023,OFS,IS,보험영업수익,2635092000000.0,,
00103176,000540,흥국화재,2025,OFS,IS,보험수익,2700980000000.0,,
00103176,000540,흥국화재,2024,OFS,IS,보험수익,2549842000000.0,,
00103176,000540,흥국화재,2023,OFS,IS,보험수익,2525412000000.0,,
00103176,000540,흥국화재,2025,OFS,IS,보험서비스비용,2673273000000.0,,
00103176,000540,흥국화재,2024,OFS,IS,보험서비스비용,2406759000000.0,,
00103176,000540,흥국화재,2023,OFS,IS,보험서비스비용,2326680000000.0,,
00103176,000540,흥국화재,2025,OFS,IS,보험서비스비용,2520662000000.0,,
00103176,000540,흥국화재,2024,OFS,IS,보험서비스비용,2255397000000.0,,
00103176,000540,흥국화재,2023,OFS,IS,보험서비스비용,2183159000000.0,,
00103176,000540,흥국화재,2025,OFS,IS,투자손익,44295000000.0,,
00103176,000540,흥국화재,2024,OFS,IS,투자손익,-64115000000.0,,
00103176,000540,흥국화재,2023,OFS,IS,투자손익,72613000000.0,,
00103176,000540,흥국화재,2025,OFS,IS,이자수익,352561000000.0,,
00103176,000540,흥국화재,2024,OFS,IS,이자수익,317196000000.0,,
00103176,000540,흥국화재,2023,OFS,IS,이자수익,326070000000.0,,
00103176,000540,흥국화재,2025,OFS,IS,이자비용,20504000000.0,,
00103176,000540,흥국화재,2024,OFS,IS,이자비용,18010000000.0,,
00103176,000540,흥국화재,2023,OFS,IS,이자비용,19294000000.0,,
00103176,000540,흥국화재,2025,OFS,IS,영업이익,187504000000.0,,
00103176,000540,흥국화재,2024,OFS,IS,영업이익,148779000000.0,,
00103176,000540,흥국화재,2023,OFS,IS,영업이익,381025000000.0,,
00103176,000540,흥국화재,2025,OFS,IS,법인세비용차감전순이익,187815000000.0,,
00103176,000540,흥국화재,2024,OFS,IS,법인세비용차감전순이익,143729000000.0,,
00103176,000540,흥국화재,2023,OFS,IS,법인세비용차감전순이익,380386000000.0,,
00103176,000540,흥국화재,2025,OFS,IS,당기순이익,151689000000.0,,
00103176,000540,흥국화재,2024,OFS,IS,당기순이익,106722000000.0,,
00103176,000540,흥국화재,2023,OFS,IS,당기순이익,295540000000.0,,
00145190,003460,유화증권,2025,OFS,BS,현금및예치금,43823714954.0,,
00145190,003460,유화증권,2024,OFS,BS,현금및예치금,24765367337.0,,
00145190,003460,유화증권,2023,OFS,BS,현금및예치금,83983421490.0,,
00145190,003460,유화증권,2025,OFS,BS,대출채권,17704883469.0,,
00145190,003460,유화증권,2024,OFS,BS,대출채권,65441009269.0,,
00145190,003460,유화증권,2023,OFS,BS,대출채권,11130494368.0,,
00145190,003460,유화증권,2025,OFS,BS,자산총계,810504521892.0,,
00145190,003460,유화증권,2024,OFS,BS,자산총계,771352960922.0,,
00145190,003460,유화증권,2023,OFS,BS,자산총계,802953282668.0,,
00145190,003460,유화증권,2025,OFS,BS,예수부채,13018052287.0,,
00145190,003460,유화증권,2024,OFS,BS,예수부채,11992803569.0,,
00145190,003460,유화증권,2023,OFS,BS,예수부채,72093213964.0,,
00145190,003460,유화증권,2025,OFS,BS,차입부채,162663450000.0,,
00145190,003460,유화증권,2024,OFS,BS,차입부채,164577450000.0,,
00145190,003460,유화증권,2023,OFS,BS,차입부채,142871010000.0,,
00145190,003460,유화증권,2025,OFS,BS,부채총계,272602005714.0,,
00145190,003460,유화증권,2024,OFS,BS,부채총계,260119655443.0,,
00145190,003460,유화증권,2023,OFS,BS,부채총계,296900932139.0,,
00145190,003460,유화증권,2025,OFS,BS,자본총계,537902516178.0,,
00145190,003460,유화증권,2024,OFS,BS,자본총계,511233305479.0,,
00145190,003460,유화증권,2023,OFS,BS,자본총계,506052350529.0,,
00145190,003460,유화증권,2025,OFS,IS,순수수료손익,1709590439.0,,
00145190,003460,유화증권,2024,OFS,IS,순수수료손익,1557870431.0,,
00145190,003460,유화증권,2023,OFS,IS,순수수료손익,1322965393.0,,
00145190,003460,유화증권,2025,OFS,IS,수수료수익,2041870643.0,,
00145190,003460,유화증권,2024,OFS,IS,수수료수익,1862161962.0,,
00145190,003460,유화증권,2023,OFS,IS,수수료수익,1513423178.0,,
00145190,003460,유화증권,2025,OFS,IS,수수료비용,-332280204.0,,
00145190,003460,유화증권,2024,OFS,IS,수수료비용,-304291531.0,,
00145190,003460,유화증권,2023,OFS,IS,수수료비용,-190457785.0,,
00145190,003460,유화증권,2025,OFS,IS,순이자손익,15529111989.0,,
00145190,003460,유화증권,2024,OFS,IS,순이자손익,16828125385.0,,
00145190,003460,유화증권,2023,OFS,IS,순이자손익,14063775626.0,,
00145190,003460,유화증권,2025,OFS,IS,이자수익,20381923807.0,,
00145190,003460,유화증권,2024,OFS,IS,이자수익,22836462293.0,,
00145190,003460,유화증권,2023,OFS,IS,이자수익,18391406132.0,,
00145190,003460,유화증권,2025,OFS,IS,이자비용,-4852811818.0,,
00145190,003460,유화증권,2024,OFS,IS,이자비용,-6008336908.0,,
00145190,003460,유화증권,2023,OFS,IS,이자비용,-4327630506.0,,
00145190,003460,유화증권,2025,OFS,IS,영업이익,5916978672.0,,
00145190,003460,유화증권,2024,OFS,IS,영업이익,12200935029.0,,
00145190,003460,유화증권,2023,OFS,IS,영업이익,-429524300.0,,
00145190,003460,유화증권,2025,OFS,IS,법인세비용차감전순이익,17222367656.0,,
00145190,003460,유화증권,2024,OFS,IS,법인세비용차감전순이익,21838698122.0,,
00145190,003460,유화증권,2023,OFS,IS,법인세비용차감전순이익,8823838063.0,,
00145190,003460,유화증권,2025,OFS,IS,당기순이익,14055892010.0,,
00145190,003460,유화증권,2024,OFS,IS,당기순이익,17778797328.0,,
00145190,003460,유화증권,2023,OFS,IS,당기순이익,7336575701.0,,
00304915,190650,코리아에셋투자증권,2026,OFS,BS,현금및예치금,73351204328.0,,
00304915,190650,코리아에셋투자증권,2025,OFS,BS,현금및예치금,111198142315.0,,
00304915,190650,코리아에셋투자증권,2024,OFS,BS,현금및예치금,43690233578.0,,
00304915,190650,코리아에셋투자증권,2026,OFS,BS,대출채권,19897749547.0,,
00304915,190650,코리아에셋투자증권,2025,OFS,BS,대출채권,11442766604.0,,
00304915,190650,코리아에셋투자증권,2024,OFS,BS,대출채권,14560503406.0,,
00304915,190650,코리아에셋투자증권,2026,OFS,BS,자산총계,375890984796.0,,
00304915,190650,코리아에셋투자증권,2025,OFS,BS,자산총계,403660403693.0,,
00304915,190650,코리아에셋투자증권,2024,OFS,BS,자산총계,297406732494.0,,
00304915,190650,코리아에셋투자증권,2026,OFS,BS,예수부채,20192249185.0,,
00304915,190650,코리아에셋투자증권,2025,OFS,BS,예수부채,59095058699.0,,
00304915,190650,코리아에셋투자증권,2024,OFS,BS,예수부채,12518583722.0,,
00304915,190650,코리아에셋투자증권,2026,OFS,BS,부채총계,276010193092.0,,
00304915,190650,코리아에셋투자증권,2025,OFS,BS,부채총계,306140349807.0,,
00304915,190650,코리아에셋투자증권,2024,OFS,BS,부채총계,204390355523.0,,
00304915,190650,코리아에셋투자증권,2026,OFS,BS,자본총계,99880791704.0,,
00304915,190650,코리아에셋투자증권,2025,OFS,BS,자본총계,97520053886.0,,
00304915,190650,코리아에셋투자증권,2024,OFS,BS,자본총계,93016376971.0,,
00304915,190650,코리아에셋투자증권,2026,OFS,IS,수수료수익,35365840866.0,,
00304915,190650,코리아에셋투자증권,2025,OFS,IS,수수료수익,37952560365.0,,
00304915,190650,코리아에셋투자증권,2024,OFS,IS,수수료수익,39287717187.0,,
00304915,190650,코리아에셋투자증권,2026,OFS,IS,이자수익,19154447560.0,,
00304915,190650,코리아에셋투자증권,2025,OFS,IS,이자수익,18359994220.0,,
00304915,190650,코리아에셋투자증권,2024,OFS,IS,이자수익,15502978647.0,,
00304915,190650,코리아에셋투자증권,2026,OFS,IS,수수료비용,1700404658.0,,
00304915,190650,코리아에셋투자증권,2025,OFS,IS,수수료비용,1502879212.0,,
00304915,190650,코리아에셋투자증권,2024,OFS,IS,수수료비용,1101832732.0,,
00304915,190650,코리아에셋투자증권,2026,OFS,IS,이자비용,16746960717.0,,
00304915,190650,코리아에셋투자증권,2025,OFS,IS,이자비용,16501061364.0,,
00304915,190650,코리아에셋투자증권,2024,OFS,IS,이자비용,14184557325.0,,
00304915,190650,코리아에셋투자증권,2026,OFS,IS,영업이익,9145221778.0,,
00304915,190650,코리아에셋투자증권,2025,OFS,IS,영업이익,10250470717.0,,
00304915,190650,코리아에셋투자증권,2024,OFS,IS,영업이익,7874736407.0,,
00304915,190650,코리아에셋투자증권,2026,OFS,IS,법인세비용차감전순이익,8418979306.0,,
00304915,190650,코리아에셋투자증권,2025,OFS,IS,법인세비용차감전순이익,11090588577.0,,
00304915,190650,코리아에셋투자증권,2024,OFS,IS,법인세비용차감전순이익,6992612334.0,,
00304915,190650,코리아에셋투자증권,2026,OFS,IS,당기순이익,5864179915.0,,
00304915,190650,코리아에셋투자증권,2025,OFS,IS,당기순이익,7731258329.0,,
00304915,190650,코리아에셋투자증권,2024,OFS,IS,당기순이익,5807380067.0,,
