corp_code,stock_code,corp_name,year,fs_div,sj_div,account_name,amount,memo,updated_at
"=""00160843""","=""068270""",DB하이텍,2025,CFS,IS,금융비용,30554636239.0,,2026-07-11
"=""00160843""","=""068270""",DB하이텍,2025,CFS,CIS,당기순이익,252582440798.0,,2026-07-11
"=""00160843""","=""068270""",DB하이텍,2025,CFS,IS,매출액,1397233307039.0,,2026-07-11
"=""00160843""","=""068270""",DB하이텍,2025,CFS,IS,매출원가,896861212540.0,,2026-07-11
"=""00160843""","=""068270""",DB하이텍,2025,CFS,BS,매출채권,135007514954.0,,2026-07-11
"=""00160843""","=""068270""",DB하이텍,2025,CFS,BS,무형자산,79562869996.0,,2026-07-11
"=""00160843""","=""068270""",DB하이텍,2025,CFS,CF,무형자산의 취득,8163875766.0,,2026-07-11
"=""00160843""","=""068270""",DB하이텍,2025,CFS,CF,배당금지급,50540816400.0,,2026-07-11
"=""00160843""","=""068270""",DB하이텍,2025,CFS,BS,부채총계,748586290599.0,,2026-07-11
"=""00160843""","=""068270""",DB하이텍,2025,CFS,BS,비유동부채,169408101410.0,,2026-07-11
"=""00160843""","=""068270""",DB하이텍,2025,CFS,IS,영업이익,277294561174.0,,2026-07-11
"=""00160843""","=""068270""",DB하이텍,2025,CFS,CF,영업활동현금흐름,356967025481.0,,2026-07-11
"=""00160843""","=""068270""",DB하이텍,2025,CFS,BS,유형자산,1228597449804.0,,2026-07-11
"=""00160843""","=""068270""",DB하이텍,2025,CFS,CF,유형자산의 취득,146129867916.0,,2026-07-11
"=""00160843""","=""068270""",DB하이텍,2025,CFS,BS,자본총계,2243995457046.0,,2026-07-11
"=""00160843""","=""068270""",DB하이텍,2025,CFS,BS,재고자산,97482503602.0,,2026-07-11
"=""00160843""","=""068270""",DB하이텍,2025,CFS,CF,재무활동현금흐름,67741285713.0,,2026-07-11
"=""00160843""","=""068270""",DB하이텍,2025,CFS,BS,총자산,2992581747645.0,,2026-07-11
"=""00160843""","=""068270""",DB하이텍,2025,CFS,CF,투자활동현금흐름,-393629106750.0,,2026-07-11
"=""00160843""","=""068270""",DB하이텍,2025,CFS,IS,판매비와관리비,223077533325.0,,2026-07-11
"=""00160843""","=""068270""",DB하이텍,2024,CFS,IS,금융비용,13484106457.0,,2026-07-11
"=""00160843""","=""068270""",DB하이텍,2024,CFS,CIS,당기순이익,229385888355.0,,2026-07-11
"=""00160843""","=""068270""",DB하이텍,2024,CFS,IS,매출액,1131167709804.0,,2026-07-11
"=""00160843""","=""068270""",DB하이텍,2024,CFS,IS,매출원가,744330982971.0,,2026-07-11
"=""00160843""","=""068270""",DB하이텍,2024,CFS,BS,매출채권,100427284862.0,,2026-07-11
"=""00160843""","=""068270""",DB하이텍,2024,CFS,BS,무형자산,24839701375.0,,2026-07-11
"=""00160843""","=""068270""",DB하이텍,2024,CFS,CF,무형자산의 취득,6842584171.0,,2026-07-11
"=""00160843""","=""068270""",DB하이텍,2024,CFS,CF,배당금지급,24248339817.0,,2026-07-11
"=""00160843""","=""068270""",DB하이텍,2024,CFS,BS,부채총계,396162364261.0,,2026-07-11
"=""00160843""","=""068270""",DB하이텍,2024,CFS,BS,비유동부채,79295695384.0,,2026-07-11
"=""00160843""","=""068270""",DB하이텍,2024,CFS,IS,영업이익,190838683363.0,,2026-07-11
"=""00160843""","=""068270""",DB하이텍,2024,CFS,CF,영업활동현금흐름,382634373825.0,,2026-07-11
"=""00160843""","=""068270""",DB하이텍,2024,CFS,BS,유형자산,1135410155987.0,,2026-07-11
"=""00160843""","=""068270""",DB하이텍,2024,CFS,CF,유형자산의 취득,126689883424.0,,2026-07-11
"=""00160843""","=""068270""",DB하이텍,2024,CFS,BS,자본총계,2000688804317.0,,2026-07-11
"=""00160843""","=""068270""",DB하이텍,2024,CFS,BS,재고자산,70392571642.0,,2026-07-11
"=""00160843""","=""068270""",DB하이텍,2024,CFS,CF,재무활동현금흐름,-11398668194.0,,2026-07-11
"=""00160843""","=""068270""",DB하이텍,2024,CFS,BS,총자산,2396851168578.0,,2026-07-11
"=""00160843""","=""068270""",DB하이텍,2024,CFS,CF,투자활동현금흐름,-330981683566.0,,2026-07-11
"=""00160843""","=""068270""",DB하이텍,2024,CFS,IS,판매비와관리비,195998043470.0,,2026-07-11
"=""00160843""","=""068270""",DB하이텍,2023,CFS,IS,금융비용,10636467274.0,,2026-07-11
"=""00160843""","=""068270""",DB하이텍,2023,CFS,CIS,당기순이익,264149250979.0,,2026-07-11
"=""00160843""","=""068270""",DB하이텍,2023,CFS,IS,매출액,1154223638940.0,,2026-07-11
"=""00160843""","=""068270""",DB하이텍,2023,CFS,IS,매출원가,712204456498.0,,2026-07-11
"=""00160843""","=""068270""",DB하이텍,2023,CFS,BS,매출채권,109613109613.0,,2026-07-11
"=""00160843""","=""068270""",DB하이텍,2023,CFS,BS,무형자산,21605474111.0,,2026-07-11
"=""00160843""","=""068270""",DB하이텍,2023,CFS,CF,무형자산의 취득,6287486130.0,,2026-07-11
"=""00160843""","=""068270""",DB하이텍,2023,CFS,CF,배당금지급,56504612200.0,,2026-07-11
"=""00160843""","=""068270""",DB하이텍,2023,CFS,BS,부채총계,303296256385.0,,2026-07-11
"=""00160843""","=""068270""",DB하이텍,2023,CFS,BS,비유동부채,83145844152.0,,2026-07-11
"=""00160843""","=""068270""",DB하이텍,2023,CFS,IS,영업이익,265437456373.0,,2026-07-11
"=""00160843""","=""068270""",DB하이텍,2023,CFS,CF,영업활동현금흐름,224258155766.0,,2026-07-11
"=""00160843""","=""068270""",DB하이텍,2023,CFS,BS,유형자산,950915129838.0,,2026-07-11
"=""00160843""","=""068270""",DB하이텍,2023,CFS,CF,유형자산의 취득,329311056539.0,,2026-07-11
"=""00160843""","=""068270""",DB하이텍,2023,CFS,BS,자본총계,1740082437747.0,,2026-07-11
"=""00160843""","=""068270""",DB하이텍,2023,CFS,BS,재고자산,81645551677.0,,2026-07-11
"=""00160843""","=""068270""",DB하이텍,2023,CFS,CF,재무활동현금흐름,-146697209774.0,,2026-07-11
"=""00160843""","=""068270""",DB하이텍,2023,CFS,BS,총자산,2043378694132.0,,2026-07-11
"=""00160843""","=""068270""",DB하이텍,2023,CFS,CF,투자활동현금흐름,27488934945.0,,2026-07-11
"=""00160843""","=""068270""",DB하이텍,2023,CFS,IS,판매비와관리비,176581726069.0,,2026-07-11
"=""01199550""","=""267260""",HD현대에너지솔루션,2025,CFS,CIS,금융비용,9618033284.0,,2026-07-11
"=""01199550""","=""267260""",HD현대에너지솔루션,2025,CFS,CIS,당기순이익,41676678809.0,,2026-07-11
"=""01199550""","=""267260""",HD현대에너지솔루션,2025,CFS,CIS,매출액,492659873672.0,,2026-07-11
"=""01199550""","=""267260""",HD현대에너지솔루션,2025,CFS,CIS,매출원가,386416045463.0,,2026-07-11
"=""01199550""","=""267260""",HD현대에너지솔루션,2025,CFS,BS,매출채권,131177126133.0,,2026-07-11
"=""01199550""","=""267260""",HD현대에너지솔루션,2025,CFS,BS,무형자산,9810882939.0,,2026-07-11
"=""01199550""","=""267260""",HD현대에너지솔루션,2025,CFS,CF,무형자산의 취득,6284322782.0,,2026-07-11
"=""01199550""","=""267260""",HD현대에너지솔루션,2025,CFS,CF,배당금지급,0.0,,2026-07-11
"=""01199550""","=""267260""",HD현대에너지솔루션,2025,CFS,BS,부채총계,112646200697.0,,2026-07-11
"=""01199550""","=""267260""",HD현대에너지솔루션,2025,CFS,BS,비유동부채,17105830497.0,,2026-07-11
"=""01199550""","=""267260""",HD현대에너지솔루션,2025,CFS,CIS,영업이익,41222890455.0,,2026-07-11
"=""01199550""","=""267260""",HD현대에너지솔루션,2025,CFS,CF,영업활동현금흐름,17722056369.0,,2026-07-11
"=""01199550""","=""267260""",HD현대에너지솔루션,2025,CFS,BS,유형자산,97902800041.0,,2026-07-11
"=""01199550""","=""267260""",HD현대에너지솔루션,2025,CFS,CF,유형자산의 취득,12304011908.0,,2026-07-11
"=""01199550""","=""267260""",HD현대에너지솔루션,2025,CFS,BS,자본총계,417784216586.0,,2026-07-11
"=""01199550""","=""267260""",HD현대에너지솔루션,2025,CFS,BS,재고자산,95367940093.0,,2026-07-11
"=""01199550""","=""267260""",HD현대에너지솔루션,2025,CFS,CF,재무활동현금흐름,2438356300.0,,2026-07-11
"=""01199550""","=""267260""",HD현대에너지솔루션,2025,CFS,BS,총자산,530430417283.0,,2026-07-11
"=""01199550""","=""267260""",HD현대에너지솔루션,2025,CFS,CF,투자활동현금흐름,-124031994765.0,,2026-07-11
"=""01199550""","=""267260""",HD현대에너지솔루션,2025,CFS,CIS,판매비와관리비,65020937754.0,,2026-07-11
"=""01199550""","=""267260""",HD현대에너지솔루션,2024,CFS,CIS,금융비용,8580092330.0,,2026-07-11
"=""01199550""","=""267260""",HD현대에너지솔루션,2024,CFS,CIS,당기순이익,114228449.0,,2026-07-11
"=""01199550""","=""267260""",HD현대에너지솔루션,2024,CFS,CIS,매출액,422371216357.0,,2026-07-11
"=""01199550""","=""267260""",HD현대에너지솔루션,2024,CFS,CIS,매출원가,374969838325.0,,2026-07-11
"=""01199550""","=""267260""",HD현대에너지솔루션,2024,CFS,BS,매출채권,78415716493.0,,2026-07-11
"=""01199550""","=""267260""",HD현대에너지솔루션,2024,CFS,BS,무형자산,9541979228.0,,2026-07-11
"=""01199550""","=""267260""",HD현대에너지솔루션,2024,CFS,CF,무형자산의 취득,4962915457.0,,2026-07-11
"=""01199550""","=""267260""",HD현대에너지솔루션,2024,CFS,CF,배당금지급,0.0,,2026-07-11
"=""01199550""","=""267260""",HD현대에너지솔루션,2024,CFS,BS,부채총계,84090604074.0,,2026-07-11
"=""01199550""","=""267260""",HD현대에너지솔루션,2024,CFS,BS,비유동부채,14085583962.0,,2026-07-11
"=""01199550""","=""267260""",HD현대에너지솔루션,2024,CFS,CIS,영업이익,3502725251.0,,2026-07-11
"=""01199550""","=""267260""",HD현대에너지솔루션,2024,CFS,CF,영업활동현금흐름,83448719253.0,,2026-07-11
"=""01199550""","=""267260""",HD현대에너지솔루션,2024,CFS,BS,유형자산,87540897757.0,,2026-07-11
"=""01199550""","=""267260""",HD현대에너지솔루션,2024,CFS,CF,유형자산의 취득,11670758253.0,,2026-07-11
"=""01199550""","=""267260""",HD현대에너지솔루션,2024,CFS,BS,자본총계,369683769362.0,,2026-07-11
"=""01199550""","=""267260""",HD현대에너지솔루션,2024,CFS,BS,재고자산,83409572169.0,,2026-07-11
"=""01199550""","=""267260""",HD현대에너지솔루션,2024,CFS,CF,재무활동현금흐름,-34395697995.0,,2026-07-11
"=""01199550""","=""267260""",HD현대에너지솔루션,2024,CFS,BS,총자산,453774373436.0,,2026-07-11
"=""01199550""","=""267260""",HD현대에너지솔루션,2024,CFS,CF,투자활동현금흐름,-13801409961.0,,2026-07-11
"=""01199550""","=""267260""",HD현대에너지솔루션,2024,CFS,CIS,판매비와관리비,43898652781.0,,2026-07-11
"=""01199550""","=""267260""",HD현대에너지솔루션,2023,CFS,CIS,금융비용,15456916666.0,,2026-07-11
"=""01199550""","=""267260""",HD현대에너지솔루션,2023,CFS,CIS,당기순이익,-2863877616.0,,2026-07-11
"=""01199550""","=""267260""",HD현대에너지솔루션,2023,CFS,CIS,매출액,546119805992.0,,2026-07-11
"=""01199550""","=""267260""",HD현대에너지솔루션,2023,CFS,CIS,매출원가,482948998047.0,,2026-07-11
"=""01199550""","=""267260""",HD현대에너지솔루션,2023,CFS,BS,매출채권,85357844747.0,,2026-07-11
"=""01199550""","=""267260""",HD현대에너지솔루션,2023,CFS,BS,무형자산,10174709436.0,,2026-07-11
"=""01199550""","=""267260""",HD현대에너지솔루션,2023,CFS,CF,무형자산의 취득,2625599060.0,,2026-07-11
"=""01199550""","=""267260""",HD현대에너지솔루션,2023,CFS,CF,배당금지급,6720000000.0,,2026-07-11
"=""01199550""","=""267260""",HD현대에너지솔루션,2023,CFS,BS,부채총계,130500000767.0,,2026-07-11
"=""01199550""","=""267260""",HD현대에너지솔루션,2023,CFS,BS,비유동부채,25246631865.0,,2026-07-11
"=""01199550""","=""267260""",HD현대에너지솔루션,2023,CFS,CIS,영업이익,17542859732.0,,2026-07-11
"=""01199550""","=""267260""",HD현대에너지솔루션,2023,CFS,CF,영업활동현금흐름,75783714561.0,,2026-07-11
"=""01199550""","=""267260""",HD현대에너지솔루션,2023,CFS,BS,유형자산,94813335886.0,,2026-07-11
"=""01199550""","=""267260""",HD현대에너지솔루션,2023,CFS,CF,유형자산의 취득,8418678975.0,,2026-07-11
"=""01199550""","=""267260""",HD현대에너지솔루션,2023,CFS,BS,자본총계,371556913092.0,,2026-07-11
"=""01199550""","=""267260""",HD현대에너지솔루션,2023,CFS,BS,재고자산,168208074370.0,,2026-07-11
"=""01199550""","=""267260""",HD현대에너지솔루션,2023,CFS,CF,재무활동현금흐름,-30049485024.0,,2026-07-11
"=""01199550""","=""267260""",HD현대에너지솔루션,2023,CFS,BS,총자산,502056913859.0,,2026-07-11
"=""01199550""","=""267260""",HD현대에너지솔루션,2023,CFS,CF,투자활동현금흐름,-9628704337.0,,2026-07-11
"=""01199550""","=""267260""",HD현대에너지솔루션,2023,CFS,CIS,판매비와관리비,45627948213.0,,2026-07-11
"=""01288827""","=""061970""",HPSP,2025,OFS,CIS,금융비용,59266722.0,,2026-07-11
"=""01288827""","=""061970""",HPSP,2025,OFS,CIS,당기순이익,72662225546.0,,2026-07-11
"=""01288827""","=""061970""",HPSP,2025,OFS,CIS,매출액,172964572189.0,,2026-07-11
"=""01288827""","=""061970""",HPSP,2025,OFS,CIS,매출원가,46674253537.0,,2026-07-11
"=""01288827""","=""061970""",HPSP,2025,OFS,BS,매출채권,23153192411.0,,2026-07-11
"=""01288827""","=""061970""",HPSP,2025,OFS,BS,무형자산,916272822.0,,2026-07-11
"=""01288827""","=""061970""",HPSP,2025,OFS,CF,무형자산의 취득,99357251.0,,2026-07-11
"=""01288827""","=""061970""",HPSP,2025,OFS,CF,배당금지급,48219203400.0,,2026-07-11
"=""01288827""","=""061970""",HPSP,2025,OFS,BS,부채총계,61476437245.0,,2026-07-11
"=""01288827""","=""061970""",HPSP,2025,OFS,BS,비유동부채,733890182.0,,2026-07-11
"=""01288827""","=""061970""",HPSP,2025,OFS,CIS,영업이익,89902342748.0,,2026-07-11
"=""01288827""","=""061970""",HPSP,2025,OFS,CF,영업활동현금흐름,100205138390.0,,2026-07-11
"=""01288827""","=""061970""",HPSP,2025,OFS,BS,유형자산,48043652365.0,,2026-07-11
"=""01288827""","=""061970""",HPSP,2025,OFS,CF,유형자산의 취득,2329823754.0,,2026-07-11
"=""01288827""","=""061970""",HPSP,2025,OFS,BS,자본총계,308230752232.0,,2026-07-11
"=""01288827""","=""061970""",HPSP,2025,OFS,BS,재고자산,15957076752.0,,2026-07-11
"=""01288827""","=""061970""",HPSP,2025,OFS,CF,재무활동현금흐름,-48272077072.0,,2026-07-11
"=""01288827""","=""061970""",HPSP,2025,OFS,BS,총자산,369707189477.0,,2026-07-11
"=""01288827""","=""061970""",HPSP,2025,OFS,CF,투자활동현금흐름,-19164633777.0,,2026-07-11
"=""01288827""","=""061970""",HPSP,2025,OFS,CIS,판매비와관리비,36387975904.0,,2026-07-11
"=""01288827""","=""061970""",HPSP,2024,OFS,CIS,금융비용,102125314.0,,2026-07-11
"=""01288827""","=""061970""",HPSP,2024,OFS,CIS,당기순이익,86280231062.0,,2026-07-11
"=""01288827""","=""061970""",HPSP,2024,OFS,CIS,매출액,181401607828.0,,2026-07-11
"=""01288827""","=""061970""",HPSP,2024,OFS,CIS,매출원가,51789962159.0,,2026-07-11
"=""01288827""","=""061970""",HPSP,2024,OFS,BS,매출채권,9541217225.0,,2026-07-11
"=""01288827""","=""061970""",HPSP,2024,OFS,BS,무형자산,2135179038.0,,2026-07-11
"=""01288827""","=""061970""",HPSP,2024,OFS,CF,무형자산의 취득,460736588.0,,2026-07-11
"=""01288827""","=""061970""",HPSP,2024,OFS,CF,배당금지급,7487141100.0,,2026-07-11
"=""01288827""","=""061970""",HPSP,2024,OFS,BS,부채총계,41985505352.0,,2026-07-11
"=""01288827""","=""061970""",HPSP,2024,OFS,BS,비유동부채,1025448318.0,,2026-07-11
"=""01288827""","=""061970""",HPSP,2024,OFS,CIS,영업이익,93945693775.0,,2026-07-11
"=""01288827""","=""061970""",HPSP,2024,OFS,CF,영업활동현금흐름,97936697981.0,,2026-07-11
"=""01288827""","=""061970""",HPSP,2024,OFS,BS,유형자산,49298337776.0,,2026-07-11
"=""01288827""","=""061970""",HPSP,2024,OFS,CF,유형자산의 취득,43112610428.0,,2026-07-11
"=""01288827""","=""061970""",HPSP,2024,OFS,BS,자본총계,277910828155.0,,2026-07-11
"=""01288827""","=""061970""",HPSP,2024,OFS,BS,재고자산,23116428628.0,,2026-07-11
"=""01288827""","=""061970""",HPSP,2024,OFS,CF,재무활동현금흐름,-93933043745.0,,2026-07-11
"=""01288827""","=""061970""",HPSP,2024,OFS,BS,총자산,319896333507.0,,2026-07-11
"=""01288827""","=""061970""",HPSP,2024,OFS,CF,투자활동현금흐름,19759115436.0,,2026-07-11
"=""01288827""","=""061970""",HPSP,2024,OFS,CIS,판매비와관리비,35665951894.0,,2026-07-11
"=""01288827""","=""061970""",HPSP,2023,OFS,CIS,금융비용,170562900.0,,2026-07-11
"=""01288827""","=""061970""",HPSP,2023,OFS,CIS,당기순이익,80432402487.0,,2026-07-11
"=""01288827""","=""061970""",HPSP,2023,OFS,CIS,매출액,179086660832.0,,2026-07-11
"=""01288827""","=""061970""",HPSP,2023,OFS,CIS,매출원가,60497746980.0,,2026-07-11
"=""01288827""","=""061970""",HPSP,2023,OFS,BS,매출채권,2205056877.0,,2026-07-11
"=""01288827""","=""061970""",HPSP,2023,OFS,BS,무형자산,1706648312.0,,2026-07-11
"=""01288827""","=""061970""",HPSP,2023,OFS,CF,무형자산의 취득,1512653531.0,,2026-07-11
"=""01288827""","=""061970""",HPSP,2023,OFS,CF,배당금지급,1813462500.0,,2026-07-11
"=""01288827""","=""061970""",HPSP,2023,OFS,BS,부채총계,43607317988.0,,2026-07-11
"=""01288827""","=""061970""",HPSP,2023,OFS,BS,비유동부채,2052735389.0,,2026-07-11
"=""01288827""","=""061970""",HPSP,2023,OFS,CIS,영업이익,95206074427.0,,2026-07-11
"=""01288827""","=""061970""",HPSP,2023,OFS,CF,영업활동현금흐름,90318133969.0,,2026-07-11
"=""01288827""","=""061970""",HPSP,2023,OFS,BS,유형자산,40296201560.0,,2026-07-11
"=""01288827""","=""061970""",HPSP,2023,OFS,CF,유형자산의 취득,24669654491.0,,2026-07-11
"=""01288827""","=""061970""",HPSP,2023,OFS,BS,자본총계,277080288653.0,,2026-07-11
"=""01288827""","=""061970""",HPSP,2023,OFS,BS,재고자산,24223776591.0,,2026-07-11
"=""01288827""","=""061970""",HPSP,2023,OFS,CF,재무활동현금흐름,-4241573644.0,,2026-07-11
"=""01288827""","=""061970""",HPSP,2023,OFS,BS,총자산,320687606641.0,,2026-07-11
"=""01288827""","=""061970""",HPSP,2023,OFS,CF,투자활동현금흐름,-147900028722.0,,2026-07-11
"=""01288827""","=""061970""",HPSP,2023,OFS,CIS,판매비와관리비,23382839425.0,,2026-07-11
"=""00572905""","=""024800""",ISC,2025,CFS,CIS,금융비용,9130591765.0,,2026-07-11
"=""00572905""","=""024800""",ISC,2025,CFS,CIS,당기순이익,56343270511.0,,2026-07-11
"=""00572905""","=""024800""",ISC,2025,CFS,CIS,매출액,220194751972.0,,2026-07-11
"=""00572905""","=""024800""",ISC,2025,CFS,CIS,매출원가,122455936259.0,,2026-07-11
"=""00572905""","=""024800""",ISC,2025,CFS,BS,매출채권,69838745682.0,,2026-07-11
"=""00572905""","=""024800""",ISC,2025,CFS,BS,무형자산,6488317138.0,,2026-07-11
"=""00572905""","=""024800""",ISC,2025,CFS,CF,무형자산의 취득,662843304.0,,2026-07-11
"=""00572905""","=""024800""",ISC,2025,CFS,CF,배당금지급,16575995520.0,,2026-07-11
"=""00572905""","=""024800""",ISC,2025,CFS,BS,부채총계,85159587468.0,,2026-07-11
"=""00572905""","=""024800""",ISC,2025,CFS,BS,비유동부채,2277688938.0,,2026-07-11
"=""00572905""","=""024800""",ISC,2025,CFS,CIS,영업이익,60053887115.0,,2026-07-11
"=""00572905""","=""024800""",ISC,2025,CFS,CF,영업활동현금흐름,41712020998.0,,2026-07-11
"=""00572905""","=""024800""",ISC,2025,CFS,BS,유형자산,91002025205.0,,2026-07-11
"=""00572905""","=""024800""",ISC,2025,CFS,CF,유형자산의 취득,5671292473.0,,2026-07-11
"=""00572905""","=""024800""",ISC,2025,CFS,BS,자본총계,537260669443.0,,2026-07-11
"=""00572905""","=""024800""",ISC,2025,CFS,BS,재고자산,25011166037.0,,2026-07-11
"=""00572905""","=""024800""",ISC,2025,CFS,CF,재무활동현금흐름,-17060276708.0,,2026-07-11
"=""00572905""","=""024800""",ISC,2025,CFS,BS,총자산,622420256911.0,,2026-07-11
"=""00572905""","=""024800""",ISC,2025,CFS,CF,투자활동현금흐름,13991425371.0,,2026-07-11
"=""00572905""","=""024800""",ISC,2025,CFS,CIS,판매비와관리비,37684928598.0,,2026-07-11
"=""00572905""","=""024800""",ISC,2024,CFS,CIS,금융비용,7351440555.0,,2026-07-11
"=""00572905""","=""024800""",ISC,2024,CFS,CIS,당기순이익,54898977342.0,,2026-07-11
"=""00572905""","=""024800""",ISC,2024,CFS,CIS,매출액,174480093980.0,,2026-07-11
"=""00572905""","=""024800""",ISC,2024,CFS,CIS,매출원가,100082332536.0,,2026-07-11
"=""00572905""","=""024800""",ISC,2024,CFS,BS,매출채권,32892700530.0,,2026-07-11
"=""00572905""","=""024800""",ISC,2024,CFS,BS,무형자산,4637106922.0,,2026-07-11
"=""00572905""","=""024800""",ISC,2024,CFS,CF,무형자산의 취득,264180373.0,,2026-07-11
"=""00572905""","=""024800""",ISC,2024,CFS,CF,배당금지급,4092838400.0,,2026-07-11
"=""00572905""","=""024800""",ISC,2024,CFS,BS,부채총계,59741369182.0,,2026-07-11
"=""00572905""","=""024800""",ISC,2024,CFS,BS,비유동부채,7470159434.0,,2026-07-11
"=""00572905""","=""024800""",ISC,2024,CFS,CIS,영업이익,44784268057.0,,2026-07-11
"=""00572905""","=""024800""",ISC,2024,CFS,CF,영업활동현금흐름,50672432870.0,,2026-07-11
"=""00572905""","=""024800""",ISC,2024,CFS,BS,유형자산,92193724607.0,,2026-07-11
"=""00572905""","=""024800""",ISC,2024,CFS,CF,유형자산의 취득,11378896511.0,,2026-07-11
"=""00572905""","=""024800""",ISC,2024,CFS,BS,자본총계,523141601304.0,,2026-07-11
"=""00572905""","=""024800""",ISC,2024,CFS,BS,재고자산,15439669473.0,,2026-07-11
"=""00572905""","=""024800""",ISC,2024,CFS,CF,재무활동현금흐름,-27006085434.0,,2026-07-11
"=""00572905""","=""024800""",ISC,2024,CFS,BS,총자산,582882970486.0,,2026-07-11
"=""00572905""","=""024800""",ISC,2024,CFS,CF,투자활동현금흐름,-251869254329.0,,2026-07-11
"=""00572905""","=""024800""",ISC,2024,CFS,CIS,판매비와관리비,29613493387.0,,2026-07-11
"=""00572905""","=""024800""",ISC,2023,CFS,CIS,금융비용,2127281898.0,,2026-07-11
"=""00572905""","=""024800""",ISC,2023,CFS,CIS,당기순이익,13583247114.0,,2026-07-11
"=""00572905""","=""024800""",ISC,2023,CFS,CIS,매출액,140221939908.0,,2026-07-11
"=""00572905""","=""024800""",ISC,2023,CFS,CIS,매출원가,85057436771.0,,2026-07-11
"=""00572905""","=""024800""",ISC,2023,CFS,BS,매출채권,26119215253.0,,2026-07-11
"=""00572905""","=""024800""",ISC,2023,CFS,BS,무형자산,21407010741.0,,2026-07-11
"=""00572905""","=""024800""",ISC,2023,CFS,CF,무형자산의 취득,92500315.0,,2026-07-11
"=""00572905""","=""024800""",ISC,2023,CFS,CF,배당금지급,9999963000.0,,2026-07-11
"=""00572905""","=""024800""",ISC,2023,CFS,BS,부채총계,68360512034.0,,2026-07-11
"=""00572905""","=""024800""",ISC,2023,CFS,BS,비유동부채,10108190328.0,,2026-07-11
"=""00572905""","=""024800""",ISC,2023,CFS,CIS,영업이익,10736706776.0,,2026-07-11
"=""00572905""","=""024800""",ISC,2023,CFS,CF,영업활동현금흐름,22378623635.0,,2026-07-11
"=""00572905""","=""024800""",ISC,2023,CFS,BS,유형자산,92783927417.0,,2026-07-11
"=""00572905""","=""024800""",ISC,2023,CFS,CF,유형자산의 취득,14523673745.0,,2026-07-11
"=""00572905""","=""024800""",ISC,2023,CFS,BS,자본총계,473452647667.0,,2026-07-11
"=""00572905""","=""024800""",ISC,2023,CFS,BS,재고자산,15434848370.0,,2026-07-11
"=""00572905""","=""024800""",ISC,2023,CFS,CF,재무활동현금흐름,193733028010.0,,2026-07-11
"=""00572905""","=""024800""",ISC,2023,CFS,BS,총자산,541813159701.0,,2026-07-11
"=""00572905""","=""024800""",ISC,2023,CFS,CF,투자활동현금흐름,-1629910327.0,,2026-07-11
"=""00572905""","=""024800""",ISC,2023,CFS,CIS,판매비와관리비,44427796361.0,,2026-07-11
"=""00525934""","=""148040""",LX세미콘,2025,CFS,IS,금융비용,17269395620.0,,2026-07-11
"=""00525934""","=""148040""",LX세미콘,2025,CFS,CIS,당기순이익,82633081344.0,,2026-07-11
"=""00525934""","=""148040""",LX세미콘,2025,CFS,IS,매출액,1639070665791.0,,2026-07-11
"=""00525934""","=""148040""",LX세미콘,2025,CFS,IS,매출원가,1115880275236.0,,2026-07-11
"=""00525934""","=""148040""",LX세미콘,2025,CFS,BS,매출채권,354752505821.0,,2026-07-11
"=""00525934""","=""148040""",LX세미콘,2025,CFS,BS,무형자산,81730493645.0,,2026-07-11
"=""00525934""","=""148040""",LX세미콘,2025,CFS,CF,무형자산의 취득,9533398718.0,,2026-07-11
"=""00525934""","=""148040""",LX세미콘,2025,CFS,CF,배당금지급,39034211466.0,,2026-07-11
"=""00525934""","=""148040""",LX세미콘,2025,CFS,BS,부채총계,274236911903.0,,2026-07-11
"=""00525934""","=""148040""",LX세미콘,2025,CFS,BS,비유동부채,33895447543.0,,2026-07-11
"=""00525934""","=""148040""",LX세미콘,2025,CFS,IS,영업이익,108856055553.0,,2026-07-11
"=""00525934""","=""148040""",LX세미콘,2025,CFS,CF,영업활동현금흐름,137086532839.0,,2026-07-11
"=""00525934""","=""148040""",LX세미콘,2025,CFS,BS,유형자산,112616342337.0,,2026-07-11
"=""00525934""","=""148040""",LX세미콘,2025,CFS,CF,유형자산의 취득,19613805325.0,,2026-07-11
"=""00525934""","=""148040""",LX세미콘,2025,CFS,BS,자본총계,1125606564582.0,,2026-07-11
"=""00525934""","=""148040""",LX세미콘,2025,CFS,BS,재고자산,193300646173.0,,2026-07-11
"=""00525934""","=""148040""",LX세미콘,2025,CFS,CF,재무활동현금흐름,-48821681499.0,,2026-07-11
"=""00525934""","=""148040""",LX세미콘,2025,CFS,BS,총자산,1399843476485.0,,2026-07-11
"=""00525934""","=""148040""",LX세미콘,2025,CFS,CF,투자활동현금흐름,-148843852642.0,,2026-07-11
"=""00525934""","=""148040""",LX세미콘,2025,CFS,IS,판매비와관리비,414334335002.0,,2026-07-11
"=""00525934""","=""148040""",LX세미콘,2024,CFS,IS,금융비용,33787507774.0,,2026-07-11
"=""00525934""","=""148040""",LX세미콘,2024,CFS,CIS,당기순이익,130509153930.0,,2026-07-11
"=""00525934""","=""148040""",LX세미콘,2024,CFS,IS,매출액,1865621538499.0,,2026-07-11
"=""00525934""","=""148040""",LX세미콘,2024,CFS,IS,매출원가,1249744048726.0,,2026-07-11
"=""00525934""","=""148040""",LX세미콘,2024,CFS,BS,매출채권,448798746663.0,,2026-07-11
"=""00525934""","=""148040""",LX세미콘,2024,CFS,BS,무형자산,84391556772.0,,2026-07-11
"=""00525934""","=""148040""",LX세미콘,2024,CFS,CF,무형자산의 취득,18961920322.0,,2026-07-11
"=""00525934""","=""148040""",LX세미콘,2024,CFS,CF,배당금지급,29275659685.0,,2026-07-11
"=""00525934""","=""148040""",LX세미콘,2024,CFS,BS,부채총계,420215422354.0,,2026-07-11
"=""00525934""","=""148040""",LX세미콘,2024,CFS,BS,비유동부채,68376942104.0,,2026-07-11
"=""00525934""","=""148040""",LX세미콘,2024,CFS,IS,영업이익,167076803816.0,,2026-07-11
"=""00525934""","=""148040""",LX세미콘,2024,CFS,CF,영업활동현금흐름,168867504547.0,,2026-07-11
"=""00525934""","=""148040""",LX세미콘,2024,CFS,BS,유형자산,111129212477.0,,2026-07-11
"=""00525934""","=""148040""",LX세미콘,2024,CFS,CF,유형자산의 취득,23079612443.0,,2026-07-11
"=""00525934""","=""148040""",LX세미콘,2024,CFS,BS,자본총계,1079586526506.0,,2026-07-11
"=""00525934""","=""148040""",LX세미콘,2024,CFS,BS,재고자산,211439816577.0,,2026-07-11
"=""00525934""","=""148040""",LX세미콘,2024,CFS,CF,재무활동현금흐름,-38126909406.0,,2026-07-11
"=""00525934""","=""148040""",LX세미콘,2024,CFS,BS,총자산,1499801948860.0,,2026-07-11
"=""00525934""","=""148040""",LX세미콘,2024,CFS,CF,투자활동현금흐름,-76816118580.0,,2026-07-11
"=""00525934""","=""148040""",LX세미콘,2024,CFS,IS,판매비와관리비,448800685957.0,,2026-07-11
"=""00525934""","=""148040""",LX세미콘,2023,CFS,IS,금융비용,24997658777.0,,2026-07-11
"=""00525934""","=""148040""",LX세미콘,2023,CFS,CIS,당기순이익,101203533006.0,,2026-07-11
"=""00525934""","=""148040""",LX세미콘,2023,CFS,IS,매출액,1901444975029.0,,2026-07-11
"=""00525934""","=""148040""",LX세미콘,2023,CFS,IS,매출원가,1367468136980.0,,2026-07-11
"=""00525934""","=""148040""",LX세미콘,2023,CFS,BS,매출채권,204968516437.0,,2026-07-11
"=""00525934""","=""148040""",LX세미콘,2023,CFS,BS,무형자산,73937288123.0,,2026-07-11
"=""00525934""","=""148040""",LX세미콘,2023,CFS,CF,무형자산의 취득,19743067166.0,,2026-07-11
"=""00525934""","=""148040""",LX세미콘,2023,CFS,CF,배당금지급,73189350000.0,,2026-07-11
"=""00525934""","=""148040""",LX세미콘,2023,CFS,BS,부채총계,228301207505.0,,2026-07-11
"=""00525934""","=""148040""",LX세미콘,2023,CFS,BS,비유동부채,20964194264.0,,2026-07-11
"=""00525934""","=""148040""",LX세미콘,2023,CFS,IS,영업이익,129035656339.0,,2026-07-11
"=""00525934""","=""148040""",LX세미콘,2023,CFS,CF,영업활동현금흐름,102405033951.0,,2026-07-11
"=""00525934""","=""148040""",LX세미콘,2023,CFS,BS,유형자산,104427738469.0,,2026-07-11
"=""00525934""","=""148040""",LX세미콘,2023,CFS,CF,유형자산의 취득,32926692756.0,,2026-07-11
"=""00525934""","=""148040""",LX세미콘,2023,CFS,BS,자본총계,976763737232.0,,2026-07-11
"=""00525934""","=""148040""",LX세미콘,2023,CFS,BS,재고자산,335891039471.0,,2026-07-11
"=""00525934""","=""148040""",LX세미콘,2023,CFS,CF,재무활동현금흐름,-81590138998.0,,2026-07-11
"=""00525934""","=""148040""",LX세미콘,2023,CFS,BS,총자산,1205064944737.0,,2026-07-11
"=""00525934""","=""148040""",LX세미콘,2023,CFS,CF,투자활동현금흐름,-26244846040.0,,2026-07-11
"=""00525934""","=""148040""",LX세미콘,2023,CFS,IS,판매비와관리비,404941181710.0,,2026-07-11
"=""01078178""","=""204210""",RFHIC,2025,CFS,CIS,금융비용,4862130444.0,,2026-07-11
"=""01078178""","=""204210""",RFHIC,2025,CFS,CIS,당기순이익,35505822915.0,,2026-07-11
"=""01078178""","=""204210""",RFHIC,2025,CFS,CIS,매출액,185803786324.0,,2026-07-11
"=""01078178""","=""204210""",RFHIC,2025,CFS,CIS,매출원가,121555205948.0,,2026-07-11
"=""01078178""","=""204210""",RFHIC,2025,CFS,BS,매출채권,46527006122.0,,2026-07-11
"=""01078178""","=""204210""",RFHIC,2025,CFS,BS,무형자산,6052130466.0,,2026-07-11
"=""01078178""","=""204210""",RFHIC,2025,CFS,CF,무형자산의 취득,804091940.0,,2026-07-11
"=""01078178""","=""204210""",RFHIC,2025,CFS,CF,배당금지급,2542087800.0,,2026-07-11
"=""01078178""","=""204210""",RFHIC,2025,CFS,BS,부채총계,149724811185.0,,2026-07-11
"=""01078178""","=""204210""",RFHIC,2025,CFS,BS,비유동부채,73771521256.0,,2026-07-11
"=""01078178""","=""204210""",RFHIC,2025,CFS,CIS,영업이익,30889493523.0,,2026-07-11
"=""01078178""","=""204210""",RFHIC,2025,CFS,CF,영업활동현금흐름,29499225878.0,,2026-07-11
"=""01078178""","=""204210""",RFHIC,2025,CFS,BS,유형자산,113546274200.0,,2026-07-11
"=""01078178""","=""204210""",RFHIC,2025,CFS,CF,유형자산의 취득,4404635450.0,,2026-07-11
"=""01078178""","=""204210""",RFHIC,2025,CFS,BS,자본총계,396459689603.0,,2026-07-11
"=""01078178""","=""204210""",RFHIC,2025,CFS,BS,재고자산,88708201471.0,,2026-07-11
"=""01078178""","=""204210""",RFHIC,2025,CFS,CF,재무활동현금흐름,7801586228.0,,2026-07-11
"=""01078178""","=""204210""",RFHIC,2025,CFS,BS,총자산,546184500788.0,,2026-07-11
"=""01078178""","=""204210""",RFHIC,2025,CFS,CF,투자활동현금흐름,-37905386358.0,,2026-07-11
"=""01078178""","=""204210""",RFHIC,2025,CFS,CIS,판매비와관리비,33359086853.0,,2026-07-11
"=""01078178""","=""204210""",RFHIC,2024,CFS,CIS,금융비용,6140746420.0,,2026-07-11
"=""01078178""","=""204210""",RFHIC,2024,CFS,CIS,당기순이익,19698779772.0,,2026-07-11
"=""01078178""","=""204210""",RFHIC,2024,CFS,CIS,매출액,114875963020.0,,2026-07-11
"=""01078178""","=""204210""",RFHIC,2024,CFS,CIS,매출원가,79227559620.0,,2026-07-11
"=""01078178""","=""204210""",RFHIC,2024,CFS,BS,매출채권,26901676345.0,,2026-07-11
"=""01078178""","=""204210""",RFHIC,2024,CFS,BS,무형자산,6172999574.0,,2026-07-11
"=""01078178""","=""204210""",RFHIC,2024,CFS,CF,무형자산의 취득,2903925476.0,,2026-07-11
"=""01078178""","=""204210""",RFHIC,2024,CFS,CF,배당금지급,2589913400.0,,2026-07-11
"=""01078178""","=""204210""",RFHIC,2024,CFS,BS,부채총계,124988407222.0,,2026-07-11
"=""01078178""","=""204210""",RFHIC,2024,CFS,BS,비유동부채,29945063734.0,,2026-07-11
"=""01078178""","=""204210""",RFHIC,2024,CFS,CIS,영업이익,1529788265.0,,2026-07-11
"=""01078178""","=""204210""",RFHIC,2024,CFS,CF,영업활동현금흐름,32421992405.0,,2026-07-11
"=""01078178""","=""204210""",RFHIC,2024,CFS,BS,유형자산,114890077480.0,,2026-07-11
"=""01078178""","=""204210""",RFHIC,2024,CFS,CF,유형자산의 취득,22018639648.0,,2026-07-11
"=""01078178""","=""204210""",RFHIC,2024,CFS,BS,자본총계,357960809650.0,,2026-07-11
"=""01078178""","=""204210""",RFHIC,2024,CFS,BS,재고자산,75009158166.0,,2026-07-11
"=""01078178""","=""204210""",RFHIC,2024,CFS,CF,재무활동현금흐름,-62894806461.0,,2026-07-11
"=""01078178""","=""204210""",RFHIC,2024,CFS,BS,총자산,482949216872.0,,2026-07-11
"=""01078178""","=""204210""",RFHIC,2024,CFS,CF,투자활동현금흐름,59510048740.0,,2026-07-11
"=""01078178""","=""204210""",RFHIC,2024,CFS,CIS,판매비와관리비,34118615135.0,,2026-07-11
"=""01078178""","=""204210""",RFHIC,2023,CFS,CIS,금융비용,7722733498.0,,2026-07-11
"=""01078178""","=""204210""",RFHIC,2023,CFS,CIS,당기순이익,17683006519.0,,2026-07-11
"=""01078178""","=""204210""",RFHIC,2023,CFS,CIS,매출액,111432998779.0,,2026-07-11
"=""01078178""","=""204210""",RFHIC,2023,CFS,CIS,매출원가,74640642120.0,,2026-07-11
"=""01078178""","=""204210""",RFHIC,2023,CFS,BS,매출채권,18443351138.0,,2026-07-11
"=""01078178""","=""204210""",RFHIC,2023,CFS,BS,무형자산,4735552757.0,,2026-07-11
"=""01078178""","=""204210""",RFHIC,2023,CFS,CF,무형자산의 취득,1295178505.0,,2026-07-11
"=""01078178""","=""204210""",RFHIC,2023,CFS,CF,배당금지급,3110876800.0,,2026-07-11
"=""01078178""","=""204210""",RFHIC,2023,CFS,BS,부채총계,181123793582.0,,2026-07-11
"=""01078178""","=""204210""",RFHIC,2023,CFS,BS,비유동부채,13121284143.0,,2026-07-11
"=""01078178""","=""204210""",RFHIC,2023,CFS,CIS,영업이익,303024279.0,,2026-07-11
"=""01078178""","=""204210""",RFHIC,2023,CFS,CF,영업활동현금흐름,15959063595.0,,2026-07-11
"=""01078178""","=""204210""",RFHIC,2023,CFS,BS,유형자산,119582769668.0,,2026-07-11
"=""01078178""","=""204210""",RFHIC,2023,CFS,CF,유형자산의 취득,42544778901.0,,2026-07-11
"=""01078178""","=""204210""",RFHIC,2023,CFS,BS,자본총계,328275652396.0,,2026-07-11
"=""01078178""","=""204210""",RFHIC,2023,CFS,BS,재고자산,78795213136.0,,2026-07-11
"=""01078178""","=""204210""",RFHIC,2023,CFS,CF,재무활동현금흐름,-10492285416.0,,2026-07-11
"=""01078178""","=""204210""",RFHIC,2023,CFS,BS,총자산,509399445978.0,,2026-07-11
"=""01078178""","=""204210""",RFHIC,2023,CFS,CF,투자활동현금흐름,-7579827090.0,,2026-07-11
"=""01078178""","=""204210""",RFHIC,2023,CFS,CIS,판매비와관리비,36365867931.0,,2026-07-11
"=""00301246""","=""007920""",SFA반도체,2025,CFS,CIS,금융비용,3430596637.0,,2026-07-11
"=""00301246""","=""007920""",SFA반도체,2025,CFS,CIS,당기순이익,-19130997781.0,,2026-07-11
"=""00301246""","=""007920""",SFA반도체,2025,CFS,CIS,매출액,367389147993.0,,2026-07-11
"=""00301246""","=""007920""",SFA반도체,2025,CFS,CIS,매출원가,372719484474.0,,2026-07-11
"=""00301246""","=""007920""",SFA반도체,2025,CFS,BS,매출채권,51029485102.0,,2026-07-11
"=""00301246""","=""007920""",SFA반도체,2025,CFS,BS,무형자산,8298465218.0,,2026-07-11
"=""00301246""","=""007920""",SFA반도체,2025,CFS,CF,무형자산의 취득,373919174.0,,2026-07-11
"=""00301246""","=""007920""",SFA반도체,2025,CFS,CF,배당금지급,0.0,,2026-07-11
"=""00301246""","=""007920""",SFA반도체,2025,CFS,BS,부채총계,76627410257.0,,2026-07-11
"=""00301246""","=""007920""",SFA반도체,2025,CFS,BS,비유동부채,33094504608.0,,2026-07-11
"=""00301246""","=""007920""",SFA반도체,2025,CFS,CIS,영업이익,-19626671175.0,,2026-07-11
"=""00301246""","=""007920""",SFA반도체,2025,CFS,CF,영업활동현금흐름,5456325212.0,,2026-07-11
"=""00301246""","=""007920""",SFA반도체,2025,CFS,BS,유형자산,356304959018.0,,2026-07-11
"=""00301246""","=""007920""",SFA반도체,2025,CFS,CF,유형자산의 취득,21686006810.0,,2026-07-11
"=""00301246""","=""007920""",SFA반도체,2025,CFS,BS,자본총계,472827187628.0,,2026-07-11
"=""00301246""","=""007920""",SFA반도체,2025,CFS,BS,재고자산,37534011639.0,,2026-07-11
"=""00301246""","=""007920""",SFA반도체,2025,CFS,CF,재무활동현금흐름,-64176857670.0,,2026-07-11
"=""00301246""","=""007920""",SFA반도체,2025,CFS,BS,총자산,549454597885.0,,2026-07-11
"=""00301246""","=""007920""",SFA반도체,2025,CFS,CF,투자활동현금흐름,-13745283388.0,,2026-07-11
"=""00301246""","=""007920""",SFA반도체,2025,CFS,CIS,판매비와관리비,14296334694.0,,2026-07-11
"=""00301246""","=""007920""",SFA반도체,2024,CFS,CIS,금융비용,3969104809.0,,2026-07-11
"=""00301246""","=""007920""",SFA반도체,2024,CFS,CIS,당기순이익,20458863208.0,,2026-07-11
"=""00301246""","=""007920""",SFA반도체,2024,CFS,CIS,매출액,400482861805.0,,2026-07-11
"=""00301246""","=""007920""",SFA반도체,2024,CFS,CIS,매출원가,387396598466.0,,2026-07-11
"=""00301246""","=""007920""",SFA반도체,2024,CFS,BS,매출채권,35059622944.0,,2026-07-11
"=""00301246""","=""007920""",SFA반도체,2024,CFS,BS,무형자산,9242873213.0,,2026-07-11
"=""00301246""","=""007920""",SFA반도체,2024,CFS,CF,무형자산의 취득,110304414.0,,2026-07-11
"=""00301246""","=""007920""",SFA반도체,2024,CFS,CF,배당금지급,0.0,,2026-07-11
"=""00301246""","=""007920""",SFA반도체,2024,CFS,BS,부채총계,125578068973.0,,2026-07-11
"=""00301246""","=""007920""",SFA반도체,2024,CFS,BS,비유동부채,34060960390.0,,2026-07-11
"=""00301246""","=""007920""",SFA반도체,2024,CFS,CIS,영업이익,-31004226.0,,2026-07-11
"=""00301246""","=""007920""",SFA반도체,2024,CFS,CF,영업활동현금흐름,53080396079.0,,2026-07-11
"=""00301246""","=""007920""",SFA반도체,2024,CFS,BS,유형자산,382165538715.0,,2026-07-11
"=""00301246""","=""007920""",SFA반도체,2024,CFS,CF,유형자산의 취득,36515203499.0,,2026-07-11
"=""00301246""","=""007920""",SFA반도체,2024,CFS,BS,자본총계,497907590933.0,,2026-07-11
"=""00301246""","=""007920""",SFA반도체,2024,CFS,BS,재고자산,31371117100.0,,2026-07-11
"=""00301246""","=""007920""",SFA반도체,2024,CFS,CF,재무활동현금흐름,-20764078370.0,,2026-07-11
"=""00301246""","=""007920""",SFA반도체,2024,CFS,BS,총자산,623485659906.0,,2026-07-11
"=""00301246""","=""007920""",SFA반도체,2024,CFS,CF,투자활동현금흐름,-16912173513.0,,2026-07-11
"=""00301246""","=""007920""",SFA반도체,2024,CFS,CIS,판매비와관리비,13117267565.0,,2026-07-11
"=""00301246""","=""007920""",SFA반도체,2023,CFS,CIS,금융비용,4233014760.0,,2026-07-11
"=""00301246""","=""007920""",SFA반도체,2023,CFS,CIS,당기순이익,-14043612067.0,,2026-07-11
"=""00301246""","=""007920""",SFA반도체,2023,CFS,CIS,매출액,437586077155.0,,2026-07-11
"=""00301246""","=""007920""",SFA반도체,2023,CFS,CIS,매출원가,438250167870.0,,2026-07-11
"=""00301246""","=""007920""",SFA반도체,2023,CFS,BS,매출채권,43257589793.0,,2026-07-11
"=""00301246""","=""007920""",SFA반도체,2023,CFS,BS,무형자산,9858115724.0,,2026-07-11
"=""00301246""","=""007920""",SFA반도체,2023,CFS,CF,무형자산의 취득,358337584.0,,2026-07-11
"=""00301246""","=""007920""",SFA반도체,2023,CFS,CF,배당금지급,440002957.0,,2026-07-11
"=""00301246""","=""007920""",SFA반도체,2023,CFS,BS,부채총계,139749351905.0,,2026-07-11
"=""00301246""","=""007920""",SFA반도체,2023,CFS,BS,비유동부채,91012652694.0,,2026-07-11
"=""00301246""","=""007920""",SFA반도체,2023,CFS,CIS,영업이익,-16710120338.0,,2026-07-11
"=""00301246""","=""007920""",SFA반도체,2023,CFS,CF,영업활동현금흐름,36015764547.0,,2026-07-11
"=""00301246""","=""007920""",SFA반도체,2023,CFS,BS,유형자산,372777408509.0,,2026-07-11
"=""00301246""","=""007920""",SFA반도체,2023,CFS,CF,유형자산의 취득,26841596671.0,,2026-07-11
"=""00301246""","=""007920""",SFA반도체,2023,CFS,BS,자본총계,470160714693.0,,2026-07-11
"=""00301246""","=""007920""",SFA반도체,2023,CFS,BS,재고자산,38856079710.0,,2026-07-11
"=""00301246""","=""007920""",SFA반도체,2023,CFS,CF,재무활동현금흐름,-30978843668.0,,2026-07-11
"=""00301246""","=""007920""",SFA반도체,2023,CFS,BS,총자산,609910066598.0,,2026-07-11
"=""00301246""","=""007920""",SFA반도체,2023,CFS,CF,투자활동현금흐름,31119588385.0,,2026-07-11
"=""00301246""","=""007920""",SFA반도체,2023,CFS,CIS,판매비와관리비,16046029623.0,,2026-07-11
"=""00164779""","=""000660""",SK하이닉스,2025,CFS,CIS,금융비용,12504998000000.0,,2026-07-11
"=""00164779""","=""000660""",SK하이닉스,2025,CFS,CIS,당기순이익,42947902000000.0,,2026-07-11
"=""00164779""","=""000660""",SK하이닉스,2025,CFS,CIS,매출액,97146675000000.0,,2026-07-11
"=""00164779""","=""000660""",SK하이닉스,2025,CFS,CIS,매출원가,38455885000000.0,,2026-07-11
"=""00164779""","=""000660""",SK하이닉스,2025,CFS,BS,매출채권,18199078000000.0,,2026-07-11
"=""00164779""","=""000660""",SK하이닉스,2025,CFS,BS,무형자산,4049402000000.0,,2026-07-11
"=""00164779""","=""000660""",SK하이닉스,2025,CFS,CF,무형자산의 취득,1060419000000.0,,2026-07-11
"=""00164779""","=""000660""",SK하이닉스,2025,CFS,CF,배당금지급,1681166000000.0,,2026-07-11
"=""00164779""","=""000660""",SK하이닉스,2025,CFS,BS,부채총계,55440908000000.0,,2026-07-11
"=""00164779""","=""000660""",SK하이닉스,2025,CFS,BS,비유동부채,18061909000000.0,,2026-07-11
"=""00164779""","=""000660""",SK하이닉스,2025,CFS,CIS,영업이익,47206319000000.0,,2026-07-11
"=""00164779""","=""000660""",SK하이닉스,2025,CFS,CF,영업활동현금흐름,53373126000000.0,,2026-07-11
"=""00164779""","=""000660""",SK하이닉스,2025,CFS,BS,유형자산,77502704000000.0,,2026-07-11
"=""00164779""","=""000660""",SK하이닉스,2025,CFS,CF,유형자산의 취득,27518924000000.0,,2026-07-11
"=""00164779""","=""000660""",SK하이닉스,2025,CFS,BS,자본총계,120666751000000.0,,2026-07-11
"=""00164779""","=""000660""",SK하이닉스,2025,CFS,BS,재고자산,14289390000000.0,,2026-07-11
"=""00164779""","=""000660""",SK하이닉스,2025,CFS,CF,재무활동현금흐름,-1444992000000.0,,2026-07-11
"=""00164779""","=""000660""",SK하이닉스,2025,CFS,BS,총자산,176107659000000.0,,2026-07-11
"=""00164779""","=""000660""",SK하이닉스,2025,CFS,CF,투자활동현금흐름,-48054251000000.0,,2026-07-11
"=""00164779""","=""000660""",SK하이닉스,2025,CFS,CIS,판매비와관리비,11484471000000.0,,2026-07-11
"=""00164779""","=""000660""",SK하이닉스,2024,CFS,CIS,금융비용,5707997000000.0,,2026-07-11
"=""00164779""","=""000660""",SK하이닉스,2024,CFS,CIS,당기순이익,19796902000000.0,,2026-07-11
"=""00164779""","=""000660""",SK하이닉스,2024,CFS,CIS,매출액,66192960000000.0,,2026-07-11
"=""00164779""","=""000660""",SK하이닉스,2024,CFS,CIS,매출원가,34364814000000.0,,2026-07-11
"=""00164779""","=""000660""",SK하이닉스,2024,CFS,BS,매출채권,13019006000000.0,,2026-07-11
"=""00164779""","=""000660""",SK하이닉스,2024,CFS,BS,무형자산,4018847000000.0,,2026-07-11
"=""00164779""","=""000660""",SK하이닉스,2024,CFS,CF,무형자산의 취득,717106000000.0,,2026-07-11
"=""00164779""","=""000660""",SK하이닉스,2024,CFS,CF,배당금지급,826323000000.0,,2026-07-11
"=""00164779""","=""000660""",SK하이닉스,2024,CFS,BS,부채총계,45939505000000.0,,2026-07-11
"=""00164779""","=""000660""",SK하이닉스,2024,CFS,BS,비유동부채,20974061000000.0,,2026-07-11
"=""00164779""","=""000660""",SK하이닉스,2024,CFS,CIS,영업이익,23467319000000.0,,2026-07-11
"=""00164779""","=""000660""",SK하이닉스,2024,CFS,CF,영업활동현금흐름,29795885000000.0,,2026-07-11
"=""00164779""","=""000660""",SK하이닉스,2024,CFS,BS,유형자산,60157474000000.0,,2026-07-11
"=""00164779""","=""000660""",SK하이닉스,2024,CFS,CF,유형자산의 취득,15945534000000.0,,2026-07-11
"=""00164779""","=""000660""",SK하이닉스,2024,CFS,BS,자본총계,73915704000000.0,,2026-07-11
"=""00164779""","=""000660""",SK하이닉스,2024,CFS,BS,재고자산,13313937000000.0,,2026-07-11
"=""00164779""","=""000660""",SK하이닉스,2024,CFS,CF,재무활동현금흐름,-8703940000000.0,,2026-07-11
"=""00164779""","=""000660""",SK하이닉스,2024,CFS,BS,총자산,119855209000000.0,,2026-07-11
"=""00164779""","=""000660""",SK하이닉스,2024,CFS,CF,투자활동현금흐름,-18004637000000.0,,2026-07-11
"=""00164779""","=""000660""",SK하이닉스,2024,CFS,CIS,판매비와관리비,8360827000000.0,,2026-07-11
"=""00164779""","=""000660""",SK하이닉스,2023,CFS,CIS,금융비용,6093167000000.0,,2026-07-11
"=""00164779""","=""000660""",SK하이닉스,2023,CFS,CIS,당기순이익,-9137547000000.0,,2026-07-11
"=""00164779""","=""000660""",SK하이닉스,2023,CFS,CIS,매출액,32765719000000.0,,2026-07-11
"=""00164779""","=""000660""",SK하이닉스,2023,CFS,CIS,매출원가,33299167000000.0,,2026-07-11
"=""00164779""","=""000660""",SK하이닉스,2023,CFS,BS,매출채권,6600273000000.0,,2026-07-11
"=""00164779""","=""000660""",SK하이닉스,2023,CFS,BS,무형자산,3834567000000.0,,2026-07-11
"=""00164779""","=""000660""",SK하이닉스,2023,CFS,CF,무형자산의 취득,454710000000.0,,2026-07-11
"=""00164779""","=""000660""",SK하이닉스,2023,CFS,CF,배당금지급,825575000000.0,,2026-07-11
"=""00164779""","=""000660""",SK하이닉스,2023,CFS,BS,부채총계,46826413000000.0,,2026-07-11
"=""00164779""","=""000660""",SK하이닉스,2023,CFS,BS,비유동부채,25818603000000.0,,2026-07-11
"=""00164779""","=""000660""",SK하이닉스,2023,CFS,CIS,영업이익,-7730313000000.0,,2026-07-11
"=""00164779""","=""000660""",SK하이닉스,2023,CFS,CF,영업활동현금흐름,4278191000000.0,,2026-07-11
"=""00164779""","=""000660""",SK하이닉스,2023,CFS,BS,유형자산,52704853000000.0,,2026-07-11
"=""00164779""","=""000660""",SK하이닉스,2023,CFS,CF,유형자산의 취득,8325138000000.0,,2026-07-11
"=""00164779""","=""000660""",SK하이닉스,2023,CFS,BS,자본총계,53503752000000.0,,2026-07-11
"=""00164779""","=""000660""",SK하이닉스,2023,CFS,BS,재고자산,13480659000000.0,,2026-07-11
"=""00164779""","=""000660""",SK하이닉스,2023,CFS,CF,재무활동현금흐름,5696845000000.0,,2026-07-11
"=""00164779""","=""000660""",SK하이닉스,2023,CFS,BS,총자산,100330165000000.0,,2026-07-11
"=""00164779""","=""000660""",SK하이닉스,2023,CFS,CF,투자활동현금흐름,-7334727000000.0,,2026-07-11
"=""00164779""","=""000660""",SK하이닉스,2023,CFS,CIS,판매비와관리비,7196865000000.0,,2026-07-11
"=""01364747""","=""052690""",가온칩스,2025,CFS,CIS,금융비용,9046305049.0,,2026-07-11
"=""01364747""","=""052690""",가온칩스,2025,CFS,CIS,당기순이익,-14369143365.0,,2026-07-11
"=""01364747""","=""052690""",가온칩스,2025,CFS,CIS,매출액,68510181008.0,,2026-07-11
"=""01364747""","=""052690""",가온칩스,2025,CFS,CIS,매출원가,73722725463.0,,2026-07-11
"=""01364747""","=""052690""",가온칩스,2025,CFS,BS,매출채권,6142809801.0,,2026-07-11
"=""01364747""","=""052690""",가온칩스,2025,CFS,BS,무형자산,6490492323.0,,2026-07-11
"=""01364747""","=""052690""",가온칩스,2025,CFS,CF,무형자산의 취득,3120040134.0,,2026-07-11
"=""01364747""","=""052690""",가온칩스,2025,CFS,CF,배당금지급,0.0,,2026-07-11
"=""01364747""","=""052690""",가온칩스,2025,CFS,BS,부채총계,104622741139.0,,2026-07-11
"=""01364747""","=""052690""",가온칩스,2025,CFS,BS,비유동부채,8773033336.0,,2026-07-11
"=""01364747""","=""052690""",가온칩스,2025,CFS,CIS,영업이익,-16721496228.0,,2026-07-11
"=""01364747""","=""052690""",가온칩스,2025,CFS,CF,영업활동현금흐름,-848730459.0,,2026-07-11
"=""01364747""","=""052690""",가온칩스,2025,CFS,BS,유형자산,22526959027.0,,2026-07-11
"=""01364747""","=""052690""",가온칩스,2025,CFS,CF,유형자산의 취득,5210217544.0,,2026-07-11
"=""01364747""","=""052690""",가온칩스,2025,CFS,BS,자본총계,54688158517.0,,2026-07-11
"=""01364747""","=""052690""",가온칩스,2025,CFS,BS,재고자산,1061362786.0,,2026-07-11
"=""01364747""","=""052690""",가온칩스,2025,CFS,CF,재무활동현금흐름,33693380698.0,,2026-07-11
"=""01364747""","=""052690""",가온칩스,2025,CFS,BS,총자산,159310899656.0,,2026-07-11
"=""01364747""","=""052690""",가온칩스,2025,CFS,CF,투자활동현금흐름,2014178330.0,,2026-07-11
"=""01364747""","=""052690""",가온칩스,2025,CFS,CIS,판매비와관리비,11508951773.0,,2026-07-11
"=""01364747""","=""052690""",가온칩스,2024,CFS,CIS,금융비용,2332270017.0,,2026-07-11
"=""01364747""","=""052690""",가온칩스,2024,CFS,CIS,당기순이익,7530549168.0,,2026-07-11
"=""01364747""","=""052690""",가온칩스,2024,CFS,CIS,매출액,96492001688.0,,2026-07-11
"=""01364747""","=""052690""",가온칩스,2024,CFS,CIS,매출원가,82247927125.0,,2026-07-11
"=""01364747""","=""052690""",가온칩스,2024,CFS,BS,매출채권,18707646321.0,,2026-07-11
"=""01364747""","=""052690""",가온칩스,2024,CFS,BS,무형자산,5180867734.0,,2026-07-11
"=""01364747""","=""052690""",가온칩스,2024,CFS,CF,무형자산의 취득,1293387190.0,,2026-07-11
"=""01364747""","=""052690""",가온칩스,2024,CFS,CF,배당금지급,0.0,,2026-07-11
"=""01364747""","=""052690""",가온칩스,2024,CFS,BS,부채총계,43353386403.0,,2026-07-11
"=""01364747""","=""052690""",가온칩스,2024,CFS,BS,비유동부채,7125444207.0,,2026-07-11
"=""01364747""","=""052690""",가온칩스,2024,CFS,CIS,영업이익,3524912928.0,,2026-07-11
"=""01364747""","=""052690""",가온칩스,2024,CFS,CF,영업활동현금흐름,10803918403.0,,2026-07-11
"=""01364747""","=""052690""",가온칩스,2024,CFS,BS,유형자산,20877315878.0,,2026-07-11
"=""01364747""","=""052690""",가온칩스,2024,CFS,CF,유형자산의 취득,9505482504.0,,2026-07-11
"=""01364747""","=""052690""",가온칩스,2024,CFS,BS,자본총계,69355020044.0,,2026-07-11
"=""01364747""","=""052690""",가온칩스,2024,CFS,BS,재고자산,0.0,,2026-07-11
"=""01364747""","=""052690""",가온칩스,2024,CFS,CF,재무활동현금흐름,-609955808.0,,2026-07-11
"=""01364747""","=""052690""",가온칩스,2024,CFS,BS,총자산,112708406447.0,,2026-07-11
"=""01364747""","=""052690""",가온칩스,2024,CFS,CF,투자활동현금흐름,1313260460.0,,2026-07-11
"=""01364747""","=""052690""",가온칩스,2024,CFS,CIS,판매비와관리비,10719161635.0,,2026-07-11
"=""01364747""","=""052690""",가온칩스,2023,CFS,CIS,금융비용,839036639.0,,2026-07-11
"=""01364747""","=""052690""",가온칩스,2023,CFS,CIS,당기순이익,6344445918.0,,2026-07-11
"=""01364747""","=""052690""",가온칩스,2023,CFS,CIS,매출액,63597349804.0,,2026-07-11
"=""01364747""","=""052690""",가온칩스,2023,CFS,CIS,매출원가,50879354108.0,,2026-07-11
"=""01364747""","=""052690""",가온칩스,2023,CFS,BS,매출채권,16661459655.0,,2026-07-11
"=""01364747""","=""052690""",가온칩스,2023,CFS,BS,무형자산,6228357026.0,,2026-07-11
"=""01364747""","=""052690""",가온칩스,2023,CFS,CF,무형자산의 취득,4109051810.0,,2026-07-11
"=""01364747""","=""052690""",가온칩스,2023,CFS,CF,배당금지급,0.0,,2026-07-11
"=""01364747""","=""052690""",가온칩스,2023,CFS,BS,부채총계,32590129089.0,,2026-07-11
"=""01364747""","=""052690""",가온칩스,2023,CFS,BS,비유동부채,7772481777.0,,2026-07-11
"=""01364747""","=""052690""",가온칩스,2023,CFS,CIS,영업이익,4351646460.0,,2026-07-11
"=""01364747""","=""052690""",가온칩스,2023,CFS,CF,영업활동현금흐름,5666350939.0,,2026-07-11
"=""01364747""","=""052690""",가온칩스,2023,CFS,BS,유형자산,14633331362.0,,2026-07-11
"=""01364747""","=""052690""",가온칩스,2023,CFS,CF,유형자산의 취득,6774968693.0,,2026-07-11
"=""01364747""","=""052690""",가온칩스,2023,CFS,BS,자본총계,62019549707.0,,2026-07-11
"=""01364747""","=""052690""",가온칩스,2023,CFS,BS,재고자산,0.0,,2026-07-11
"=""01364747""","=""052690""",가온칩스,2023,CFS,CF,재무활동현금흐름,-367730795.0,,2026-07-11
"=""01364747""","=""052690""",가온칩스,2023,CFS,BS,총자산,94609678796.0,,2026-07-11
"=""01364747""","=""052690""",가온칩스,2023,CFS,CF,투자활동현금흐름,-9280615807.0,,2026-07-11
"=""01364747""","=""052690""",가온칩스,2023,CFS,CIS,판매비와관리비,8366349236.0,,2026-07-11
"=""00579999""","=""092220""",고영,2025,CFS,CIS,금융비용,738344874.0,,2026-07-11
"=""00579999""","=""092220""",고영,2025,CFS,CIS,당기순이익,14756087568.0,,2026-07-11
"=""00579999""","=""092220""",고영,2025,CFS,CIS,매출액,232647218656.0,,2026-07-11
"=""00579999""","=""092220""",고영,2025,CFS,CIS,매출원가,84073109625.0,,2026-07-11
"=""00579999""","=""092220""",고영,2025,CFS,BS,매출채권,106010944170.0,,2026-07-11
"=""00579999""","=""092220""",고영,2025,CFS,BS,무형자산,16334521749.0,,2026-07-11
"=""00579999""","=""092220""",고영,2025,CFS,CF,무형자산의 취득,8756888963.0,,2026-07-11
"=""00579999""","=""092220""",고영,2025,CFS,CF,배당금지급,9237228000.0,,2026-07-11
"=""00579999""","=""092220""",고영,2025,CFS,BS,부채총계,75169601828.0,,2026-07-11
"=""00579999""","=""092220""",고영,2025,CFS,BS,비유동부채,13658705142.0,,2026-07-11
"=""00579999""","=""092220""",고영,2025,CFS,CIS,영업이익,17342338477.0,,2026-07-11
"=""00579999""","=""092220""",고영,2025,CFS,CF,영업활동현금흐름,18090229309.0,,2026-07-11
"=""00579999""","=""092220""",고영,2025,CFS,BS,유형자산,49043940152.0,,2026-07-11
"=""00579999""","=""092220""",고영,2025,CFS,CF,유형자산의 취득,4727054515.0,,2026-07-11
"=""00579999""","=""092220""",고영,2025,CFS,BS,자본총계,335165611050.0,,2026-07-11
"=""00579999""","=""092220""",고영,2025,CFS,BS,재고자산,50674538030.0,,2026-07-11
"=""00579999""","=""092220""",고영,2025,CFS,CF,재무활동현금흐름,-14952750860.0,,2026-07-11
"=""00579999""","=""092220""",고영,2025,CFS,BS,총자산,410335212878.0,,2026-07-11
"=""00579999""","=""092220""",고영,2025,CFS,CF,투자활동현금흐름,-18473867719.0,,2026-07-11
"=""00579999""","=""092220""",고영,2025,CFS,CIS,판매비와관리비,97455180210.0,,2026-07-11
"=""00579999""","=""092220""",고영,2024,CFS,CIS,금융비용,504019482.0,,2026-07-11
"=""00579999""","=""092220""",고영,2024,CFS,CIS,당기순이익,20998990602.0,,2026-07-11
"=""00579999""","=""092220""",고영,2024,CFS,CIS,매출액,202538127214.0,,2026-07-11
"=""00579999""","=""092220""",고영,2024,CFS,CIS,매출원가,76686427777.0,,2026-07-11
"=""00579999""","=""092220""",고영,2024,CFS,BS,매출채권,72724255127.0,,2026-07-11
"=""00579999""","=""092220""",고영,2024,CFS,BS,무형자산,12252513545.0,,2026-07-11
"=""00579999""","=""092220""",고영,2024,CFS,CF,무형자산의 취득,5198453720.0,,2026-07-11
"=""00579999""","=""092220""",고영,2024,CFS,CF,배당금지급,9183975920.0,,2026-07-11
"=""00579999""","=""092220""",고영,2024,CFS,BS,부채총계,54763375690.0,,2026-07-11
"=""00579999""","=""092220""",고영,2024,CFS,BS,비유동부채,18668168190.0,,2026-07-11
"=""00579999""","=""092220""",고영,2024,CFS,CIS,영업이익,3322352718.0,,2026-07-11
"=""00579999""","=""092220""",고영,2024,CFS,CF,영업활동현금흐름,36395606644.0,,2026-07-11
"=""00579999""","=""092220""",고영,2024,CFS,BS,유형자산,46735082339.0,,2026-07-11
"=""00579999""","=""092220""",고영,2024,CFS,CF,유형자산의 취득,3449687610.0,,2026-07-11
"=""00579999""","=""092220""",고영,2024,CFS,BS,자본총계,323168894802.0,,2026-07-11
"=""00579999""","=""092220""",고영,2024,CFS,BS,재고자산,50137553407.0,,2026-07-11
"=""00579999""","=""092220""",고영,2024,CFS,CF,재무활동현금흐름,-15119501714.0,,2026-07-11
"=""00579999""","=""092220""",고영,2024,CFS,BS,총자산,377932270492.0,,2026-07-11
"=""00579999""","=""092220""",고영,2024,CFS,CF,투자활동현금흐름,2520431970.0,,2026-07-11
"=""00579999""","=""092220""",고영,2024,CFS,CIS,판매비와관리비,81462899479.0,,2026-07-11
"=""00579999""","=""092220""",고영,2023,CFS,CIS,금융비용,694033999.0,,2026-07-11
"=""00579999""","=""092220""",고영,2023,CFS,CIS,당기순이익,21925959777.0,,2026-07-11
"=""00579999""","=""092220""",고영,2023,CFS,CIS,매출액,225630691398.0,,2026-07-11
"=""00579999""","=""092220""",고영,2023,CFS,CIS,매출원가,80118409586.0,,2026-07-11
"=""00579999""","=""092220""",고영,2023,CFS,BS,매출채권,82975098426.0,,2026-07-11
"=""00579999""","=""092220""",고영,2023,CFS,BS,무형자산,10739946870.0,,2026-07-11
"=""00579999""","=""092220""",고영,2023,CFS,CF,무형자산의 취득,3152558001.0,,2026-07-11
"=""00579999""","=""092220""",고영,2023,CFS,CF,배당금지급,9383403960.0,,2026-07-11
"=""00579999""","=""092220""",고영,2023,CFS,BS,부채총계,61894392837.0,,2026-07-11
"=""00579999""","=""092220""",고영,2023,CFS,BS,비유동부채,22073120411.0,,2026-07-11
"=""00579999""","=""092220""",고영,2023,CFS,CIS,영업이익,20372226090.0,,2026-07-11
"=""00579999""","=""092220""",고영,2023,CFS,CF,영업활동현금흐름,29540204383.0,,2026-07-11
"=""00579999""","=""092220""",고영,2023,CFS,BS,유형자산,45563962549.0,,2026-07-11
"=""00579999""","=""092220""",고영,2023,CFS,CF,유형자산의 취득,7079386517.0,,2026-07-11
"=""00579999""","=""092220""",고영,2023,CFS,BS,자본총계,305317864968.0,,2026-07-11
"=""00579999""","=""092220""",고영,2023,CFS,BS,재고자산,49958785920.0,,2026-07-11
"=""00579999""","=""092220""",고영,2023,CFS,CF,재무활동현금흐름,-38513608306.0,,2026-07-11
"=""00579999""","=""092220""",고영,2023,CFS,BS,총자산,367212257805.0,,2026-07-11
"=""00579999""","=""092220""",고영,2023,CFS,CF,투자활동현금흐름,-12832419308.0,,2026-07-11
"=""00579999""","=""092220""",고영,2023,CFS,CIS,판매비와관리비,83515542571.0,,2026-07-11
"=""01080252""","=""396770""",넥스틴,2025,CFS,CIS,금융비용,1351014202.0,,2026-07-11
"=""01080252""","=""396770""",넥스틴,2025,CFS,CIS,당기순이익,-2645744570.0,,2026-07-11
"=""01080252""","=""396770""",넥스틴,2025,CFS,CIS,매출액,66914327141.0,,2026-07-11
"=""01080252""","=""396770""",넥스틴,2025,CFS,CIS,매출원가,34358581374.0,,2026-07-11
"=""01080252""","=""396770""",넥스틴,2025,CFS,BS,매출채권,6167929103.0,,2026-07-11
"=""01080252""","=""396770""",넥스틴,2025,CFS,BS,무형자산,3677615566.0,,2026-07-11
"=""01080252""","=""396770""",넥스틴,2025,CFS,CF,무형자산의 취득,282020308.0,,2026-07-11
"=""01080252""","=""396770""",넥스틴,2025,CFS,CF,배당금지급,5138818500.0,,2026-07-11
"=""01080252""","=""396770""",넥스틴,2025,CFS,BS,부채총계,72740126627.0,,2026-07-11
"=""01080252""","=""396770""",넥스틴,2025,CFS,BS,비유동부채,23119996951.0,,2026-07-11
"=""01080252""","=""396770""",넥스틴,2025,CFS,CIS,영업이익,-1160803724.0,,2026-07-11
"=""01080252""","=""396770""",넥스틴,2025,CFS,CF,영업활동현금흐름,-11108642951.0,,2026-07-11
"=""01080252""","=""396770""",넥스틴,2025,CFS,BS,유형자산,71224626876.0,,2026-07-11
"=""01080252""","=""396770""",넥스틴,2025,CFS,CF,유형자산의 취득,30177447722.0,,2026-07-11
"=""01080252""","=""396770""",넥스틴,2025,CFS,BS,자본총계,150139123771.0,,2026-07-11
"=""01080252""","=""396770""",넥스틴,2025,CFS,BS,재고자산,59950989268.0,,2026-07-11
"=""01080252""","=""396770""",넥스틴,2025,CFS,CF,재무활동현금흐름,27412310583.0,,2026-07-11
"=""01080252""","=""396770""",넥스틴,2025,CFS,BS,총자산,222879250398.0,,2026-07-11
"=""01080252""","=""396770""",넥스틴,2025,CFS,CF,투자활동현금흐름,-33356773687.0,,2026-07-11
"=""01080252""","=""396770""",넥스틴,2025,CFS,CIS,판매비와관리비,33716549491.0,,2026-07-11
"=""01080252""","=""396770""",넥스틴,2024,CFS,CIS,금융비용,1462419746.0,,2026-07-11
"=""01080252""","=""396770""",넥스틴,2024,CFS,CIS,당기순이익,38427640891.0,,2026-07-11
"=""01080252""","=""396770""",넥스틴,2024,CFS,CIS,매출액,113719875873.0,,2026-07-11
"=""01080252""","=""396770""",넥스틴,2024,CFS,CIS,매출원가,34198824653.0,,2026-07-11
"=""01080252""","=""396770""",넥스틴,2024,CFS,BS,매출채권,13692179977.0,,2026-07-11
"=""01080252""","=""396770""",넥스틴,2024,CFS,BS,무형자산,1818537801.0,,2026-07-11
"=""01080252""","=""396770""",넥스틴,2024,CFS,CF,무형자산의 취득,1100521262.0,,2026-07-11
"=""01080252""","=""396770""",넥스틴,2024,CFS,CF,배당금지급,5093125500.0,,2026-07-11
"=""01080252""","=""396770""",넥스틴,2024,CFS,BS,부채총계,32176812442.0,,2026-07-11
"=""01080252""","=""396770""",넥스틴,2024,CFS,BS,비유동부채,12863161508.0,,2026-07-11
"=""01080252""","=""396770""",넥스틴,2024,CFS,CIS,영업이익,46974727733.0,,2026-07-11
"=""01080252""","=""396770""",넥스틴,2024,CFS,CF,영업활동현금흐름,42758171502.0,,2026-07-11
"=""01080252""","=""396770""",넥스틴,2024,CFS,BS,유형자산,35741533446.0,,2026-07-11
"=""01080252""","=""396770""",넥스틴,2024,CFS,CF,유형자산의 취득,14735599767.0,,2026-07-11
"=""01080252""","=""396770""",넥스틴,2024,CFS,BS,자본총계,157640068434.0,,2026-07-11
"=""01080252""","=""396770""",넥스틴,2024,CFS,BS,재고자산,55263892086.0,,2026-07-11
"=""01080252""","=""396770""",넥스틴,2024,CFS,CF,재무활동현금흐름,-269197652.0,,2026-07-11
"=""01080252""","=""396770""",넥스틴,2024,CFS,BS,총자산,189816880876.0,,2026-07-11
"=""01080252""","=""396770""",넥스틴,2024,CFS,CF,투자활동현금흐름,-18666750962.0,,2026-07-11
"=""01080252""","=""396770""",넥스틴,2024,CFS,CIS,판매비와관리비,32546323487.0,,2026-07-11
"=""01080252""","=""396770""",넥스틴,2023,CFS,CIS,금융비용,1871800411.0,,2026-07-11
"=""01080252""","=""396770""",넥스틴,2023,CFS,CIS,당기순이익,30933600268.0,,2026-07-11
"=""01080252""","=""396770""",넥스틴,2023,CFS,CIS,매출액,87930571023.0,,2026-07-11
"=""01080252""","=""396770""",넥스틴,2023,CFS,CIS,매출원가,25609153249.0,,2026-07-11
"=""01080252""","=""396770""",넥스틴,2023,CFS,BS,매출채권,8710891042.0,,2026-07-11
"=""01080252""","=""396770""",넥스틴,2023,CFS,BS,무형자산,873762370.0,,2026-07-11
"=""01080252""","=""396770""",넥스틴,2023,CFS,CF,무형자산의 취득,10000000.0,,2026-07-11
"=""01080252""","=""396770""",넥스틴,2023,CFS,CF,배당금지급,4932296500.0,,2026-07-11
"=""01080252""","=""396770""",넥스틴,2023,CFS,BS,부채총계,15952635677.0,,2026-07-11
"=""01080252""","=""396770""",넥스틴,2023,CFS,BS,비유동부채,1467332519.0,,2026-07-11
"=""01080252""","=""396770""",넥스틴,2023,CFS,CIS,영업이익,36165536410.0,,2026-07-11
"=""01080252""","=""396770""",넥스틴,2023,CFS,CF,영업활동현금흐름,396939068.0,,2026-07-11
"=""01080252""","=""396770""",넥스틴,2023,CFS,BS,유형자산,25307519117.0,,2026-07-11
"=""01080252""","=""396770""",넥스틴,2023,CFS,CF,유형자산의 취득,16620048050.0,,2026-07-11
"=""01080252""","=""396770""",넥스틴,2023,CFS,BS,자본총계,127009095062.0,,2026-07-11
"=""01080252""","=""396770""",넥스틴,2023,CFS,BS,재고자산,52058209778.0,,2026-07-11
"=""01080252""","=""396770""",넥스틴,2023,CFS,CF,재무활동현금흐름,-4351984107.0,,2026-07-11
"=""01080252""","=""396770""",넥스틴,2023,CFS,BS,총자산,142961730739.0,,2026-07-11
"=""01080252""","=""396770""",넥스틴,2023,CFS,CF,투자활동현금흐름,-38099094111.0,,2026-07-11
"=""01080252""","=""396770""",넥스틴,2023,CFS,CIS,판매비와관리비,26155881364.0,,2026-07-11
"=""01061558""","=""126340""",덕산네오룩스,2025,CFS,CIS,금융비용,6941922929.0,,2026-07-11
"=""01061558""","=""126340""",덕산네오룩스,2025,CFS,CIS,당기순이익,53957306202.0,,2026-07-11
"=""01061558""","=""126340""",덕산네오룩스,2025,CFS,CIS,매출액,344309797191.0,,2026-07-11
"=""01061558""","=""126340""",덕산네오룩스,2025,CFS,CIS,매출원가,228229579883.0,,2026-07-11
"=""01061558""","=""126340""",덕산네오룩스,2025,CFS,BS,매출채권,67624192972.0,,2026-07-11
"=""01061558""","=""126340""",덕산네오룩스,2025,CFS,BS,무형자산,132204799563.0,,2026-07-11
"=""01061558""","=""126340""",덕산네오룩스,2025,CFS,CF,무형자산의 취득,1859400000.0,,2026-07-11
"=""01061558""","=""126340""",덕산네오룩스,2025,CFS,CF,배당금지급,0.0,,2026-07-11
"=""01061558""","=""126340""",덕산네오룩스,2025,CFS,BS,부채총계,243692718793.0,,2026-07-11
"=""01061558""","=""126340""",덕산네오룩스,2025,CFS,BS,비유동부채,135337805970.0,,2026-07-11
"=""01061558""","=""126340""",덕산네오룩스,2025,CFS,CIS,영업이익,60742428308.0,,2026-07-11
"=""01061558""","=""126340""",덕산네오룩스,2025,CFS,CF,영업활동현금흐름,60554543363.0,,2026-07-11
"=""01061558""","=""126340""",덕산네오룩스,2025,CFS,BS,유형자산,135353072172.0,,2026-07-11
"=""01061558""","=""126340""",덕산네오룩스,2025,CFS,CF,유형자산의 취득,12202970495.0,,2026-07-11
"=""01061558""","=""126340""",덕산네오룩스,2025,CFS,BS,자본총계,470459612961.0,,2026-07-11
"=""01061558""","=""126340""",덕산네오룩스,2025,CFS,BS,재고자산,65774999435.0,,2026-07-11
"=""01061558""","=""126340""",덕산네오룩스,2025,CFS,CF,재무활동현금흐름,54096711555.0,,2026-07-11
"=""01061558""","=""126340""",덕산네오룩스,2025,CFS,BS,총자산,714152331754.0,,2026-07-11
"=""01061558""","=""126340""",덕산네오룩스,2025,CFS,CF,투자활동현금흐름,-59098683389.0,,2026-07-11
"=""01061558""","=""126340""",덕산네오룩스,2025,CFS,CIS,판매비와관리비,55337789000.0,,2026-07-11
"=""01061558""","=""126340""",덕산네오룩스,2024,CFS,CIS,금융비용,3511388064.0,,2026-07-11
"=""01061558""","=""126340""",덕산네오룩스,2024,CFS,CIS,당기순이익,45760807753.0,,2026-07-11
"=""01061558""","=""126340""",덕산네오룩스,2024,CFS,CIS,매출액,212252223722.0,,2026-07-11
"=""01061558""","=""126340""",덕산네오룩스,2024,CFS,CIS,매출원가,130725199834.0,,2026-07-11
"=""01061558""","=""126340""",덕산네오룩스,2024,CFS,BS,매출채권,14722458622.0,,2026-07-11
"=""01061558""","=""126340""",덕산네오룩스,2024,CFS,BS,무형자산,59768618229.0,,2026-07-11
"=""01061558""","=""126340""",덕산네오룩스,2024,CFS,CF,무형자산의 취득,4779110280.0,,2026-07-11
"=""01061558""","=""126340""",덕산네오룩스,2024,CFS,CF,배당금지급,0.0,,2026-07-11
"=""01061558""","=""126340""",덕산네오룩스,2024,CFS,BS,부채총계,53306384178.0,,2026-07-11
"=""01061558""","=""126340""",덕산네오룩스,2024,CFS,BS,비유동부채,29810684484.0,,2026-07-11
"=""01061558""","=""126340""",덕산네오룩스,2024,CFS,CIS,영업이익,52471548274.0,,2026-07-11
"=""01061558""","=""126340""",덕산네오룩스,2024,CFS,CF,영업활동현금흐름,58827571748.0,,2026-07-11
"=""01061558""","=""126340""",덕산네오룩스,2024,CFS,BS,유형자산,111527460269.0,,2026-07-11
"=""01061558""","=""126340""",덕산네오룩스,2024,CFS,CF,유형자산의 취득,15380498866.0,,2026-07-11
"=""01061558""","=""126340""",덕산네오룩스,2024,CFS,BS,자본총계,399005359184.0,,2026-07-11
"=""01061558""","=""126340""",덕산네오룩스,2024,CFS,BS,재고자산,31508833944.0,,2026-07-11
"=""01061558""","=""126340""",덕산네오룩스,2024,CFS,CF,재무활동현금흐름,-793093031.0,,2026-07-11
"=""01061558""","=""126340""",덕산네오룩스,2024,CFS,BS,총자산,452311743362.0,,2026-07-11
"=""01061558""","=""126340""",덕산네오룩스,2024,CFS,CF,투자활동현금흐름,-27073659823.0,,2026-07-11
"=""01061558""","=""126340""",덕산네오룩스,2024,CFS,CIS,판매비와관리비,29055475614.0,,2026-07-11
"=""01061558""","=""126340""",덕산네오룩스,2023,CFS,CIS,금융비용,1504285650.0,,2026-07-11
"=""01061558""","=""126340""",덕산네오룩스,2023,CFS,CIS,당기순이익,35804054122.0,,2026-07-11
"=""01061558""","=""126340""",덕산네오룩스,2023,CFS,CIS,매출액,163702143267.0,,2026-07-11
"=""01061558""","=""126340""",덕산네오룩스,2023,CFS,CIS,매출원가,106252968933.0,,2026-07-11
"=""01061558""","=""126340""",덕산네오룩스,2023,CFS,BS,매출채권,8898415451.0,,2026-07-11
"=""01061558""","=""126340""",덕산네오룩스,2023,CFS,BS,무형자산,58199589133.0,,2026-07-11
"=""01061558""","=""126340""",덕산네오룩스,2023,CFS,CF,무형자산의 취득,0.0,,2026-07-11
"=""01061558""","=""126340""",덕산네오룩스,2023,CFS,CF,배당금지급,0.0,,2026-07-11
"=""01061558""","=""126340""",덕산네오룩스,2023,CFS,BS,부채총계,51134113424.0,,2026-07-11
"=""01061558""","=""126340""",덕산네오룩스,2023,CFS,BS,비유동부채,27468855207.0,,2026-07-11
"=""01061558""","=""126340""",덕산네오룩스,2023,CFS,CIS,영업이익,32919649532.0,,2026-07-11
"=""01061558""","=""126340""",덕산네오룩스,2023,CFS,CF,영업활동현금흐름,49954659612.0,,2026-07-11
"=""01061558""","=""126340""",덕산네오룩스,2023,CFS,BS,유형자산,104684245945.0,,2026-07-11
"=""01061558""","=""126340""",덕산네오룩스,2023,CFS,CF,유형자산의 취득,15989737507.0,,2026-07-11
"=""01061558""","=""126340""",덕산네오룩스,2023,CFS,BS,자본총계,353193379457.0,,2026-07-11
"=""01061558""","=""126340""",덕산네오룩스,2023,CFS,BS,재고자산,30792898052.0,,2026-07-11
"=""01061558""","=""126340""",덕산네오룩스,2023,CFS,CF,재무활동현금흐름,-1799400067.0,,2026-07-11
"=""01061558""","=""126340""",덕산네오룩스,2023,CFS,BS,총자산,404327492881.0,,2026-07-11
"=""01061558""","=""126340""",덕산네오룩스,2023,CFS,CF,투자활동현금흐름,-141113763385.0,,2026-07-11
"=""01061558""","=""126340""",덕산네오룩스,2023,CFS,CIS,판매비와관리비,24529524802.0,,2026-07-11
"=""00563545""","=""367770""",두산테스나,2025,OFS,CIS,금융비용,11907563000.0,,2026-07-11
"=""00563545""","=""367770""",두산테스나,2025,OFS,CIS,당기순이익,1510043000.0,,2026-07-11
"=""00563545""","=""367770""",두산테스나,2025,OFS,CIS,매출액,303874072000.0,,2026-07-11
"=""00563545""","=""367770""",두산테스나,2025,OFS,CIS,매출원가,274330389000.0,,2026-07-11
"=""00563545""","=""367770""",두산테스나,2025,OFS,BS,매출채권,36630683000.0,,2026-07-11
"=""00563545""","=""367770""",두산테스나,2025,OFS,BS,무형자산,8161449000.0,,2026-07-11
"=""00563545""","=""367770""",두산테스나,2025,OFS,CF,무형자산의 취득,2016604000.0,,2026-07-11
"=""00563545""","=""367770""",두산테스나,2025,OFS,CF,배당금지급,3078165000.0,,2026-07-11
"=""00563545""","=""367770""",두산테스나,2025,OFS,BS,부채총계,266698790000.0,,2026-07-11
"=""00563545""","=""367770""",두산테스나,2025,OFS,BS,비유동부채,149867581000.0,,2026-07-11
"=""00563545""","=""367770""",두산테스나,2025,OFS,CIS,영업이익,-940826000.0,,2026-07-11
"=""00563545""","=""367770""",두산테스나,2025,OFS,CF,영업활동현금흐름,147218334000.0,,2026-07-11
"=""00563545""","=""367770""",두산테스나,2025,OFS,BS,유형자산,455490600000.0,,2026-07-11
"=""00563545""","=""367770""",두산테스나,2025,OFS,CF,유형자산의 취득,22780544000.0,,2026-07-11
"=""00563545""","=""367770""",두산테스나,2025,OFS,BS,자본총계,437076674000.0,,2026-07-11
"=""00563545""","=""367770""",두산테스나,2025,OFS,BS,재고자산,255420000.0,,2026-07-11
"=""00563545""","=""367770""",두산테스나,2025,OFS,CF,재무활동현금흐름,-96221859000.0,,2026-07-11
"=""00563545""","=""367770""",두산테스나,2025,OFS,BS,총자산,703775464000.0,,2026-07-11
"=""00563545""","=""367770""",두산테스나,2025,OFS,CF,투자활동현금흐름,-6291451000.0,,2026-07-11
"=""00563545""","=""367770""",두산테스나,2025,OFS,CIS,판매비와관리비,30484509000.0,,2026-07-11
"=""00563545""","=""367770""",두산테스나,2024,CFS,CIS,금융비용,15554252000.0,,2026-07-11
"=""00563545""","=""367770""",두산테스나,2024,CFS,CIS,당기순이익,36781312000.0,,2026-07-11
"=""00563545""","=""367770""",두산테스나,2024,CFS,CIS,매출액,373117930000.0,,2026-07-11
"=""00563545""","=""367770""",두산테스나,2024,CFS,CIS,매출원가,305310341000.0,,2026-07-11
"=""00563545""","=""367770""",두산테스나,2024,CFS,BS,매출채권,35474896000.0,,2026-07-11
"=""00563545""","=""367770""",두산테스나,2024,CFS,BS,무형자산,11335350000.0,,2026-07-11
"=""00563545""","=""367770""",두산테스나,2024,CFS,CF,무형자산의 취득,360305000.0,,2026-07-11
"=""00563545""","=""367770""",두산테스나,2024,CFS,CF,배당금지급,3078165000.0,,2026-07-11
"=""00563545""","=""367770""",두산테스나,2024,CFS,BS,부채총계,350030052000.0,,2026-07-11
"=""00563545""","=""367770""",두산테스나,2024,CFS,BS,비유동부채,166893508000.0,,2026-07-11
"=""00563545""","=""367770""",두산테스나,2024,CFS,CIS,영업이익,37923282000.0,,2026-07-11
"=""00563545""","=""367770""",두산테스나,2024,CFS,CF,영업활동현금흐름,219237154000.0,,2026-07-11
"=""00563545""","=""367770""",두산테스나,2024,CFS,BS,유형자산,590104848000.0,,2026-07-11
"=""00563545""","=""367770""",두산테스나,2024,CFS,CF,유형자산의 취득,183232460000.0,,2026-07-11
"=""00563545""","=""367770""",두산테스나,2024,CFS,BS,자본총계,437666508000.0,,2026-07-11
"=""00563545""","=""367770""",두산테스나,2024,CFS,BS,재고자산,610692000.0,,2026-07-11
"=""00563545""","=""367770""",두산테스나,2024,CFS,CF,재무활동현금흐름,-60824819000.0,,2026-07-11
"=""00563545""","=""367770""",두산테스나,2024,CFS,BS,총자산,787696560000.0,,2026-07-11
"=""00563545""","=""367770""",두산테스나,2024,CFS,CF,투자활동현금흐름,-172389223000.0,,2026-07-11
"=""00563545""","=""367770""",두산테스나,2024,CFS,CIS,판매비와관리비,29884307000.0,,2026-07-11
"=""00563545""","=""367770""",두산테스나,2023,OFS,CIS,금융비용,18500261172.0,,2026-07-11
"=""00563545""","=""367770""",두산테스나,2023,OFS,CIS,당기순이익,49077381672.0,,2026-07-11
"=""00563545""","=""367770""",두산테스나,2023,OFS,CIS,매출액,338652254525.0,,2026-07-11
"=""00563545""","=""367770""",두산테스나,2023,OFS,CIS,매출원가,255621119595.0,,2026-07-11
"=""00563545""","=""367770""",두산테스나,2023,OFS,BS,매출채권,37255276701.0,,2026-07-11
"=""00563545""","=""367770""",두산테스나,2023,OFS,BS,무형자산,3762197477.0,,2026-07-11
"=""00563545""","=""367770""",두산테스나,2023,OFS,CF,무형자산의 취득,2182603654.0,,2026-07-11
"=""00563545""","=""367770""",두산테스나,2023,OFS,CF,배당금지급,2718647040.0,,2026-07-11
"=""00563545""","=""367770""",두산테스나,2023,OFS,BS,부채총계,359477895356.0,,2026-07-11
"=""00563545""","=""367770""",두산테스나,2023,OFS,BS,비유동부채,220122835486.0,,2026-07-11
"=""00563545""","=""367770""",두산테스나,2023,OFS,CIS,영업이익,60778799323.0,,2026-07-11
"=""00563545""","=""367770""",두산테스나,2023,OFS,CF,영업활동현금흐름,210546521706.0,,2026-07-11
"=""00563545""","=""367770""",두산테스나,2023,OFS,BS,유형자산,579081279204.0,,2026-07-11
"=""00563545""","=""367770""",두산테스나,2023,OFS,CF,유형자산의 취득,171848251993.0,,2026-07-11
"=""00563545""","=""367770""",두산테스나,2023,OFS,BS,자본총계,403637414864.0,,2026-07-11
"=""00563545""","=""367770""",두산테스나,2023,OFS,BS,재고자산,0.0,,2026-07-11
"=""00563545""","=""367770""",두산테스나,2023,OFS,CF,재무활동현금흐름,-2323579459.0,,2026-07-11
"=""00563545""","=""367770""",두산테스나,2023,OFS,BS,총자산,763115310220.0,,2026-07-11
"=""00563545""","=""367770""",두산테스나,2023,OFS,CF,투자활동현금흐름,-174423883436.0,,2026-07-11
"=""00563545""","=""367770""",두산테스나,2023,OFS,CIS,판매비와관리비,22252335607.0,,2026-07-11
"=""00369657""","=""058430""",리노공업,2025,OFS,CIS,금융비용,6494324.0,,2026-07-11
"=""00369657""","=""058430""",리노공업,2025,OFS,CIS,당기순이익,151960670406.0,,2026-07-11
"=""00369657""","=""058430""",리노공업,2025,OFS,CIS,매출액,372534084608.0,,2026-07-11
"=""00369657""","=""058430""",리노공업,2025,OFS,CIS,매출원가,178133839971.0,,2026-07-11
"=""00369657""","=""058430""",리노공업,2025,OFS,BS,매출채권,52853181025.0,,2026-07-11
"=""00369657""","=""058430""",리노공업,2025,OFS,BS,무형자산,1868932729.0,,2026-07-11
"=""00369657""","=""058430""",리노공업,2025,OFS,CF,무형자산의 취득,282097350.0,,2026-07-11
"=""00369657""","=""058430""",리노공업,2025,OFS,CF,배당금지급,45537360000.0,,2026-07-11
"=""00369657""","=""058430""",리노공업,2025,OFS,BS,부채총계,60709212955.0,,2026-07-11
"=""00369657""","=""058430""",리노공업,2025,OFS,BS,비유동부채,5917054903.0,,2026-07-11
"=""00369657""","=""058430""",리노공업,2025,OFS,CIS,영업이익,176997188289.0,,2026-07-11
"=""00369657""","=""058430""",리노공업,2025,OFS,CF,영업활동현금흐름,179468846374.0,,2026-07-11
"=""00369657""","=""058430""",리노공업,2025,OFS,BS,유형자산,228009789079.0,,2026-07-11
"=""00369657""","=""058430""",리노공업,2025,OFS,CF,유형자산의 취득,59954233830.0,,2026-07-11
"=""00369657""","=""058430""",리노공업,2025,OFS,BS,자본총계,731218952370.0,,2026-07-11
"=""00369657""","=""058430""",리노공업,2025,OFS,BS,재고자산,15514548353.0,,2026-07-11
"=""00369657""","=""058430""",리노공업,2025,OFS,CF,재무활동현금흐름,-45642859676.0,,2026-07-11
"=""00369657""","=""058430""",리노공업,2025,OFS,BS,총자산,791928165325.0,,2026-07-11
"=""00369657""","=""058430""",리노공업,2025,OFS,CF,투자활동현금흐름,-103850828522.0,,2026-07-11
"=""00369657""","=""058430""",리노공업,2025,OFS,CIS,판매비와관리비,17403056348.0,,2026-07-11
"=""00369657""","=""058430""",리노공업,2024,OFS,CIS,금융비용,7604344.0,,2026-07-11
"=""00369657""","=""058430""",리노공업,2024,OFS,CIS,당기순이익,113279046428.0,,2026-07-11
"=""00369657""","=""058430""",리노공업,2024,OFS,CIS,매출액,278186189427.0,,2026-07-11
"=""00369657""","=""058430""",리노공업,2024,OFS,CIS,매출원가,140020108110.0,,2026-07-11
"=""00369657""","=""058430""",리노공업,2024,OFS,BS,매출채권,51075599798.0,,2026-07-11
"=""00369657""","=""058430""",리노공업,2024,OFS,BS,무형자산,1959270745.0,,2026-07-11
"=""00369657""","=""058430""",리노공업,2024,OFS,CF,무형자산의 취득,374960718.0,,2026-07-11
"=""00369657""","=""058430""",리노공업,2024,OFS,CF,배당금지급,45537360000.0,,2026-07-11
"=""00369657""","=""058430""",리노공업,2024,OFS,BS,부채총계,34814668593.0,,2026-07-11
"=""00369657""","=""058430""",리노공업,2024,OFS,BS,비유동부채,4199975951.0,,2026-07-11
"=""00369657""","=""058430""",리노공업,2024,OFS,CIS,영업이익,124201343872.0,,2026-07-11
"=""00369657""","=""058430""",리노공업,2024,OFS,CF,영업활동현금흐름,110106597065.0,,2026-07-11
"=""00369657""","=""058430""",리노공업,2024,OFS,BS,유형자산,181362679776.0,,2026-07-11
"=""00369657""","=""058430""",리노공업,2024,OFS,CF,유형자산의 취득,11640547813.0,,2026-07-11
"=""00369657""","=""058430""",리노공업,2024,OFS,BS,자본총계,622629112163.0,,2026-07-11
"=""00369657""","=""058430""",리노공업,2024,OFS,BS,재고자산,12959312526.0,,2026-07-11
"=""00369657""","=""058430""",리노공업,2024,OFS,CF,재무활동현금흐름,-45636652253.0,,2026-07-11
"=""00369657""","=""058430""",리노공업,2024,OFS,BS,총자산,657443780756.0,,2026-07-11
"=""00369657""","=""058430""",리노공업,2024,OFS,CF,투자활동현금흐름,-46761936241.0,,2026-07-11
"=""00369657""","=""058430""",리노공업,2024,OFS,CIS,판매비와관리비,13964737445.0,,2026-07-11
"=""00369657""","=""058430""",리노공업,2023,OFS,CIS,금융비용,9431325.0,,2026-07-11
"=""00369657""","=""058430""",리노공업,2023,OFS,CIS,당기순이익,110923015440.0,,2026-07-11
"=""00369657""","=""058430""",리노공업,2023,OFS,CIS,매출액,255573034656.0,,2026-07-11
"=""00369657""","=""058430""",리노공업,2023,OFS,CIS,매출원가,127238409519.0,,2026-07-11
"=""00369657""","=""058430""",리노공업,2023,OFS,BS,매출채권,29831505651.0,,2026-07-11
"=""00369657""","=""058430""",리노공업,2023,OFS,BS,무형자산,1985707925.0,,2026-07-11
"=""00369657""","=""058430""",리노공업,2023,OFS,CF,무형자산의 취득,525450824.0,,2026-07-11
"=""00369657""","=""058430""",리노공업,2023,OFS,CF,배당금지급,45537360000.0,,2026-07-11
"=""00369657""","=""058430""",리노공업,2023,OFS,BS,부채총계,25795267228.0,,2026-07-11
"=""00369657""","=""058430""",리노공업,2023,OFS,BS,비유동부채,2684424288.0,,2026-07-11
"=""00369657""","=""058430""",리노공업,2023,OFS,CIS,영업이익,114378400291.0,,2026-07-11
"=""00369657""","=""058430""",리노공업,2023,OFS,CF,영업활동현금흐름,110391022028.0,,2026-07-11
"=""00369657""","=""058430""",리노공업,2023,OFS,BS,유형자산,183060515910.0,,2026-07-11
"=""00369657""","=""058430""",리노공업,2023,OFS,CF,유형자산의 취득,68500491718.0,,2026-07-11
"=""00369657""","=""058430""",리노공업,2023,OFS,BS,자본총계,557074198066.0,,2026-07-11
"=""00369657""","=""058430""",리노공업,2023,OFS,BS,재고자산,14252453441.0,,2026-07-11
"=""00369657""","=""058430""",리노공업,2023,OFS,CF,재무활동현금흐름,-45645540820.0,,2026-07-11
"=""00369657""","=""058430""",리노공업,2023,OFS,BS,총자산,582869465294.0,,2026-07-11
"=""00369657""","=""058430""",리노공업,2023,OFS,CF,투자활동현금흐름,-61048311242.0,,2026-07-11
"=""00369657""","=""058430""",리노공업,2023,OFS,CIS,판매비와관리비,13956224846.0,,2026-07-11
"=""00126380""","=""005930""",삼성전자,2025,CFS,IS,금융비용,11733764000000.0,,2026-07-11
"=""00126380""","=""005930""",삼성전자,2025,CFS,CIS,당기순이익,45206805000000.0,,2026-07-11
"=""00126380""","=""005930""",삼성전자,2025,CFS,IS,매출액,333605938000000.0,,2026-07-11
"=""00126380""","=""005930""",삼성전자,2025,CFS,IS,매출원가,202235513000000.0,,2026-07-11
"=""00126380""","=""005930""",삼성전자,2025,CFS,BS,매출채권,51127642000000.0,,2026-07-11
"=""00126380""","=""005930""",삼성전자,2025,CFS,BS,무형자산,29480565000000.0,,2026-07-11
"=""00126380""","=""005930""",삼성전자,2025,CFS,CF,무형자산의 취득,4630970000000.0,,2026-07-11
"=""00126380""","=""005930""",삼성전자,2025,CFS,CF,배당금지급,9897183000000.0,,2026-07-11
"=""00126380""","=""005930""",삼성전자,2025,CFS,BS,부채총계,130621773000000.0,,2026-07-11
"=""00126380""","=""005930""",삼성전자,2025,CFS,BS,비유동부채,24210425000000.0,,2026-07-11
"=""00126380""","=""005930""",삼성전자,2025,CFS,IS,영업이익,43601051000000.0,,2026-07-11
"=""00126380""","=""005930""",삼성전자,2025,CFS,CF,영업활동현금흐름,85315148000000.0,,2026-07-11
"=""00126380""","=""005930""",삼성전자,2025,CFS,BS,유형자산,215304784000000.0,,2026-07-11
"=""00126380""","=""005930""",삼성전자,2025,CFS,CF,유형자산의 취득,47522179000000.0,,2026-07-11
"=""00126380""","=""005930""",삼성전자,2025,CFS,BS,자본총계,436320337000000.0,,2026-07-11
"=""00126380""","=""005930""",삼성전자,2025,CFS,BS,재고자산,52636828000000.0,,2026-07-11
"=""00126380""","=""005930""",삼성전자,2025,CFS,CF,재무활동현금흐름,-13478040000000.0,,2026-07-11
"=""00126380""","=""005930""",삼성전자,2025,CFS,BS,총자산,566942110000000.0,,2026-07-11
"=""00126380""","=""005930""",삼성전자,2025,CFS,CF,투자활동현금흐름,-68512206000000.0,,2026-07-11
"=""00126380""","=""005930""",삼성전자,2025,CFS,IS,판매비와관리비,87769374000000.0,,2026-07-11
"=""00126380""","=""005930""",삼성전자,2024,CFS,IS,금융비용,12985684000000.0,,2026-07-11
"=""00126380""","=""005930""",삼성전자,2024,CFS,CIS,당기순이익,34451351000000.0,,2026-07-11
"=""00126380""","=""005930""",삼성전자,2024,CFS,IS,매출액,300870903000000.0,,2026-07-11
"=""00126380""","=""005930""",삼성전자,2024,CFS,IS,매출원가,186562268000000.0,,2026-07-11
"=""00126380""","=""005930""",삼성전자,2024,CFS,BS,매출채권,43623073000000.0,,2026-07-11
"=""00126380""","=""005930""",삼성전자,2024,CFS,BS,무형자산,23738566000000.0,,2026-07-11
"=""00126380""","=""005930""",삼성전자,2024,CFS,CF,무형자산의 취득,2335284000000.0,,2026-07-11
"=""00126380""","=""005930""",삼성전자,2024,CFS,CF,배당금지급,10888749000000.0,,2026-07-11
"=""00126380""","=""005930""",삼성전자,2024,CFS,BS,부채총계,112339878000000.0,,2026-07-11
"=""00126380""","=""005930""",삼성전자,2024,CFS,BS,비유동부채,19013579000000.0,,2026-07-11
"=""00126380""","=""005930""",삼성전자,2024,CFS,IS,영업이익,32725961000000.0,,2026-07-11
"=""00126380""","=""005930""",삼성전자,2024,CFS,CF,영업활동현금흐름,72982621000000.0,,2026-07-11
"=""00126380""","=""005930""",삼성전자,2024,CFS,BS,유형자산,205945209000000.0,,2026-07-11
"=""00126380""","=""005930""",삼성전자,2024,CFS,CF,유형자산의 취득,51406355000000.0,,2026-07-11
"=""00126380""","=""005930""",삼성전자,2024,CFS,BS,자본총계,402192070000000.0,,2026-07-11
"=""00126380""","=""005930""",삼성전자,2024,CFS,BS,재고자산,51754865000000.0,,2026-07-11
"=""00126380""","=""005930""",삼성전자,2024,CFS,CF,재무활동현금흐름,-7797243000000.0,,2026-07-11
"=""00126380""","=""005930""",삼성전자,2024,CFS,BS,총자산,514531948000000.0,,2026-07-11
"=""00126380""","=""005930""",삼성전자,2024,CFS,CF,투자활동현금흐름,-85381702000000.0,,2026-07-11
"=""00126380""","=""005930""",삼성전자,2024,CFS,IS,판매비와관리비,81582674000000.0,,2026-07-11
"=""00126380""","=""005930""",삼성전자,2023,CFS,IS,금융비용,12645530000000.0,,2026-07-11
"=""00126380""","=""005930""",삼성전자,2023,CFS,CIS,당기순이익,15487100000000.0,,2026-07-11
"=""00126380""","=""005930""",삼성전자,2023,CFS,IS,매출액,258935494000000.0,,2026-07-11
"=""00126380""","=""005930""",삼성전자,2023,CFS,IS,매출원가,180388580000000.0,,2026-07-11
"=""00126380""","=""005930""",삼성전자,2023,CFS,BS,매출채권,36647393000000.0,,2026-07-11
"=""00126380""","=""005930""",삼성전자,2023,CFS,BS,무형자산,22741862000000.0,,2026-07-11
"=""00126380""","=""005930""",삼성전자,2023,CFS,CF,무형자산의 취득,2922875000000.0,,2026-07-11
"=""00126380""","=""005930""",삼성전자,2023,CFS,CF,배당금지급,9864474000000.0,,2026-07-11
"=""00126380""","=""005930""",삼성전자,2023,CFS,BS,부채총계,92228115000000.0,,2026-07-11
"=""00126380""","=""005930""",삼성전자,2023,CFS,BS,비유동부채,16508663000000.0,,2026-07-11
"=""00126380""","=""005930""",삼성전자,2023,CFS,IS,영업이익,6566976000000.0,,2026-07-11
"=""00126380""","=""005930""",삼성전자,2023,CFS,CF,영업활동현금흐름,44137427000000.0,,2026-07-11
"=""00126380""","=""005930""",삼성전자,2023,CFS,BS,유형자산,187256262000000.0,,2026-07-11
"=""00126380""","=""005930""",삼성전자,2023,CFS,CF,유형자산의 취득,57611292000000.0,,2026-07-11
"=""00126380""","=""005930""",삼성전자,2023,CFS,BS,자본총계,363677865000000.0,,2026-07-11
"=""00126380""","=""005930""",삼성전자,2023,CFS,BS,재고자산,51625874000000.0,,2026-07-11
"=""00126380""","=""005930""",삼성전자,2023,CFS,CF,재무활동현금흐름,-8593059000000.0,,2026-07-11
"=""00126380""","=""005930""",삼성전자,2023,CFS,BS,총자산,455905980000000.0,,2026-07-11
"=""00126380""","=""005930""",삼성전자,2023,CFS,CF,투자활동현금흐름,-16922817000000.0,,2026-07-11
"=""00126380""","=""005930""",삼성전자,2023,CFS,IS,판매비와관리비,71979938000000.0,,2026-07-11
"=""01095722""","=""058650""",심텍,2025,CFS,CIS,금융비용,229629172657.0,,2026-07-11
"=""01095722""","=""058650""",심텍,2025,CFS,CIS,당기순이익,-164580357473.0,,2026-07-11
"=""01095722""","=""058650""",심텍,2025,CFS,CIS,매출액,1410559919451.0,,2026-07-11
"=""01095722""","=""058650""",심텍,2025,CFS,CIS,매출원가,1287168487038.0,,2026-07-11
"=""01095722""","=""058650""",심텍,2025,CFS,BS,매출채권,609489715300.0,,2026-07-11
"=""01095722""","=""058650""",심텍,2025,CFS,BS,무형자산,29443453909.0,,2026-07-11
"=""01095722""","=""058650""",심텍,2025,CFS,CF,무형자산의 취득,532441062.0,,2026-07-11
"=""01095722""","=""058650""",심텍,2025,CFS,CF,배당금지급,4184587700.0,,2026-07-11
"=""01095722""","=""058650""",심텍,2025,CFS,BS,부채총계,1043963591400.0,,2026-07-11
"=""01095722""","=""058650""",심텍,2025,CFS,BS,비유동부채,249488965462.0,,2026-07-11
"=""01095722""","=""058650""",심텍,2025,CFS,CIS,영업이익,11868602919.0,,2026-07-11
"=""01095722""","=""058650""",심텍,2025,CFS,CF,영업활동현금흐름,-198611950618.0,,2026-07-11
"=""01095722""","=""058650""",심텍,2025,CFS,BS,유형자산,572230581020.0,,2026-07-11
"=""01095722""","=""058650""",심텍,2025,CFS,CF,유형자산의 취득,55861442016.0,,2026-07-11
"=""01095722""","=""058650""",심텍,2025,CFS,BS,자본총계,576366152429.0,,2026-07-11
"=""01095722""","=""058650""",심텍,2025,CFS,BS,재고자산,239838123371.0,,2026-07-11
"=""01095722""","=""058650""",심텍,2025,CFS,CF,재무활동현금흐름,144257750978.0,,2026-07-11
"=""01095722""","=""058650""",심텍,2025,CFS,BS,총자산,1620329743829.0,,2026-07-11
"=""01095722""","=""058650""",심텍,2025,CFS,CF,투자활동현금흐름,-18765150591.0,,2026-07-11
"=""01095722""","=""058650""",심텍,2025,CFS,CIS,판매비와관리비,111522829494.0,,2026-07-11
"=""01095722""","=""058650""",심텍,2024,CFS,CIS,금융비용,81354926517.0,,2026-07-11
"=""01095722""","=""058650""",심텍,2024,CFS,CIS,당기순이익,-31044704373.0,,2026-07-11
"=""01095722""","=""058650""",심텍,2024,CFS,CIS,매출액,1231421381070.0,,2026-07-11
"=""01095722""","=""058650""",심텍,2024,CFS,CIS,매출원가,1179473868869.0,,2026-07-11
"=""01095722""","=""058650""",심텍,2024,CFS,BS,매출채권,420293747379.0,,2026-07-11
"=""01095722""","=""058650""",심텍,2024,CFS,BS,무형자산,29263156912.0,,2026-07-11
"=""01095722""","=""058650""",심텍,2024,CFS,CF,무형자산의 취득,271210565.0,,2026-07-11
"=""01095722""","=""058650""",심텍,2024,CFS,CF,배당금지급,5095340320.0,,2026-07-11
"=""01095722""","=""058650""",심텍,2024,CFS,BS,부채총계,994803895879.0,,2026-07-11
"=""01095722""","=""058650""",심텍,2024,CFS,BS,비유동부채,214648800685.0,,2026-07-11
"=""01095722""","=""058650""",심텍,2024,CFS,CIS,영업이익,-46969220820.0,,2026-07-11
"=""01095722""","=""058650""",심텍,2024,CFS,CF,영업활동현금흐름,-161257696543.0,,2026-07-11
"=""01095722""","=""058650""",심텍,2024,CFS,BS,유형자산,630074203858.0,,2026-07-11
"=""01095722""","=""058650""",심텍,2024,CFS,CF,유형자산의 취득,103331075576.0,,2026-07-11
"=""01095722""","=""058650""",심텍,2024,CFS,BS,자본총계,448475401000.0,,2026-07-11
"=""01095722""","=""058650""",심텍,2024,CFS,BS,재고자산,153897673624.0,,2026-07-11
"=""01095722""","=""058650""",심텍,2024,CFS,CF,재무활동현금흐름,375712357775.0,,2026-07-11
"=""01095722""","=""058650""",심텍,2024,CFS,BS,총자산,1443279296879.0,,2026-07-11
"=""01095722""","=""058650""",심텍,2024,CFS,CF,투자활동현금흐름,-96814709436.0,,2026-07-11
"=""01095722""","=""058650""",심텍,2024,CFS,CIS,판매비와관리비,98916733021.0,,2026-07-11
"=""01095722""","=""058650""",심텍,2023,CFS,CIS,금융비용,61899164538.0,,2026-07-11
"=""01095722""","=""058650""",심텍,2023,CFS,CIS,당기순이익,-115143871777.0,,2026-07-11
"=""01095722""","=""058650""",심텍,2023,CFS,CIS,매출액,1041895724977.0,,2026-07-11
"=""01095722""","=""058650""",심텍,2023,CFS,CIS,매출원가,1013450112715.0,,2026-07-11
"=""01095722""","=""058650""",심텍,2023,CFS,BS,매출채권,285328977107.0,,2026-07-11
"=""01095722""","=""058650""",심텍,2023,CFS,BS,무형자산,26127237680.0,,2026-07-11
"=""01095722""","=""058650""",심텍,2023,CFS,CF,무형자산의 취득,1168130264.0,,2026-07-11
"=""01095722""","=""058650""",심텍,2023,CFS,CF,배당금지급,15922938500.0,,2026-07-11
"=""01095722""","=""058650""",심텍,2023,CFS,BS,부채총계,705622729689.0,,2026-07-11
"=""01095722""","=""058650""",심텍,2023,CFS,BS,비유동부채,217177632882.0,,2026-07-11
"=""01095722""","=""058650""",심텍,2023,CFS,CIS,영업이익,-88124119458.0,,2026-07-11
"=""01095722""","=""058650""",심텍,2023,CFS,CF,영업활동현금흐름,-93400713811.0,,2026-07-11
"=""01095722""","=""058650""",심텍,2023,CFS,BS,유형자산,625184147699.0,,2026-07-11
"=""01095722""","=""058650""",심텍,2023,CFS,CF,유형자산의 취득,139284265188.0,,2026-07-11
"=""01095722""","=""058650""",심텍,2023,CFS,BS,자본총계,470437819665.0,,2026-07-11
"=""01095722""","=""058650""",심텍,2023,CFS,BS,재고자산,142029419654.0,,2026-07-11
"=""01095722""","=""058650""",심텍,2023,CFS,CF,재무활동현금흐름,73850570066.0,,2026-07-11
"=""01095722""","=""058650""",심텍,2023,CFS,BS,총자산,1176060549354.0,,2026-07-11
"=""01095722""","=""058650""",심텍,2023,CFS,CF,투자활동현금흐름,-90292598477.0,,2026-07-11
"=""01095722""","=""058650""",심텍,2023,CFS,CIS,판매비와관리비,116569731720.0,,2026-07-11
"=""00411048""","=""034230""",에스앤에스텍,2025,CFS,CIS,금융비용,5223999059.0,,2026-07-11
"=""00411048""","=""034230""",에스앤에스텍,2025,CFS,CIS,당기순이익,58092807910.0,,2026-07-11
"=""00411048""","=""034230""",에스앤에스텍,2025,CFS,CIS,매출액,243733252593.0,,2026-07-11
"=""00411048""","=""034230""",에스앤에스텍,2025,CFS,CIS,매출원가,159114538317.0,,2026-07-11
"=""00411048""","=""034230""",에스앤에스텍,2025,CFS,BS,매출채권,58129754567.0,,2026-07-11
"=""00411048""","=""034230""",에스앤에스텍,2025,CFS,BS,무형자산,2163506427.0,,2026-07-11
"=""00411048""","=""034230""",에스앤에스텍,2025,CFS,CF,무형자산의 취득,1085609400.0,,2026-07-11
"=""00411048""","=""034230""",에스앤에스텍,2025,CFS,CF,배당금지급,3124440600.0,,2026-07-11
"=""00411048""","=""034230""",에스앤에스텍,2025,CFS,BS,부채총계,88783777330.0,,2026-07-11
"=""00411048""","=""034230""",에스앤에스텍,2025,CFS,BS,비유동부채,36870352352.0,,2026-07-11
"=""00411048""","=""034230""",에스앤에스텍,2025,CFS,CIS,영업이익,50389752346.0,,2026-07-11
"=""00411048""","=""034230""",에스앤에스텍,2025,CFS,CF,영업활동현금흐름,46882046173.0,,2026-07-11
"=""00411048""","=""034230""",에스앤에스텍,2025,CFS,BS,유형자산,179914595811.0,,2026-07-11
"=""00411048""","=""034230""",에스앤에스텍,2025,CFS,CF,유형자산의 취득,63387681905.0,,2026-07-11
"=""00411048""","=""034230""",에스앤에스텍,2025,CFS,BS,자본총계,304257904926.0,,2026-07-11
"=""00411048""","=""034230""",에스앤에스텍,2025,CFS,BS,재고자산,32367075675.0,,2026-07-11
"=""00411048""","=""034230""",에스앤에스텍,2025,CFS,CF,재무활동현금흐름,27452649115.0,,2026-07-11
"=""00411048""","=""034230""",에스앤에스텍,2025,CFS,BS,총자산,393041682256.0,,2026-07-11
"=""00411048""","=""034230""",에스앤에스텍,2025,CFS,CF,투자활동현금흐름,-69628134216.0,,2026-07-11
"=""00411048""","=""034230""",에스앤에스텍,2025,CFS,CIS,판매비와관리비,34228961930.0,,2026-07-11
"=""00411048""","=""034230""",에스앤에스텍,2024,CFS,CIS,금융비용,2770606863.0,,2026-07-11
"=""00411048""","=""034230""",에스앤에스텍,2024,CFS,CIS,당기순이익,30313647619.0,,2026-07-11
"=""00411048""","=""034230""",에스앤에스텍,2024,CFS,CIS,매출액,176013891367.0,,2026-07-11
"=""00411048""","=""034230""",에스앤에스텍,2024,CFS,CIS,매출원가,116520463645.0,,2026-07-11
"=""00411048""","=""034230""",에스앤에스텍,2024,CFS,BS,매출채권,37351662475.0,,2026-07-11
"=""00411048""","=""034230""",에스앤에스텍,2024,CFS,BS,무형자산,1732894837.0,,2026-07-11
"=""00411048""","=""034230""",에스앤에스텍,2024,CFS,CF,무형자산의 취득,61400000.0,,2026-07-11
"=""00411048""","=""034230""",에스앤에스텍,2024,CFS,CF,배당금지급,3154540500.0,,2026-07-11
"=""00411048""","=""034230""",에스앤에스텍,2024,CFS,BS,부채총계,50184639632.0,,2026-07-11
"=""00411048""","=""034230""",에스앤에스텍,2024,CFS,BS,비유동부채,10508113904.0,,2026-07-11
"=""00411048""","=""034230""",에스앤에스텍,2024,CFS,CIS,영업이익,29478688017.0,,2026-07-11
"=""00411048""","=""034230""",에스앤에스텍,2024,CFS,CF,영업활동현금흐름,36048329089.0,,2026-07-11
"=""00411048""","=""034230""",에스앤에스텍,2024,CFS,BS,유형자산,125181813458.0,,2026-07-11
"=""00411048""","=""034230""",에스앤에스텍,2024,CFS,CF,유형자산의 취득,19789678112.0,,2026-07-11
"=""00411048""","=""034230""",에스앤에스텍,2024,CFS,BS,자본총계,246847048853.0,,2026-07-11
"=""00411048""","=""034230""",에스앤에스텍,2024,CFS,BS,재고자산,31457220104.0,,2026-07-11
"=""00411048""","=""034230""",에스앤에스텍,2024,CFS,CF,재무활동현금흐름,-1132736634.0,,2026-07-11
"=""00411048""","=""034230""",에스앤에스텍,2024,CFS,BS,총자산,297031688485.0,,2026-07-11
"=""00411048""","=""034230""",에스앤에스텍,2024,CFS,CF,투자활동현금흐름,-19205897085.0,,2026-07-11
"=""00411048""","=""034230""",에스앤에스텍,2024,CFS,CIS,판매비와관리비,30014739705.0,,2026-07-11
"=""00411048""","=""034230""",에스앤에스텍,2023,CFS,CIS,금융비용,3323610177.0,,2026-07-11
"=""00411048""","=""034230""",에스앤에스텍,2023,CFS,CIS,당기순이익,25854851119.0,,2026-07-11
"=""00411048""","=""034230""",에스앤에스텍,2023,CFS,CIS,매출액,150320408224.0,,2026-07-11
"=""00411048""","=""034230""",에스앤에스텍,2023,CFS,CIS,매출원가,103672662880.0,,2026-07-11
"=""00411048""","=""034230""",에스앤에스텍,2023,CFS,BS,매출채권,33740639609.0,,2026-07-11
"=""00411048""","=""034230""",에스앤에스텍,2023,CFS,BS,무형자산,1896194370.0,,2026-07-11
"=""00411048""","=""034230""",에스앤에스텍,2023,CFS,CF,무형자산의 취득,225128350.0,,2026-07-11
"=""00411048""","=""034230""",에스앤에스텍,2023,CFS,CF,배당금지급,3124540500.0,,2026-07-11
"=""00411048""","=""034230""",에스앤에스텍,2023,CFS,BS,부채총계,35959971560.0,,2026-07-11
"=""00411048""","=""034230""",에스앤에스텍,2023,CFS,BS,비유동부채,6772750777.0,,2026-07-11
"=""00411048""","=""034230""",에스앤에스텍,2023,CFS,CIS,영업이익,25039402690.0,,2026-07-11
"=""00411048""","=""034230""",에스앤에스텍,2023,CFS,CF,영업활동현금흐름,25557706196.0,,2026-07-11
"=""00411048""","=""034230""",에스앤에스텍,2023,CFS,BS,유형자산,115977166699.0,,2026-07-11
"=""00411048""","=""034230""",에스앤에스텍,2023,CFS,CF,유형자산의 취득,21107977043.0,,2026-07-11
"=""00411048""","=""034230""",에스앤에스텍,2023,CFS,BS,자본총계,220798777193.0,,2026-07-11
"=""00411048""","=""034230""",에스앤에스텍,2023,CFS,BS,재고자산,19786858017.0,,2026-07-11
"=""00411048""","=""034230""",에스앤에스텍,2023,CFS,CF,재무활동현금흐름,7923624224.0,,2026-07-11
"=""00411048""","=""034230""",에스앤에스텍,2023,CFS,BS,총자산,256758748753.0,,2026-07-11
"=""00411048""","=""034230""",에스앤에스텍,2023,CFS,CF,투자활동현금흐름,-20773895211.0,,2026-07-11
"=""00411048""","=""034230""",에스앤에스텍,2023,CFS,CIS,판매비와관리비,21608342654.0,,2026-07-11
"=""01109539""","=""041920""",와이씨,2025,CFS,CIS,금융비용,11042127575.0,,2026-07-11
"=""01109539""","=""041920""",와이씨,2025,CFS,CIS,당기순이익,28984367217.0,,2026-07-11
"=""01109539""","=""041920""",와이씨,2025,CFS,CIS,매출액,272629978227.0,,2026-07-11
"=""01109539""","=""041920""",와이씨,2025,CFS,CIS,매출원가,201000007307.0,,2026-07-11
"=""01109539""","=""041920""",와이씨,2025,CFS,BS,매출채권,13094819960.0,,2026-07-11
"=""01109539""","=""041920""",와이씨,2025,CFS,BS,무형자산,24200224931.0,,2026-07-11
"=""01109539""","=""041920""",와이씨,2025,CFS,CF,무형자산의 취득,637679505.0,,2026-07-11
"=""01109539""","=""041920""",와이씨,2025,CFS,CF,배당금지급,0.0,,2026-07-11
"=""01109539""","=""041920""",와이씨,2025,CFS,BS,부채총계,130992662031.0,,2026-07-11
"=""01109539""","=""041920""",와이씨,2025,CFS,BS,비유동부채,56868787222.0,,2026-07-11
"=""01109539""","=""041920""",와이씨,2025,CFS,CIS,영업이익,16989848287.0,,2026-07-11
"=""01109539""","=""041920""",와이씨,2025,CFS,CF,영업활동현금흐름,41192786217.0,,2026-07-11
"=""01109539""","=""041920""",와이씨,2025,CFS,BS,유형자산,222850763455.0,,2026-07-11
"=""01109539""","=""041920""",와이씨,2025,CFS,CF,유형자산의 취득,16006710569.0,,2026-07-11
"=""01109539""","=""041920""",와이씨,2025,CFS,BS,자본총계,476196299410.0,,2026-07-11
"=""01109539""","=""041920""",와이씨,2025,CFS,BS,재고자산,83880343465.0,,2026-07-11
"=""01109539""","=""041920""",와이씨,2025,CFS,CF,재무활동현금흐름,28210748837.0,,2026-07-11
"=""01109539""","=""041920""",와이씨,2025,CFS,BS,총자산,607188961441.0,,2026-07-11
"=""01109539""","=""041920""",와이씨,2025,CFS,CF,투자활동현금흐름,10045981704.0,,2026-07-11
"=""01109539""","=""041920""",와이씨,2025,CFS,CIS,판매비와관리비,54640122633.0,,2026-07-11
"=""01109539""","=""041920""",와이씨,2024,CFS,CIS,금융비용,14827660949.0,,2026-07-11
"=""01109539""","=""041920""",와이씨,2024,CFS,CIS,당기순이익,12926037556.0,,2026-07-11
"=""01109539""","=""041920""",와이씨,2024,CFS,CIS,매출액,211241210832.0,,2026-07-11
"=""01109539""","=""041920""",와이씨,2024,CFS,CIS,매출원가,152792998218.0,,2026-07-11
"=""01109539""","=""041920""",와이씨,2024,CFS,BS,매출채권,13813991552.0,,2026-07-11
"=""01109539""","=""041920""",와이씨,2024,CFS,BS,무형자산,23822785953.0,,2026-07-11
"=""01109539""","=""041920""",와이씨,2024,CFS,CF,무형자산의 취득,222795014.0,,2026-07-11
"=""01109539""","=""041920""",와이씨,2024,CFS,CF,배당금지급,0.0,,2026-07-11
"=""01109539""","=""041920""",와이씨,2024,CFS,BS,부채총계,158643144911.0,,2026-07-11
"=""01109539""","=""041920""",와이씨,2024,CFS,BS,비유동부채,57387705593.0,,2026-07-11
"=""01109539""","=""041920""",와이씨,2024,CFS,CIS,영업이익,10599506307.0,,2026-07-11
"=""01109539""","=""041920""",와이씨,2024,CFS,CF,영업활동현금흐름,-23552771223.0,,2026-07-11
"=""01109539""","=""041920""",와이씨,2024,CFS,BS,유형자산,222202785315.0,,2026-07-11
"=""01109539""","=""041920""",와이씨,2024,CFS,CF,유형자산의 취득,26761270283.0,,2026-07-11
"=""01109539""","=""041920""",와이씨,2024,CFS,BS,자본총계,418212295510.0,,2026-07-11
"=""01109539""","=""041920""",와이씨,2024,CFS,BS,재고자산,129256184043.0,,2026-07-11
"=""01109539""","=""041920""",와이씨,2024,CFS,CF,재무활동현금흐름,59626915260.0,,2026-07-11
"=""01109539""","=""041920""",와이씨,2024,CFS,BS,총자산,576855440421.0,,2026-07-11
"=""01109539""","=""041920""",와이씨,2024,CFS,CF,투자활동현금흐름,-38552642943.0,,2026-07-11
"=""01109539""","=""041920""",와이씨,2024,CFS,CIS,판매비와관리비,47848706307.0,,2026-07-11
"=""01109539""","=""041920""",와이씨,2023,CFS,CIS,금융비용,3896567182.0,,2026-07-11
"=""01109539""","=""041920""",와이씨,2023,CFS,CIS,당기순이익,12879225237.0,,2026-07-11
"=""01109539""","=""041920""",와이씨,2023,CFS,CIS,매출액,255182306180.0,,2026-07-11
"=""01109539""","=""041920""",와이씨,2023,CFS,CIS,매출원가,205806523132.0,,2026-07-11
"=""01109539""","=""041920""",와이씨,2023,CFS,BS,매출채권,7000375665.0,,2026-07-11
"=""01109539""","=""041920""",와이씨,2023,CFS,BS,무형자산,24105529835.0,,2026-07-11
"=""01109539""","=""041920""",와이씨,2023,CFS,CF,무형자산의 취득,606770844.0,,2026-07-11
"=""01109539""","=""041920""",와이씨,2023,CFS,CF,배당금지급,0.0,,2026-07-11
"=""01109539""","=""041920""",와이씨,2023,CFS,BS,부채총계,114468752526.0,,2026-07-11
"=""01109539""","=""041920""",와이씨,2023,CFS,BS,비유동부채,37805247773.0,,2026-07-11
"=""01109539""","=""041920""",와이씨,2023,CFS,CIS,영업이익,8571578913.0,,2026-07-11
"=""01109539""","=""041920""",와이씨,2023,CFS,CF,영업활동현금흐름,24081727880.0,,2026-07-11
"=""01109539""","=""041920""",와이씨,2023,CFS,BS,유형자산,203649742058.0,,2026-07-11
"=""01109539""","=""041920""",와이씨,2023,CFS,CF,유형자산의 취득,83273367653.0,,2026-07-11
"=""01109539""","=""041920""",와이씨,2023,CFS,BS,자본총계,365804448525.0,,2026-07-11
"=""01109539""","=""041920""",와이씨,2023,CFS,BS,재고자산,63180273022.0,,2026-07-11
"=""01109539""","=""041920""",와이씨,2023,CFS,CF,재무활동현금흐름,1832723357.0,,2026-07-11
"=""01109539""","=""041920""",와이씨,2023,CFS,BS,총자산,480273201051.0,,2026-07-11
"=""01109539""","=""041920""",와이씨,2023,CFS,CF,투자활동현금흐름,-27949820176.0,,2026-07-11
"=""01109539""","=""041920""",와이씨,2023,CFS,CIS,판매비와관리비,40804204135.0,,2026-07-11
"=""01135941""","=""240810""",원익IPS,2025,CFS,CIS,금융비용,688901031.0,,2026-07-11
"=""01135941""","=""240810""",원익IPS,2025,CFS,CIS,당기순이익,84028556164.0,,2026-07-11
"=""01135941""","=""240810""",원익IPS,2025,CFS,CIS,매출액,909795691103.0,,2026-07-11
"=""01135941""","=""240810""",원익IPS,2025,CFS,CIS,매출원가,526952084731.0,,2026-07-11
"=""01135941""","=""240810""",원익IPS,2025,CFS,BS,매출채권,71798915737.0,,2026-07-11
"=""01135941""","=""240810""",원익IPS,2025,CFS,BS,무형자산,27679385978.0,,2026-07-11
"=""01135941""","=""240810""",원익IPS,2025,CFS,CF,무형자산의 취득,6342191451.0,,2026-07-11
"=""01135941""","=""240810""",원익IPS,2025,CFS,CF,배당금지급,2432778850.0,,2026-07-11
"=""01135941""","=""240810""",원익IPS,2025,CFS,BS,부채총계,194620663488.0,,2026-07-11
"=""01135941""","=""240810""",원익IPS,2025,CFS,BS,비유동부채,6510992189.0,,2026-07-11
"=""01135941""","=""240810""",원익IPS,2025,CFS,CIS,영업이익,73814129967.0,,2026-07-11
"=""01135941""","=""240810""",원익IPS,2025,CFS,CF,영업활동현금흐름,156607028356.0,,2026-07-11
"=""01135941""","=""240810""",원익IPS,2025,CFS,BS,유형자산,322582791922.0,,2026-07-11
"=""01135941""","=""240810""",원익IPS,2025,CFS,CF,유형자산의 취득,25661159526.0,,2026-07-11
"=""01135941""","=""240810""",원익IPS,2025,CFS,BS,자본총계,970015555952.0,,2026-07-11
"=""01135941""","=""240810""",원익IPS,2025,CFS,BS,재고자산,272698619374.0,,2026-07-11
"=""01135941""","=""240810""",원익IPS,2025,CFS,CF,재무활동현금흐름,-5649629550.0,,2026-07-11
"=""01135941""","=""240810""",원익IPS,2025,CFS,BS,총자산,1164636219440.0,,2026-07-11
"=""01135941""","=""240810""",원익IPS,2025,CFS,CF,투자활동현금흐름,-178509048975.0,,2026-07-11
"=""01135941""","=""240810""",원익IPS,2025,CFS,CIS,판매비와관리비,141574473205.0,,2026-07-11
"=""01135941""","=""240810""",원익IPS,2024,CFS,CIS,금융비용,11452628025.0,,2026-07-11
"=""01135941""","=""240810""",원익IPS,2024,CFS,CIS,당기순이익,20748346848.0,,2026-07-11
"=""01135941""","=""240810""",원익IPS,2024,CFS,CIS,매출액,748176487524.0,,2026-07-11
"=""01135941""","=""240810""",원익IPS,2024,CFS,CIS,매출원가,455849202744.0,,2026-07-11
"=""01135941""","=""240810""",원익IPS,2024,CFS,BS,매출채권,99682100565.0,,2026-07-11
"=""01135941""","=""240810""",원익IPS,2024,CFS,BS,무형자산,27100166351.0,,2026-07-11
"=""01135941""","=""240810""",원익IPS,2024,CFS,CF,무형자산의 취득,10323329995.0,,2026-07-11
"=""01135941""","=""240810""",원익IPS,2024,CFS,CF,배당금지급,0.0,,2026-07-11
"=""01135941""","=""240810""",원익IPS,2024,CFS,BS,부채총계,236686893210.0,,2026-07-11
"=""01135941""","=""240810""",원익IPS,2024,CFS,BS,비유동부채,7716651551.0,,2026-07-11
"=""01135941""","=""240810""",원익IPS,2024,CFS,CIS,영업이익,10641636214.0,,2026-07-11
"=""01135941""","=""240810""",원익IPS,2024,CFS,CF,영업활동현금흐름,78280504451.0,,2026-07-11
"=""01135941""","=""240810""",원익IPS,2024,CFS,BS,유형자산,334233349351.0,,2026-07-11
"=""01135941""","=""240810""",원익IPS,2024,CFS,CF,유형자산의 취득,21432773671.0,,2026-07-11
"=""01135941""","=""240810""",원익IPS,2024,CFS,BS,자본총계,887460172581.0,,2026-07-11
"=""01135941""","=""240810""",원익IPS,2024,CFS,BS,재고자산,337663829800.0,,2026-07-11
"=""01135941""","=""240810""",원익IPS,2024,CFS,CF,재무활동현금흐름,-3469412940.0,,2026-07-11
"=""01135941""","=""240810""",원익IPS,2024,CFS,BS,총자산,1124147065791.0,,2026-07-11
"=""01135941""","=""240810""",원익IPS,2024,CFS,CF,투자활동현금흐름,5495162371.0,,2026-07-11
"=""01135941""","=""240810""",원익IPS,2024,CFS,CIS,판매비와관리비,125493130741.0,,2026-07-11
"=""01135941""","=""240810""",원익IPS,2023,CFS,CIS,금융비용,3919074534.0,,2026-07-11
"=""01135941""","=""240810""",원익IPS,2023,CFS,CIS,당기순이익,-13507700947.0,,2026-07-11
"=""01135941""","=""240810""",원익IPS,2023,CFS,CIS,매출액,690337586778.0,,2026-07-11
"=""01135941""","=""240810""",원익IPS,2023,CFS,CIS,매출원가,414407177962.0,,2026-07-11
"=""01135941""","=""240810""",원익IPS,2023,CFS,BS,매출채권,73850852902.0,,2026-07-11
"=""01135941""","=""240810""",원익IPS,2023,CFS,BS,무형자산,22290789947.0,,2026-07-11
"=""01135941""","=""240810""",원익IPS,2023,CFS,CF,무형자산의 취득,5052692784.0,,2026-07-11
"=""01135941""","=""240810""",원익IPS,2023,CFS,CF,배당금지급,9581070390.0,,2026-07-11
"=""01135941""","=""240810""",원익IPS,2023,CFS,BS,부채총계,218160246280.0,,2026-07-11
"=""01135941""","=""240810""",원익IPS,2023,CFS,BS,비유동부채,8604802323.0,,2026-07-11
"=""01135941""","=""240810""",원익IPS,2023,CFS,CIS,영업이익,-18074991250.0,,2026-07-11
"=""01135941""","=""240810""",원익IPS,2023,CFS,CF,영업활동현금흐름,-12315183037.0,,2026-07-11
"=""01135941""","=""240810""",원익IPS,2023,CFS,BS,유형자산,353690379851.0,,2026-07-11
"=""01135941""","=""240810""",원익IPS,2023,CFS,CF,유형자산의 취득,59514153913.0,,2026-07-11
"=""01135941""","=""240810""",원익IPS,2023,CFS,BS,자본총계,866702595508.0,,2026-07-11
"=""01135941""","=""240810""",원익IPS,2023,CFS,BS,재고자산,340987647423.0,,2026-07-11
"=""01135941""","=""240810""",원익IPS,2023,CFS,CF,재무활동현금흐름,13815950359.0,,2026-07-11
"=""01135941""","=""240810""",원익IPS,2023,CFS,BS,총자산,1084862841788.0,,2026-07-11
"=""01135941""","=""240810""",원익IPS,2023,CFS,CF,투자활동현금흐름,-46027866311.0,,2026-07-11
"=""01135941""","=""240810""",원익IPS,2023,CFS,CIS,판매비와관리비,129425432685.0,,2026-07-11
"=""00531014""","=""039440""",유진테크,2025,CFS,IS,금융비용,1465548901.0,,2026-07-11
"=""00531014""","=""039440""",유진테크,2025,CFS,CIS,당기순이익,44481997780.0,,2026-07-11
"=""00531014""","=""039440""",유진테크,2025,CFS,IS,매출액,350324287104.0,,2026-07-11
"=""00531014""","=""039440""",유진테크,2025,CFS,IS,매출원가,179375081597.0,,2026-07-11
"=""00531014""","=""039440""",유진테크,2025,CFS,BS,매출채권,40274185255.0,,2026-07-11
"=""00531014""","=""039440""",유진테크,2025,CFS,BS,무형자산,42292652301.0,,2026-07-11
"=""00531014""","=""039440""",유진테크,2025,CFS,CF,무형자산의 취득,8411854577.0,,2026-07-11
"=""00531014""","=""039440""",유진테크,2025,CFS,CF,배당금지급,5112974350.0,,2026-07-11
"=""00531014""","=""039440""",유진테크,2025,CFS,BS,부채총계,89220820383.0,,2026-07-11
"=""00531014""","=""039440""",유진테크,2025,CFS,BS,비유동부채,22305208045.0,,2026-07-11
"=""00531014""","=""039440""",유진테크,2025,CFS,IS,영업이익,51671713116.0,,2026-07-11
"=""00531014""","=""039440""",유진테크,2025,CFS,CF,영업활동현금흐름,66476818240.0,,2026-07-11
"=""00531014""","=""039440""",유진테크,2025,CFS,BS,유형자산,93307768126.0,,2026-07-11
"=""00531014""","=""039440""",유진테크,2025,CFS,CF,유형자산의 취득,13388716620.0,,2026-07-11
"=""00531014""","=""039440""",유진테크,2025,CFS,BS,자본총계,491392923336.0,,2026-07-11
"=""00531014""","=""039440""",유진테크,2025,CFS,BS,재고자산,91438516149.0,,2026-07-11
"=""00531014""","=""039440""",유진테크,2025,CFS,CF,재무활동현금흐름,13915177327.0,,2026-07-11
"=""00531014""","=""039440""",유진테크,2025,CFS,BS,총자산,580613743719.0,,2026-07-11
"=""00531014""","=""039440""",유진테크,2025,CFS,CF,투자활동현금흐름,-55048153074.0,,2026-07-11
"=""00531014""","=""039440""",유진테크,2025,CFS,IS,판매비와관리비,119277492391.0,,2026-07-11
"=""00531014""","=""039440""",유진테크,2024,CFS,IS,금융비용,1573232992.0,,2026-07-11
"=""00531014""","=""039440""",유진테크,2024,CFS,CIS,당기순이익,65440277257.0,,2026-07-11
"=""00531014""","=""039440""",유진테크,2024,CFS,IS,매출액,338067812312.0,,2026-07-11
"=""00531014""","=""039440""",유진테크,2024,CFS,IS,매출원가,172365011847.0,,2026-07-11
"=""00531014""","=""039440""",유진테크,2024,CFS,BS,매출채권,44774580715.0,,2026-07-11
"=""00531014""","=""039440""",유진테크,2024,CFS,BS,무형자산,39167128049.0,,2026-07-11
"=""00531014""","=""039440""",유진테크,2024,CFS,CF,무형자산의 취득,1425872026.0,,2026-07-11
"=""00531014""","=""039440""",유진테크,2024,CFS,CF,배당금지급,4441464650.0,,2026-07-11
"=""00531014""","=""039440""",유진테크,2024,CFS,BS,부채총계,103757408575.0,,2026-07-11
"=""00531014""","=""039440""",유진테크,2024,CFS,BS,비유동부채,20373767638.0,,2026-07-11
"=""00531014""","=""039440""",유진테크,2024,CFS,IS,영업이익,61177012897.0,,2026-07-11
"=""00531014""","=""039440""",유진테크,2024,CFS,CF,영업활동현금흐름,61502669541.0,,2026-07-11
"=""00531014""","=""039440""",유진테크,2024,CFS,BS,유형자산,90945476015.0,,2026-07-11
"=""00531014""","=""039440""",유진테크,2024,CFS,CF,유형자산의 취득,9115931685.0,,2026-07-11
"=""00531014""","=""039440""",유진테크,2024,CFS,BS,자본총계,435742335000.0,,2026-07-11
"=""00531014""","=""039440""",유진테크,2024,CFS,BS,재고자산,107466325393.0,,2026-07-11
"=""00531014""","=""039440""",유진테크,2024,CFS,CF,재무활동현금흐름,2912309931.0,,2026-07-11
"=""00531014""","=""039440""",유진테크,2024,CFS,BS,총자산,539499743575.0,,2026-07-11
"=""00531014""","=""039440""",유진테크,2024,CFS,CF,투자활동현금흐름,-75827511736.0,,2026-07-11
"=""00531014""","=""039440""",유진테크,2024,CFS,IS,판매비와관리비,104525787568.0,,2026-07-11
"=""00531014""","=""039440""",유진테크,2023,CFS,IS,금융비용,489919646.0,,2026-07-11
"=""00531014""","=""039440""",유진테크,2023,CFS,CIS,당기순이익,25397015593.0,,2026-07-11
"=""00531014""","=""039440""",유진테크,2023,CFS,IS,매출액,276533350776.0,,2026-07-11
"=""00531014""","=""039440""",유진테크,2023,CFS,IS,매출원가,150882618208.0,,2026-07-11
"=""00531014""","=""039440""",유진테크,2023,CFS,BS,매출채권,8324659029.0,,2026-07-11
"=""00531014""","=""039440""",유진테크,2023,CFS,BS,무형자산,35504158289.0,,2026-07-11
"=""00531014""","=""039440""",유진테크,2023,CFS,CF,무형자산의 취득,80000000.0,,2026-07-11
"=""00531014""","=""039440""",유진테크,2023,CFS,CF,배당금지급,5994627270.0,,2026-07-11
"=""00531014""","=""039440""",유진테크,2023,CFS,BS,부채총계,68514428187.0,,2026-07-11
"=""00531014""","=""039440""",유진테크,2023,CFS,BS,비유동부채,11752114395.0,,2026-07-11
"=""00531014""","=""039440""",유진테크,2023,CFS,IS,영업이익,24325728964.0,,2026-07-11
"=""00531014""","=""039440""",유진테크,2023,CFS,CF,영업활동현금흐름,47693888794.0,,2026-07-11
"=""00531014""","=""039440""",유진테크,2023,CFS,BS,유형자산,92246974103.0,,2026-07-11
"=""00531014""","=""039440""",유진테크,2023,CFS,CF,유형자산의 취득,11767134802.0,,2026-07-11
"=""00531014""","=""039440""",유진테크,2023,CFS,BS,자본총계,368475409140.0,,2026-07-11
"=""00531014""","=""039440""",유진테크,2023,CFS,BS,재고자산,102172034234.0,,2026-07-11
"=""00531014""","=""039440""",유진테크,2023,CFS,CF,재무활동현금흐름,-7212064571.0,,2026-07-11
"=""00531014""","=""039440""",유진테크,2023,CFS,BS,총자산,436989837327.0,,2026-07-11
"=""00531014""","=""039440""",유진테크,2023,CFS,CF,투자활동현금흐름,-43146128894.0,,2026-07-11
"=""00531014""","=""039440""",유진테크,2023,CFS,IS,판매비와관리비,101325003604.0,,2026-07-11
"=""00246417""","=""011930""",이오테크닉스,2025,CFS,CIS,금융비용,18442407493.0,,2026-07-11
"=""00246417""","=""011930""",이오테크닉스,2025,CFS,CIS,당기순이익,57564773290.0,,2026-07-11
"=""00246417""","=""011930""",이오테크닉스,2025,CFS,CIS,매출액,380890608578.0,,2026-07-11
"=""00246417""","=""011930""",이오테크닉스,2025,CFS,CIS,매출원가,241791765522.0,,2026-07-11
"=""00246417""","=""011930""",이오테크닉스,2025,CFS,BS,매출채권,87962350487.0,,2026-07-11
"=""00246417""","=""011930""",이오테크닉스,2025,CFS,BS,무형자산,4005488440.0,,2026-07-11
"=""00246417""","=""011930""",이오테크닉스,2025,CFS,CF,무형자산의 취득,174067717.0,,2026-07-11
"=""00246417""","=""011930""",이오테크닉스,2025,CFS,CF,배당금지급,6051076500.0,,2026-07-11
"=""00246417""","=""011930""",이오테크닉스,2025,CFS,BS,부채총계,89852215834.0,,2026-07-11
"=""00246417""","=""011930""",이오테크닉스,2025,CFS,BS,비유동부채,2027293314.0,,2026-07-11
"=""00246417""","=""011930""",이오테크닉스,2025,CFS,CIS,영업이익,80753274993.0,,2026-07-11
"=""00246417""","=""011930""",이오테크닉스,2025,CFS,CF,영업활동현금흐름,100287776582.0,,2026-07-11
"=""00246417""","=""011930""",이오테크닉스,2025,CFS,BS,유형자산,150316845920.0,,2026-07-11
"=""00246417""","=""011930""",이오테크닉스,2025,CFS,CF,유형자산의 취득,3906067446.0,,2026-07-11
"=""00246417""","=""011930""",이오테크닉스,2025,CFS,BS,자본총계,687899216493.0,,2026-07-11
"=""00246417""","=""011930""",이오테크닉스,2025,CFS,BS,재고자산,115259279438.0,,2026-07-11
"=""00246417""","=""011930""",이오테크닉스,2025,CFS,CF,재무활동현금흐름,31690700144.0,,2026-07-11
"=""00246417""","=""011930""",이오테크닉스,2025,CFS,BS,총자산,777751432327.0,,2026-07-11
"=""00246417""","=""011930""",이오테크닉스,2025,CFS,CF,투자활동현금흐름,-115567294480.0,,2026-07-11
"=""00246417""","=""011930""",이오테크닉스,2025,CFS,CIS,판매비와관리비,58345568063.0,,2026-07-11
"=""00246417""","=""011930""",이오테크닉스,2024,CFS,CIS,금융비용,8111438729.0,,2026-07-11
"=""00246417""","=""011930""",이오테크닉스,2024,CFS,CIS,당기순이익,42670270031.0,,2026-07-11
"=""00246417""","=""011930""",이오테크닉스,2024,CFS,CIS,매출액,320945496298.0,,2026-07-11
"=""00246417""","=""011930""",이오테크닉스,2024,CFS,CIS,매출원가,231920107107.0,,2026-07-11
"=""00246417""","=""011930""",이오테크닉스,2024,CFS,BS,매출채권,100786950507.0,,2026-07-11
"=""00246417""","=""011930""",이오테크닉스,2024,CFS,BS,무형자산,4777812572.0,,2026-07-11
"=""00246417""","=""011930""",이오테크닉스,2024,CFS,CF,무형자산의 취득,300496653.0,,2026-07-11
"=""00246417""","=""011930""",이오테크닉스,2024,CFS,CF,배당금지급,5445968850.0,,2026-07-11
"=""00246417""","=""011930""",이오테크닉스,2024,CFS,BS,부채총계,49983890382.0,,2026-07-11
"=""00246417""","=""011930""",이오테크닉스,2024,CFS,BS,비유동부채,1877641956.0,,2026-07-11
"=""00246417""","=""011930""",이오테크닉스,2024,CFS,CIS,영업이익,31201085341.0,,2026-07-11
"=""00246417""","=""011930""",이오테크닉스,2024,CFS,CF,영업활동현금흐름,55361110767.0,,2026-07-11
"=""00246417""","=""011930""",이오테크닉스,2024,CFS,BS,유형자산,134118242370.0,,2026-07-11
"=""00246417""","=""011930""",이오테크닉스,2024,CFS,CF,유형자산의 취득,63708398226.0,,2026-07-11
"=""00246417""","=""011930""",이오테크닉스,2024,CFS,BS,자본총계,603031420844.0,,2026-07-11
"=""00246417""","=""011930""",이오테크닉스,2024,CFS,BS,재고자산,112465762788.0,,2026-07-11
"=""00246417""","=""011930""",이오테크닉스,2024,CFS,CF,재무활동현금흐름,-6357568850.0,,2026-07-11
"=""00246417""","=""011930""",이오테크닉스,2024,CFS,BS,총자산,653015311226.0,,2026-07-11
"=""00246417""","=""011930""",이오테크닉스,2024,CFS,CF,투자활동현금흐름,-37576788470.0,,2026-07-11
"=""00246417""","=""011930""",이오테크닉스,2024,CFS,CIS,판매비와관리비,57824303850.0,,2026-07-11
"=""00246417""","=""011930""",이오테크닉스,2023,CFS,CIS,금융비용,11546073212.0,,2026-07-11
"=""00246417""","=""011930""",이오테크닉스,2023,CFS,CIS,당기순이익,36393252840.0,,2026-07-11
"=""00246417""","=""011930""",이오테크닉스,2023,CFS,CIS,매출액,316384019477.0,,2026-07-11
"=""00246417""","=""011930""",이오테크닉스,2023,CFS,CIS,매출원가,231243276445.0,,2026-07-11
"=""00246417""","=""011930""",이오테크닉스,2023,CFS,BS,매출채권,83501574936.0,,2026-07-11
"=""00246417""","=""011930""",이오테크닉스,2023,CFS,BS,무형자산,5126005757.0,,2026-07-11
"=""00246417""","=""011930""",이오테크닉스,2023,CFS,CF,무형자산의 취득,1234302255.0,,2026-07-11
"=""00246417""","=""011930""",이오테크닉스,2023,CFS,CF,배당금지급,12102153000.0,,2026-07-11
"=""00246417""","=""011930""",이오테크닉스,2023,CFS,BS,부채총계,49219483901.0,,2026-07-11
"=""00246417""","=""011930""",이오테크닉스,2023,CFS,BS,비유동부채,2198012325.0,,2026-07-11
"=""00246417""","=""011930""",이오테크닉스,2023,CFS,CIS,영업이익,28334755251.0,,2026-07-11
"=""00246417""","=""011930""",이오테크닉스,2023,CFS,CF,영업활동현금흐름,31583430990.0,,2026-07-11
"=""00246417""","=""011930""",이오테크닉스,2023,CFS,BS,유형자산,107289088103.0,,2026-07-11
"=""00246417""","=""011930""",이오테크닉스,2023,CFS,CF,유형자산의 취득,4999568208.0,,2026-07-11
"=""00246417""","=""011930""",이오테크닉스,2023,CFS,BS,자본총계,562459514548.0,,2026-07-11
"=""00246417""","=""011930""",이오테크닉스,2023,CFS,BS,재고자산,134965817874.0,,2026-07-11
"=""00246417""","=""011930""",이오테크닉스,2023,CFS,CF,재무활동현금흐름,-15652947543.0,,2026-07-11
"=""00246417""","=""011930""",이오테크닉스,2023,CFS,BS,총자산,611678998449.0,,2026-07-11
"=""00246417""","=""011930""",이오테크닉스,2023,CFS,CF,투자활동현금흐름,25560486612.0,,2026-07-11
"=""00246417""","=""011930""",이오테크닉스,2023,CFS,CIS,판매비와관리비,56805987781.0,,2026-07-11
"=""00447487""","=""090460""",제주반도체,2025,CFS,CIS,금융비용,1512495505.0,,2026-07-11
"=""00447487""","=""090460""",제주반도체,2025,CFS,CIS,당기순이익,39499088944.0,,2026-07-11
"=""00447487""","=""090460""",제주반도체,2025,CFS,CIS,매출액,302230571186.0,,2026-07-11
"=""00447487""","=""090460""",제주반도체,2025,CFS,CIS,매출원가,238271136814.0,,2026-07-11
"=""00447487""","=""090460""",제주반도체,2025,CFS,BS,매출채권,99655779518.0,,2026-07-11
"=""00447487""","=""090460""",제주반도체,2025,CFS,BS,무형자산,1166012526.0,,2026-07-11
"=""00447487""","=""090460""",제주반도체,2025,CFS,CF,무형자산의 취득,200000000.0,,2026-07-11
"=""00447487""","=""090460""",제주반도체,2025,CFS,CF,배당금지급,0.0,,2026-07-11
"=""00447487""","=""090460""",제주반도체,2025,CFS,BS,부채총계,108883598978.0,,2026-07-11
"=""00447487""","=""090460""",제주반도체,2025,CFS,BS,비유동부채,9900650875.0,,2026-07-11
"=""00447487""","=""090460""",제주반도체,2025,CFS,CIS,영업이익,35873972312.0,,2026-07-11
"=""00447487""","=""090460""",제주반도체,2025,CFS,CF,영업활동현금흐름,25554903161.0,,2026-07-11
"=""00447487""","=""090460""",제주반도체,2025,CFS,BS,유형자산,5402056339.0,,2026-07-11
"=""00447487""","=""090460""",제주반도체,2025,CFS,CF,유형자산의 취득,2524757610.0,,2026-07-11
"=""00447487""","=""090460""",제주반도체,2025,CFS,BS,자본총계,227104505361.0,,2026-07-11
"=""00447487""","=""090460""",제주반도체,2025,CFS,BS,재고자산,94675960893.0,,2026-07-11
"=""00447487""","=""090460""",제주반도체,2025,CFS,CF,재무활동현금흐름,35475132531.0,,2026-07-11
"=""00447487""","=""090460""",제주반도체,2025,CFS,BS,총자산,335988104339.0,,2026-07-11
"=""00447487""","=""090460""",제주반도체,2025,CFS,CF,투자활동현금흐름,4591699774.0,,2026-07-11
"=""00447487""","=""090460""",제주반도체,2025,CFS,CIS,판매비와관리비,28085462060.0,,2026-07-11
"=""00447487""","=""090460""",제주반도체,2024,CFS,CIS,금융비용,807426436.0,,2026-07-11
"=""00447487""","=""090460""",제주반도체,2024,CFS,CIS,당기순이익,19405207353.0,,2026-07-11
"=""00447487""","=""090460""",제주반도체,2024,CFS,CIS,매출액,162349945455.0,,2026-07-11
"=""00447487""","=""090460""",제주반도체,2024,CFS,CIS,매출원가,126942043607.0,,2026-07-11
"=""00447487""","=""090460""",제주반도체,2024,CFS,BS,매출채권,65241815468.0,,2026-07-11
"=""00447487""","=""090460""",제주반도체,2024,CFS,BS,무형자산,932922145.0,,2026-07-11
"=""00447487""","=""090460""",제주반도체,2024,CFS,CF,무형자산의 취득,262549090.0,,2026-07-11
"=""00447487""","=""090460""",제주반도체,2024,CFS,CF,배당금지급,1080000000.0,,2026-07-11
"=""00447487""","=""090460""",제주반도체,2024,CFS,BS,부채총계,41193831641.0,,2026-07-11
"=""00447487""","=""090460""",제주반도체,2024,CFS,BS,비유동부채,2934276123.0,,2026-07-11
"=""00447487""","=""090460""",제주반도체,2024,CFS,CIS,영업이익,9581360274.0,,2026-07-11
"=""00447487""","=""090460""",제주반도체,2024,CFS,CF,영업활동현금흐름,-9682087226.0,,2026-07-11
"=""00447487""","=""090460""",제주반도체,2024,CFS,BS,유형자산,4742231292.0,,2026-07-11
"=""00447487""","=""090460""",제주반도체,2024,CFS,CF,유형자산의 취득,2591267073.0,,2026-07-11
"=""00447487""","=""090460""",제주반도체,2024,CFS,BS,자본총계,184233770184.0,,2026-07-11
"=""00447487""","=""090460""",제주반도체,2024,CFS,BS,재고자산,100119776057.0,,2026-07-11
"=""00447487""","=""090460""",제주반도체,2024,CFS,CF,재무활동현금흐름,10017987915.0,,2026-07-11
"=""00447487""","=""090460""",제주반도체,2024,CFS,BS,총자산,225427601825.0,,2026-07-11
"=""00447487""","=""090460""",제주반도체,2024,CFS,CF,투자활동현금흐름,-1113592600.0,,2026-07-11
"=""00447487""","=""090460""",제주반도체,2024,CFS,CIS,판매비와관리비,25826541574.0,,2026-07-11
"=""00447487""","=""090460""",제주반도체,2023,CFS,CIS,금융비용,771517789.0,,2026-07-11
"=""00447487""","=""090460""",제주반도체,2023,CFS,CIS,당기순이익,16919765330.0,,2026-07-11
"=""00447487""","=""090460""",제주반도체,2023,CFS,CIS,매출액,145899793599.0,,2026-07-11
"=""00447487""","=""090460""",제주반도체,2023,CFS,CIS,매출원가,108282685489.0,,2026-07-11
"=""00447487""","=""090460""",제주반도체,2023,CFS,BS,매출채권,65253385400.0,,2026-07-11
"=""00447487""","=""090460""",제주반도체,2023,CFS,BS,무형자산,926236262.0,,2026-07-11
"=""00447487""","=""090460""",제주반도체,2023,CFS,CF,무형자산의 취득,4881200.0,,2026-07-11
"=""00447487""","=""090460""",제주반도체,2023,CFS,CF,배당금지급,0.0,,2026-07-11
"=""00447487""","=""090460""",제주반도체,2023,CFS,BS,부채총계,40104977649.0,,2026-07-11
"=""00447487""","=""090460""",제주반도체,2023,CFS,BS,비유동부채,2501960281.0,,2026-07-11
"=""00447487""","=""090460""",제주반도체,2023,CFS,CIS,영업이익,17838425308.0,,2026-07-11
"=""00447487""","=""090460""",제주반도체,2023,CFS,CF,영업활동현금흐름,2510859925.0,,2026-07-11
"=""00447487""","=""090460""",제주반도체,2023,CFS,BS,유형자산,3815573803.0,,2026-07-11
"=""00447487""","=""090460""",제주반도체,2023,CFS,CF,유형자산의 취득,1865308613.0,,2026-07-11
"=""00447487""","=""090460""",제주반도체,2023,CFS,BS,자본총계,158568405147.0,,2026-07-11
"=""00447487""","=""090460""",제주반도체,2023,CFS,BS,재고자산,72776992063.0,,2026-07-11
"=""00447487""","=""090460""",제주반도체,2023,CFS,CF,재무활동현금흐름,1345669255.0,,2026-07-11
"=""00447487""","=""090460""",제주반도체,2023,CFS,BS,총자산,198673382796.0,,2026-07-11
"=""00447487""","=""090460""",제주반도체,2023,CFS,CF,투자활동현금흐름,-3028003579.0,,2026-07-11
"=""00447487""","=""090460""",제주반도체,2023,CFS,CIS,판매비와관리비,19778682802.0,,2026-07-11
"=""00252135""","=""036930""",주성엔지니어링,2025,CFS,CIS,금융비용,3889397070.0,,2026-07-11
"=""00252135""","=""036930""",주성엔지니어링,2025,CFS,CIS,당기순이익,35693416702.0,,2026-07-11
"=""00252135""","=""036930""",주성엔지니어링,2025,CFS,CIS,매출액,310692584812.0,,2026-07-11
"=""00252135""","=""036930""",주성엔지니어링,2025,CFS,CIS,매출원가,133384151221.0,,2026-07-11
"=""00252135""","=""036930""",주성엔지니어링,2025,CFS,BS,매출채권,12044838454.0,,2026-07-11
"=""00252135""","=""036930""",주성엔지니어링,2025,CFS,BS,무형자산,8066677120.0,,2026-07-11
"=""00252135""","=""036930""",주성엔지니어링,2025,CFS,CF,무형자산의 취득,,,2026-07-11
"=""00252135""","=""036930""",주성엔지니어링,2025,CFS,CF,배당금지급,13114155614.0,,2026-07-11
"=""00252135""","=""036930""",주성엔지니어링,2025,CFS,BS,부채총계,297436347858.0,,2026-07-11
"=""00252135""","=""036930""",주성엔지니어링,2025,CFS,BS,비유동부채,229387382970.0,,2026-07-11
"=""00252135""","=""036930""",주성엔지니어링,2025,CFS,CIS,영업이익,31257811742.0,,2026-07-11
"=""00252135""","=""036930""",주성엔지니어링,2025,CFS,CF,영업활동현금흐름,-30678160138.0,,2026-07-11
"=""00252135""","=""036930""",주성엔지니어링,2025,CFS,BS,유형자산,325891187527.0,,2026-07-11
"=""00252135""","=""036930""",주성엔지니어링,2025,CFS,CF,유형자산의 취득,39882652553.0,,2026-07-11
"=""00252135""","=""036930""",주성엔지니어링,2025,CFS,BS,자본총계,590456566398.0,,2026-07-11
"=""00252135""","=""036930""",주성엔지니어링,2025,CFS,BS,재고자산,59944509109.0,,2026-07-11
"=""00252135""","=""036930""",주성엔지니어링,2025,CFS,CF,재무활동현금흐름,-828559000.0,,2026-07-11
"=""00252135""","=""036930""",주성엔지니어링,2025,CFS,BS,총자산,887892914256.0,,2026-07-11
"=""00252135""","=""036930""",주성엔지니어링,2025,CFS,CF,투자활동현금흐름,-53872736602.0,,2026-07-11
"=""00252135""","=""036930""",주성엔지니어링,2025,CFS,CIS,판매비와관리비,146050621849.0,,2026-07-11
"=""00252135""","=""036930""",주성엔지니어링,2024,CFS,CIS,금융비용,3644086629.0,,2026-07-11
"=""00252135""","=""036930""",주성엔지니어링,2024,CFS,CIS,당기순이익,106814110967.0,,2026-07-11
"=""00252135""","=""036930""",주성엔지니어링,2024,CFS,CIS,매출액,409393371588.0,,2026-07-11
"=""00252135""","=""036930""",주성엔지니어링,2024,CFS,CIS,매출원가,160426587805.0,,2026-07-11
"=""00252135""","=""036930""",주성엔지니어링,2024,CFS,BS,매출채권,28679281912.0,,2026-07-11
"=""00252135""","=""036930""",주성엔지니어링,2024,CFS,BS,무형자산,7827628032.0,,2026-07-11
"=""00252135""","=""036930""",주성엔지니어링,2024,CFS,CF,무형자산의 취득,,,2026-07-11
"=""00252135""","=""036930""",주성엔지니어링,2024,CFS,CF,배당금지급,2363416050.0,,2026-07-11
"=""00252135""","=""036930""",주성엔지니어링,2024,CFS,BS,부채총계,420234495676.0,,2026-07-11
"=""00252135""","=""036930""",주성엔지니어링,2024,CFS,BS,비유동부채,228529567825.0,,2026-07-11
"=""00252135""","=""036930""",주성엔지니어링,2024,CFS,CIS,영업이익,97196211588.0,,2026-07-11
"=""00252135""","=""036930""",주성엔지니어링,2024,CFS,CF,영업활동현금흐름,224672730163.0,,2026-07-11
"=""00252135""","=""036930""",주성엔지니어링,2024,CFS,BS,유형자산,305672976464.0,,2026-07-11
"=""00252135""","=""036930""",주성엔지니어링,2024,CFS,CF,유형자산의 취득,30999739416.0,,2026-07-11
"=""00252135""","=""036930""",주성엔지니어링,2024,CFS,BS,자본총계,566590299600.0,,2026-07-11
"=""00252135""","=""036930""",주성엔지니어링,2024,CFS,BS,재고자산,100631506244.0,,2026-07-11
"=""00252135""","=""036930""",주성엔지니어링,2024,CFS,CF,재무활동현금흐름,-50682778850.0,,2026-07-11
"=""00252135""","=""036930""",주성엔지니어링,2024,CFS,BS,총자산,986824795276.0,,2026-07-11
"=""00252135""","=""036930""",주성엔지니어링,2024,CFS,CF,투자활동현금흐름,-40332274846.0,,2026-07-11
"=""00252135""","=""036930""",주성엔지니어링,2024,CFS,CIS,판매비와관리비,151770572195.0,,2026-07-11
"=""00252135""","=""036930""",주성엔지니어링,2023,CFS,CIS,금융비용,4010267729.0,,2026-07-11
"=""00252135""","=""036930""",주성엔지니어링,2023,CFS,CIS,당기순이익,34000802285.0,,2026-07-11
"=""00252135""","=""036930""",주성엔지니어링,2023,CFS,CIS,매출액,284745246660.0,,2026-07-11
"=""00252135""","=""036930""",주성엔지니어링,2023,CFS,CIS,매출원가,134641732223.0,,2026-07-11
"=""00252135""","=""036930""",주성엔지니어링,2023,CFS,BS,매출채권,17044011686.0,,2026-07-11
"=""00252135""","=""036930""",주성엔지니어링,2023,CFS,BS,무형자산,6507633257.0,,2026-07-11
"=""00252135""","=""036930""",주성엔지니어링,2023,CFS,CF,무형자산의 취득,,,2026-07-11
"=""00252135""","=""036930""",주성엔지니어링,2023,CFS,CF,배당금지급,9231716034.0,,2026-07-11
"=""00252135""","=""036930""",주성엔지니어링,2023,CFS,BS,부채총계,290513573540.0,,2026-07-11
"=""00252135""","=""036930""",주성엔지니어링,2023,CFS,BS,비유동부채,228965242758.0,,2026-07-11
"=""00252135""","=""036930""",주성엔지니어링,2023,CFS,CIS,영업이익,28937462812.0,,2026-07-11
"=""00252135""","=""036930""",주성엔지니어링,2023,CFS,CF,영업활동현금흐름,886629703.0,,2026-07-11
"=""00252135""","=""036930""",주성엔지니어링,2023,CFS,BS,유형자산,289692065567.0,,2026-07-11
"=""00252135""","=""036930""",주성엔지니어링,2023,CFS,CF,유형자산의 취득,14431416647.0,,2026-07-11
"=""00252135""","=""036930""",주성엔지니어링,2023,CFS,BS,자본총계,514747817845.0,,2026-07-11
"=""00252135""","=""036930""",주성엔지니어링,2023,CFS,BS,재고자산,81347141954.0,,2026-07-11
"=""00252135""","=""036930""",주성엔지니어링,2023,CFS,CF,재무활동현금흐름,-10166855840.0,,2026-07-11
"=""00252135""","=""036930""",주성엔지니어링,2023,CFS,BS,총자산,805261391385.0,,2026-07-11
"=""00252135""","=""036930""",주성엔지니어링,2023,CFS,CF,투자활동현금흐름,-1171928652.0,,2026-07-11
"=""00252135""","=""036930""",주성엔지니어링,2023,CFS,CIS,판매비와관리비,121166051625.0,,2026-07-11
"=""01261893""","=""063770""",케이씨텍,2025,CFS,CIS,금융비용,127929945.0,,2026-07-11
"=""01261893""","=""063770""",케이씨텍,2025,CFS,CIS,당기순이익,53392149112.0,,2026-07-11
"=""01261893""","=""063770""",케이씨텍,2025,CFS,CIS,매출액,382856574357.0,,2026-07-11
"=""01261893""","=""063770""",케이씨텍,2025,CFS,CIS,매출원가,240360746101.0,,2026-07-11
"=""01261893""","=""063770""",케이씨텍,2025,CFS,BS,매출채권,27321240452.0,,2026-07-11
"=""01261893""","=""063770""",케이씨텍,2025,CFS,BS,무형자산,6797197792.0,,2026-07-11
"=""01261893""","=""063770""",케이씨텍,2025,CFS,CF,무형자산의 취득,1092199303.0,,2026-07-11
"=""01261893""","=""063770""",케이씨텍,2025,CFS,CF,배당금지급,5326738470.0,,2026-07-11
"=""01261893""","=""063770""",케이씨텍,2025,CFS,BS,부채총계,70239710112.0,,2026-07-11
"=""01261893""","=""063770""",케이씨텍,2025,CFS,BS,비유동부채,4661568726.0,,2026-07-11
"=""01261893""","=""063770""",케이씨텍,2025,CFS,CIS,영업이익,59965538593.0,,2026-07-11
"=""01261893""","=""063770""",케이씨텍,2025,CFS,CF,영업활동현금흐름,60157388920.0,,2026-07-11
"=""01261893""","=""063770""",케이씨텍,2025,CFS,BS,유형자산,110063472842.0,,2026-07-11
"=""01261893""","=""063770""",케이씨텍,2025,CFS,CF,유형자산의 취득,27532447916.0,,2026-07-11
"=""01261893""","=""063770""",케이씨텍,2025,CFS,BS,자본총계,530239452127.0,,2026-07-11
"=""01261893""","=""063770""",케이씨텍,2025,CFS,BS,재고자산,83793544849.0,,2026-07-11
"=""01261893""","=""063770""",케이씨텍,2025,CFS,CF,재무활동현금흐름,-7649989333.0,,2026-07-11
"=""01261893""","=""063770""",케이씨텍,2025,CFS,BS,총자산,600479162239.0,,2026-07-11
"=""01261893""","=""063770""",케이씨텍,2025,CFS,CF,투자활동현금흐름,-105657096284.0,,2026-07-11
"=""01261893""","=""063770""",케이씨텍,2025,CFS,CIS,판매비와관리비,82530289663.0,,2026-07-11
"=""01261893""","=""063770""",케이씨텍,2024,OFS,CIS,금융비용,190212444.0,,2026-07-11
"=""01261893""","=""063770""",케이씨텍,2024,OFS,CIS,당기순이익,52685900043.0,,2026-07-11
"=""01261893""","=""063770""",케이씨텍,2024,OFS,CIS,매출액,385433971366.0,,2026-07-11
"=""01261893""","=""063770""",케이씨텍,2024,OFS,CIS,매출원가,261642260644.0,,2026-07-11
"=""01261893""","=""063770""",케이씨텍,2024,OFS,BS,매출채권,30882685899.0,,2026-07-11
"=""01261893""","=""063770""",케이씨텍,2024,OFS,BS,무형자산,6706743304.0,,2026-07-11
"=""01261893""","=""063770""",케이씨텍,2024,OFS,CF,무형자산의 취득,1836872179.0,,2026-07-11
"=""01261893""","=""063770""",케이씨텍,2024,OFS,CF,배당금지급,3652210980.0,,2026-07-11
"=""01261893""","=""063770""",케이씨텍,2024,OFS,BS,부채총계,67292470772.0,,2026-07-11
"=""01261893""","=""063770""",케이씨텍,2024,OFS,BS,비유동부채,5402589307.0,,2026-07-11
"=""01261893""","=""063770""",케이씨텍,2024,OFS,CIS,영업이익,49783492468.0,,2026-07-11
"=""01261893""","=""063770""",케이씨텍,2024,OFS,CF,영업활동현금흐름,99914197521.0,,2026-07-11
"=""01261893""","=""063770""",케이씨텍,2024,OFS,BS,유형자산,93854435894.0,,2026-07-11
"=""01261893""","=""063770""",케이씨텍,2024,OFS,CF,유형자산의 취득,10143694553.0,,2026-07-11
"=""01261893""","=""063770""",케이씨텍,2024,OFS,BS,자본총계,481848727958.0,,2026-07-11
"=""01261893""","=""063770""",케이씨텍,2024,OFS,BS,재고자산,64923822305.0,,2026-07-11
"=""01261893""","=""063770""",케이씨텍,2024,OFS,CF,재무활동현금흐름,-26092237792.0,,2026-07-11
"=""01261893""","=""063770""",케이씨텍,2024,OFS,BS,총자산,549141198730.0,,2026-07-11
"=""01261893""","=""063770""",케이씨텍,2024,OFS,CF,투자활동현금흐름,-49105252703.0,,2026-07-11
"=""01261893""","=""063770""",케이씨텍,2024,OFS,CIS,판매비와관리비,74008218254.0,,2026-07-11
"=""01261893""","=""063770""",케이씨텍,2023,OFS,CIS,금융비용,205642879.0,,2026-07-11
"=""01261893""","=""063770""",케이씨텍,2023,OFS,CIS,당기순이익,31700589259.0,,2026-07-11
"=""01261893""","=""063770""",케이씨텍,2023,OFS,CIS,매출액,286909703428.0,,2026-07-11
"=""01261893""","=""063770""",케이씨텍,2023,OFS,CIS,매출원가,188541203716.0,,2026-07-11
"=""01261893""","=""063770""",케이씨텍,2023,OFS,BS,매출채권,23596344373.0,,2026-07-11
"=""01261893""","=""063770""",케이씨텍,2023,OFS,BS,무형자산,6301141382.0,,2026-07-11
"=""01261893""","=""063770""",케이씨텍,2023,OFS,CF,무형자산의 취득,799103282.0,,2026-07-11
"=""01261893""","=""063770""",케이씨텍,2023,OFS,CF,배당금지급,5072515250.0,,2026-07-11
"=""01261893""","=""063770""",케이씨텍,2023,OFS,BS,부채총계,47337825408.0,,2026-07-11
"=""01261893""","=""063770""",케이씨텍,2023,OFS,BS,비유동부채,5247671120.0,,2026-07-11
"=""01261893""","=""063770""",케이씨텍,2023,OFS,CIS,영업이익,32703769328.0,,2026-07-11
"=""01261893""","=""063770""",케이씨텍,2023,OFS,CF,영업활동현금흐름,26586463049.0,,2026-07-11
"=""01261893""","=""063770""",케이씨텍,2023,OFS,BS,유형자산,97432358264.0,,2026-07-11
"=""01261893""","=""063770""",케이씨텍,2023,OFS,CF,유형자산의 취득,12914522361.0,,2026-07-11
"=""01261893""","=""063770""",케이씨텍,2023,OFS,BS,자본총계,452613440707.0,,2026-07-11
"=""01261893""","=""063770""",케이씨텍,2023,OFS,BS,재고자산,83490176900.0,,2026-07-11
"=""01261893""","=""063770""",케이씨텍,2023,OFS,CF,재무활동현금흐름,-7233001460.0,,2026-07-11
"=""01261893""","=""063770""",케이씨텍,2023,OFS,BS,총자산,499951266115.0,,2026-07-11
"=""01261893""","=""063770""",케이씨텍,2023,OFS,CF,투자활동현금흐름,18144211143.0,,2026-07-11
"=""01261893""","=""063770""",케이씨텍,2023,OFS,CIS,판매비와관리비,65664730384.0,,2026-07-11
"=""00997812""","=""054450""",코미코,2025,CFS,CIS,금융비용,29411978673.0,,2026-07-11
"=""00997812""","=""054450""",코미코,2025,CFS,CIS,당기순이익,77237204024.0,,2026-07-11
"=""00997812""","=""054450""",코미코,2025,CFS,CIS,매출액,604110117086.0,,2026-07-11
"=""00997812""","=""054450""",코미코,2025,CFS,CIS,매출원가,343492078624.0,,2026-07-11
"=""00997812""","=""054450""",코미코,2025,CFS,BS,매출채권,84131497430.0,,2026-07-11
"=""00997812""","=""054450""",코미코,2025,CFS,BS,무형자산,13118805603.0,,2026-07-11
"=""00997812""","=""054450""",코미코,2025,CFS,CF,무형자산의 취득,2051404908.0,,2026-07-11
"=""00997812""","=""054450""",코미코,2025,CFS,CF,배당금지급,15854315810.0,,2026-07-11
"=""00997812""","=""054450""",코미코,2025,CFS,BS,부채총계,660430838015.0,,2026-07-11
"=""00997812""","=""054450""",코미코,2025,CFS,BS,비유동부채,333196097405.0,,2026-07-11
"=""00997812""","=""054450""",코미코,2025,CFS,CIS,영업이익,110992280574.0,,2026-07-11
"=""00997812""","=""054450""",코미코,2025,CFS,CF,영업활동현금흐름,38221369716.0,,2026-07-11
"=""00997812""","=""054450""",코미코,2025,CFS,BS,유형자산,639019680081.0,,2026-07-11
"=""00997812""","=""054450""",코미코,2025,CFS,CF,유형자산의 취득,217670719233.0,,2026-07-11
"=""00997812""","=""054450""",코미코,2025,CFS,BS,자본총계,369806052244.0,,2026-07-11
"=""00997812""","=""054450""",코미코,2025,CFS,BS,재고자산,58605927048.0,,2026-07-11
"=""00997812""","=""054450""",코미코,2025,CFS,CF,재무활동현금흐름,155572314769.0,,2026-07-11
"=""00997812""","=""054450""",코미코,2025,CFS,BS,총자산,1030236890259.0,,2026-07-11
"=""00997812""","=""054450""",코미코,2025,CFS,CF,투자활동현금흐름,-254008859517.0,,2026-07-11
"=""00997812""","=""054450""",코미코,2025,CFS,CIS,판매비와관리비,148025692578.0,,2026-07-11
"=""00997812""","=""054450""",코미코,2024,CFS,CIS,금융비용,15234422155.0,,2026-07-11
"=""00997812""","=""054450""",코미코,2024,CFS,CIS,당기순이익,87845843289.0,,2026-07-11
"=""00997812""","=""054450""",코미코,2024,CFS,CIS,매출액,507138644286.0,,2026-07-11
"=""00997812""","=""054450""",코미코,2024,CFS,CIS,매출원가,272328834755.0,,2026-07-11
"=""00997812""","=""054450""",코미코,2024,CFS,BS,매출채권,65973072544.0,,2026-07-11
"=""00997812""","=""054450""",코미코,2024,CFS,BS,무형자산,10529672629.0,,2026-07-11
"=""00997812""","=""054450""",코미코,2024,CFS,CF,무형자산의 취득,2434571791.0,,2026-07-11
"=""00997812""","=""054450""",코미코,2024,CFS,CF,배당금지급,6993809400.0,,2026-07-11
"=""00997812""","=""054450""",코미코,2024,CFS,BS,부채총계,424624460497.0,,2026-07-11
"=""00997812""","=""054450""",코미코,2024,CFS,BS,비유동부채,148565055414.0,,2026-07-11
"=""00997812""","=""054450""",코미코,2024,CFS,CIS,영업이익,112461653836.0,,2026-07-11
"=""00997812""","=""054450""",코미코,2024,CFS,CF,영업활동현금흐름,115629051097.0,,2026-07-11
"=""00997812""","=""054450""",코미코,2024,CFS,BS,유형자산,402924648050.0,,2026-07-11
"=""00997812""","=""054450""",코미코,2024,CFS,CF,유형자산의 취득,153372481050.0,,2026-07-11
"=""00997812""","=""054450""",코미코,2024,CFS,BS,자본총계,375718062479.0,,2026-07-11
"=""00997812""","=""054450""",코미코,2024,CFS,BS,재고자산,44661443147.0,,2026-07-11
"=""00997812""","=""054450""",코미코,2024,CFS,CF,재무활동현금흐름,61040453560.0,,2026-07-11
"=""00997812""","=""054450""",코미코,2024,CFS,BS,총자산,800342522976.0,,2026-07-11
"=""00997812""","=""054450""",코미코,2024,CFS,CF,투자활동현금흐름,-148527123147.0,,2026-07-11
"=""00997812""","=""054450""",코미코,2024,CFS,CIS,판매비와관리비,121923981855.0,,2026-07-11
"=""00997812""","=""054450""",코미코,2023,CFS,CIS,금융비용,10764957664.0,,2026-07-11
"=""00997812""","=""054450""",코미코,2023,CFS,CIS,당기순이익,45511244117.0,,2026-07-11
"=""00997812""","=""054450""",코미코,2023,CFS,CIS,매출액,307266896921.0,,2026-07-11
"=""00997812""","=""054450""",코미코,2023,CFS,CIS,매출원가,190582534093.0,,2026-07-11
"=""00997812""","=""054450""",코미코,2023,CFS,BS,매출채권,40005055741.0,,2026-07-11
"=""00997812""","=""054450""",코미코,2023,CFS,BS,무형자산,7289766182.0,,2026-07-11
"=""00997812""","=""054450""",코미코,2023,CFS,CF,무형자산의 취득,733741034.0,,2026-07-11
"=""00997812""","=""054450""",코미코,2023,CFS,CF,배당금지급,9940569000.0,,2026-07-11
"=""00997812""","=""054450""",코미코,2023,CFS,BS,부채총계,305922619817.0,,2026-07-11
"=""00997812""","=""054450""",코미코,2023,CFS,BS,비유동부채,154946099933.0,,2026-07-11
"=""00997812""","=""054450""",코미코,2023,CFS,CIS,영업이익,33028446745.0,,2026-07-11
"=""00997812""","=""054450""",코미코,2023,CFS,CF,영업활동현금흐름,65166242206.0,,2026-07-11
"=""00997812""","=""054450""",코미코,2023,CFS,BS,유형자산,276799284258.0,,2026-07-11
"=""00997812""","=""054450""",코미코,2023,CFS,CF,유형자산의 취득,32876785043.0,,2026-07-11
"=""00997812""","=""054450""",코미코,2023,CFS,BS,자본총계,287980197096.0,,2026-07-11
"=""00997812""","=""054450""",코미코,2023,CFS,BS,재고자산,34691056013.0,,2026-07-11
"=""00997812""","=""054450""",코미코,2023,CFS,CF,재무활동현금흐름,106483944844.0,,2026-07-11
"=""00997812""","=""054450""",코미코,2023,CFS,BS,총자산,593902816913.0,,2026-07-11
"=""00997812""","=""054450""",코미코,2023,CFS,CF,투자활동현금흐름,-105292714093.0,,2026-07-11
"=""00997812""","=""054450""",코미코,2023,CFS,CIS,판매비와관리비,83519591378.0,,2026-07-11
"=""01366000""","=""323280""",태성,2025,CFS,CIS,금융비용,293256175.0,,2026-07-11
"=""01366000""","=""323280""",태성,2025,CFS,CIS,당기순이익,-2537179508.0,,2026-07-11
"=""01366000""","=""323280""",태성,2025,CFS,CIS,매출액,37859245040.0,,2026-07-11
"=""01366000""","=""323280""",태성,2025,CFS,CIS,매출원가,30219619004.0,,2026-07-11
"=""01366000""","=""323280""",태성,2025,CFS,BS,매출채권,13286440648.0,,2026-07-11
"=""01366000""","=""323280""",태성,2025,CFS,BS,무형자산,6141147352.0,,2026-07-11
"=""01366000""","=""323280""",태성,2025,CFS,CF,무형자산의 취득,2571981321.0,,2026-07-11
"=""01366000""","=""323280""",태성,2025,CFS,CF,배당금지급,0.0,,2026-07-11
"=""01366000""","=""323280""",태성,2025,CFS,BS,부채총계,44451711006.0,,2026-07-11
"=""01366000""","=""323280""",태성,2025,CFS,BS,비유동부채,58264134.0,,2026-07-11
"=""01366000""","=""323280""",태성,2025,CFS,CIS,영업이익,-2506348104.0,,2026-07-11
"=""01366000""","=""323280""",태성,2025,CFS,CF,영업활동현금흐름,-9748725998.0,,2026-07-11
"=""01366000""","=""323280""",태성,2025,CFS,BS,유형자산,86103979783.0,,2026-07-11
"=""01366000""","=""323280""",태성,2025,CFS,CF,유형자산의 취득,37517754965.0,,2026-07-11
"=""01366000""","=""323280""",태성,2025,CFS,BS,자본총계,128084777866.0,,2026-07-11
"=""01366000""","=""323280""",태성,2025,CFS,BS,재고자산,12254601433.0,,2026-07-11
"=""01366000""","=""323280""",태성,2025,CFS,CF,재무활동현금흐름,88648816933.0,,2026-07-11
"=""01366000""","=""323280""",태성,2025,CFS,BS,총자산,172536488872.0,,2026-07-11
"=""01366000""","=""323280""",태성,2025,CFS,CF,투자활동현금흐름,-40769921726.0,,2026-07-11
"=""01366000""","=""323280""",태성,2025,CFS,CIS,판매비와관리비,10145974140.0,,2026-07-11
"=""01366000""","=""323280""",태성,2024,CFS,CIS,금융비용,543885583.0,,2026-07-11
"=""01366000""","=""323280""",태성,2024,CFS,CIS,당기순이익,5968175094.0,,2026-07-11
"=""01366000""","=""323280""",태성,2024,CFS,CIS,매출액,59212420040.0,,2026-07-11
"=""01366000""","=""323280""",태성,2024,CFS,CIS,매출원가,44653200507.0,,2026-07-11
"=""01366000""","=""323280""",태성,2024,CFS,BS,매출채권,12471648236.0,,2026-07-11
"=""01366000""","=""323280""",태성,2024,CFS,BS,무형자산,4397332042.0,,2026-07-11
"=""01366000""","=""323280""",태성,2024,CFS,CF,무형자산의 취득,2720537037.0,,2026-07-11
"=""01366000""","=""323280""",태성,2024,CFS,CF,배당금지급,0.0,,2026-07-11
"=""01366000""","=""323280""",태성,2024,CFS,BS,부채총계,38631625665.0,,2026-07-11
"=""01366000""","=""323280""",태성,2024,CFS,BS,비유동부채,16501904610.0,,2026-07-11
"=""01366000""","=""323280""",태성,2024,CFS,CIS,영업이익,6037657086.0,,2026-07-11
"=""01366000""","=""323280""",태성,2024,CFS,CF,영업활동현금흐름,4486848260.0,,2026-07-11
"=""01366000""","=""323280""",태성,2024,CFS,BS,유형자산,40967874264.0,,2026-07-11
"=""01366000""","=""323280""",태성,2024,CFS,CF,유형자산의 취득,18536834552.0,,2026-07-11
"=""01366000""","=""323280""",태성,2024,CFS,BS,자본총계,40982352292.0,,2026-07-11
"=""01366000""","=""323280""",태성,2024,CFS,BS,재고자산,7750390172.0,,2026-07-11
"=""01366000""","=""323280""",태성,2024,CFS,CF,재무활동현금흐름,17421837211.0,,2026-07-11
"=""01366000""","=""323280""",태성,2024,CFS,BS,총자산,79613977957.0,,2026-07-11
"=""01366000""","=""323280""",태성,2024,CFS,CF,투자활동현금흐름,-21126526792.0,,2026-07-11
"=""01366000""","=""323280""",태성,2024,CFS,CIS,판매비와관리비,8521562447.0,,2026-07-11
"=""01366000""","=""323280""",태성,2023,CFS,CIS,금융비용,639611378.0,,2026-07-11
"=""01366000""","=""323280""",태성,2023,CFS,CIS,당기순이익,-1416588755.0,,2026-07-11
"=""01366000""","=""323280""",태성,2023,CFS,CIS,매출액,33338955327.0,,2026-07-11
"=""01366000""","=""323280""",태성,2023,CFS,CIS,매출원가,28124854715.0,,2026-07-11
"=""01366000""","=""323280""",태성,2023,CFS,BS,매출채권,8961293216.0,,2026-07-11
"=""01366000""","=""323280""",태성,2023,CFS,BS,무형자산,1920751550.0,,2026-07-11
"=""01366000""","=""323280""",태성,2023,CFS,CF,무형자산의 취득,1348194490.0,,2026-07-11
"=""01366000""","=""323280""",태성,2023,CFS,CF,배당금지급,0.0,,2026-07-11
"=""01366000""","=""323280""",태성,2023,CFS,BS,부채총계,26085358556.0,,2026-07-11
"=""01366000""","=""323280""",태성,2023,CFS,BS,비유동부채,1207618113.0,,2026-07-11
"=""01366000""","=""323280""",태성,2023,CFS,CIS,영업이익,-685706946.0,,2026-07-11
"=""01366000""","=""323280""",태성,2023,CFS,CF,영업활동현금흐름,7883989852.0,,2026-07-11
"=""01366000""","=""323280""",태성,2023,CFS,BS,유형자산,23498747558.0,,2026-07-11
"=""01366000""","=""323280""",태성,2023,CFS,CF,유형자산의 취득,2811677832.0,,2026-07-11
"=""01366000""","=""323280""",태성,2023,CFS,BS,자본총계,30890434691.0,,2026-07-11
"=""01366000""","=""323280""",태성,2023,CFS,BS,재고자산,11093275226.0,,2026-07-11
"=""01366000""","=""323280""",태성,2023,CFS,CF,재무활동현금흐름,-1530719334.0,,2026-07-11
"=""01366000""","=""323280""",태성,2023,CFS,BS,총자산,56975793247.0,,2026-07-11
"=""01366000""","=""323280""",태성,2023,CFS,CF,투자활동현금흐름,-859871884.0,,2026-07-11
"=""01366000""","=""323280""",태성,2023,CFS,CIS,판매비와관리비,5899807558.0,,2026-07-11
"=""00535676""","=""204940""",테크윙,2025,CFS,CIS,금융비용,13807146092.0,,2026-07-11
"=""00535676""","=""204940""",테크윙,2025,CFS,CIS,당기순이익,8996126448.0,,2026-07-11
"=""00535676""","=""204940""",테크윙,2025,CFS,CIS,매출액,159128398402.0,,2026-07-11
"=""00535676""","=""204940""",테크윙,2025,CFS,CIS,매출원가,91933305151.0,,2026-07-11
"=""00535676""","=""204940""",테크윙,2025,CFS,BS,매출채권,41230399860.0,,2026-07-11
"=""00535676""","=""204940""",테크윙,2025,CFS,BS,무형자산,14957453549.0,,2026-07-11
"=""00535676""","=""204940""",테크윙,2025,CFS,CF,무형자산의 취득,3510577557.0,,2026-07-11
"=""00535676""","=""204940""",테크윙,2025,CFS,CF,배당금지급,4646261620.0,,2026-07-11
"=""00535676""","=""204940""",테크윙,2025,CFS,BS,부채총계,421579670529.0,,2026-07-11
"=""00535676""","=""204940""",테크윙,2025,CFS,BS,비유동부채,267784744236.0,,2026-07-11
"=""00535676""","=""204940""",테크윙,2025,CFS,CIS,영업이익,15837572847.0,,2026-07-11
"=""00535676""","=""204940""",테크윙,2025,CFS,CF,영업활동현금흐름,-16089053787.0,,2026-07-11
"=""00535676""","=""204940""",테크윙,2025,CFS,BS,유형자산,252183391737.0,,2026-07-11
"=""00535676""","=""204940""",테크윙,2025,CFS,CF,유형자산의 취득,27349177047.0,,2026-07-11
"=""00535676""","=""204940""",테크윙,2025,CFS,BS,자본총계,212119683580.0,,2026-07-11
"=""00535676""","=""204940""",테크윙,2025,CFS,BS,재고자산,113305861181.0,,2026-07-11
"=""00535676""","=""204940""",테크윙,2025,CFS,CF,재무활동현금흐름,142550366492.0,,2026-07-11
"=""00535676""","=""204940""",테크윙,2025,CFS,BS,총자산,633699354109.0,,2026-07-11
"=""00535676""","=""204940""",테크윙,2025,CFS,CF,투자활동현금흐름,-109263739041.0,,2026-07-11
"=""00535676""","=""204940""",테크윙,2025,CFS,CIS,판매비와관리비,51357520404.0,,2026-07-11
"=""00535676""","=""204940""",테크윙,2024,CFS,CIS,금융비용,15993573637.0,,2026-07-11
"=""00535676""","=""204940""",테크윙,2024,CFS,CIS,당기순이익,-21970453220.0,,2026-07-11
"=""00535676""","=""204940""",테크윙,2024,CFS,CIS,매출액,185507171034.0,,2026-07-11
"=""00535676""","=""204940""",테크윙,2024,CFS,CIS,매출원가,114021534378.0,,2026-07-11
"=""00535676""","=""204940""",테크윙,2024,CFS,BS,매출채권,44114030758.0,,2026-07-11
"=""00535676""","=""204940""",테크윙,2024,CFS,BS,무형자산,11735797857.0,,2026-07-11
"=""00535676""","=""204940""",테크윙,2024,CFS,CF,무형자산의 취득,1791717696.0,,2026-07-11
"=""00535676""","=""204940""",테크윙,2024,CFS,CF,배당금지급,4646261620.0,,2026-07-11
"=""00535676""","=""204940""",테크윙,2024,CFS,BS,부채총계,317917190961.0,,2026-07-11
"=""00535676""","=""204940""",테크윙,2024,CFS,BS,비유동부채,99411627230.0,,2026-07-11
"=""00535676""","=""204940""",테크윙,2024,CFS,CIS,영업이익,23411077264.0,,2026-07-11
"=""00535676""","=""204940""",테크윙,2024,CFS,CF,영업활동현금흐름,32722277624.0,,2026-07-11
"=""00535676""","=""204940""",테크윙,2024,CFS,BS,유형자산,232023074952.0,,2026-07-11
"=""00535676""","=""204940""",테크윙,2024,CFS,CF,유형자산의 취득,52217702300.0,,2026-07-11
"=""00535676""","=""204940""",테크윙,2024,CFS,BS,자본총계,188303434692.0,,2026-07-11
"=""00535676""","=""204940""",테크윙,2024,CFS,BS,재고자산,79265623368.0,,2026-07-11
"=""00535676""","=""204940""",테크윙,2024,CFS,CF,재무활동현금흐름,8481189743.0,,2026-07-11
"=""00535676""","=""204940""",테크윙,2024,CFS,BS,총자산,506220625653.0,,2026-07-11
"=""00535676""","=""204940""",테크윙,2024,CFS,CF,투자활동현금흐름,-29905589196.0,,2026-07-11
"=""00535676""","=""204940""",테크윙,2024,CFS,CIS,판매비와관리비,48074559392.0,,2026-07-11
"=""00535676""","=""204940""",테크윙,2023,CFS,CIS,금융비용,6512542044.0,,2026-07-11
"=""00535676""","=""204940""",테크윙,2023,CFS,CIS,당기순이익,-11097331447.0,,2026-07-11
"=""00535676""","=""204940""",테크윙,2023,CFS,CIS,매출액,133604260260.0,,2026-07-11
"=""00535676""","=""204940""",테크윙,2023,CFS,CIS,매출원가,84056217530.0,,2026-07-11
"=""00535676""","=""204940""",테크윙,2023,CFS,BS,매출채권,40748422509.0,,2026-07-11
"=""00535676""","=""204940""",테크윙,2023,CFS,BS,무형자산,20950303880.0,,2026-07-11
"=""00535676""","=""204940""",테크윙,2023,CFS,CF,무형자산의 취득,9087206668.0,,2026-07-11
"=""00535676""","=""204940""",테크윙,2023,CFS,CF,배당금지급,4646261620.0,,2026-07-11
"=""00535676""","=""204940""",테크윙,2023,CFS,BS,부채총계,270300485244.0,,2026-07-11
"=""00535676""","=""204940""",테크윙,2023,CFS,BS,비유동부채,131086600100.0,,2026-07-11
"=""00535676""","=""204940""",테크윙,2023,CFS,CIS,영업이익,3160487054.0,,2026-07-11
"=""00535676""","=""204940""",테크윙,2023,CFS,CF,영업활동현금흐름,20371517264.0,,2026-07-11
"=""00535676""","=""204940""",테크윙,2023,CFS,BS,유형자산,270618683389.0,,2026-07-11
"=""00535676""","=""204940""",테크윙,2023,CFS,CF,유형자산의 취득,44069515328.0,,2026-07-11
"=""00535676""","=""204940""",테크윙,2023,CFS,BS,자본총계,215586935429.0,,2026-07-11
"=""00535676""","=""204940""",테크윙,2023,CFS,BS,재고자산,81331310562.0,,2026-07-11
"=""00535676""","=""204940""",테크윙,2023,CFS,CF,재무활동현금흐름,37353228618.0,,2026-07-11
"=""00535676""","=""204940""",테크윙,2023,CFS,BS,총자산,485887420673.0,,2026-07-11
"=""00535676""","=""204940""",테크윙,2023,CFS,CF,투자활동현금흐름,-67217103146.0,,2026-07-11
"=""00535676""","=""204940""",테크윙,2023,CFS,CIS,판매비와관리비,46387555676.0,,2026-07-11
"=""00245472""","=""036620""",티씨케이,2025,OFS,CIS,금융비용,37081976.0,,2026-07-11
"=""00245472""","=""036620""",티씨케이,2025,OFS,CIS,당기순이익,69902724552.0,,2026-07-11
"=""00245472""","=""036620""",티씨케이,2025,OFS,CIS,매출액,301334302844.0,,2026-07-11
"=""00245472""","=""036620""",티씨케이,2025,OFS,CIS,매출원가,191572140758.0,,2026-07-11
"=""00245472""","=""036620""",티씨케이,2025,OFS,BS,매출채권,45750431146.0,,2026-07-11
"=""00245472""","=""036620""",티씨케이,2025,OFS,BS,무형자산,2190979406.0,,2026-07-11
"=""00245472""","=""036620""",티씨케이,2025,OFS,CF,무형자산의 취득,81937721.0,,2026-07-11
"=""00245472""","=""036620""",티씨케이,2025,OFS,CF,배당금지급,16461750000.0,,2026-07-11
"=""00245472""","=""036620""",티씨케이,2025,OFS,BS,부채총계,48313763573.0,,2026-07-11
"=""00245472""","=""036620""",티씨케이,2025,OFS,BS,비유동부채,3456260411.0,,2026-07-11
"=""00245472""","=""036620""",티씨케이,2025,OFS,CIS,영업이익,83887319363.0,,2026-07-11
"=""00245472""","=""036620""",티씨케이,2025,OFS,CF,영업활동현금흐름,54111434312.0,,2026-07-11
"=""00245472""","=""036620""",티씨케이,2025,OFS,BS,유형자산,141537538770.0,,2026-07-11
"=""00245472""","=""036620""",티씨케이,2025,OFS,CF,유형자산의 취득,4496721586.0,,2026-07-11
"=""00245472""","=""036620""",티씨케이,2025,OFS,BS,자본총계,519302794390.0,,2026-07-11
"=""00245472""","=""036620""",티씨케이,2025,OFS,BS,재고자산,85141670269.0,,2026-07-11
"=""00245472""","=""036620""",티씨케이,2025,OFS,CF,재무활동현금흐름,-50508261180.0,,2026-07-11
"=""00245472""","=""036620""",티씨케이,2025,OFS,BS,총자산,567616557963.0,,2026-07-11
"=""00245472""","=""036620""",티씨케이,2025,OFS,CF,투자활동현금흐름,4361225849.0,,2026-07-11
"=""00245472""","=""036620""",티씨케이,2025,OFS,CIS,판매비와관리비,25874842723.0,,2026-07-11
"=""00245472""","=""036620""",티씨케이,2024,OFS,CIS,금융비용,31971330.0,,2026-07-11
"=""00245472""","=""036620""",티씨케이,2024,OFS,CIS,당기순이익,71994036570.0,,2026-07-11
"=""00245472""","=""036620""",티씨케이,2024,OFS,CIS,매출액,275724843444.0,,2026-07-11
"=""00245472""","=""036620""",티씨케이,2024,OFS,CIS,매출원가,171586098400.0,,2026-07-11
"=""00245472""","=""036620""",티씨케이,2024,OFS,BS,매출채권,47615537055.0,,2026-07-11
"=""00245472""","=""036620""",티씨케이,2024,OFS,BS,무형자산,2398506411.0,,2026-07-11
"=""00245472""","=""036620""",티씨케이,2024,OFS,CF,무형자산의 취득,-433979393.0,,2026-07-11
"=""00245472""","=""036620""",티씨케이,2024,OFS,CF,배당금지급,14010000000.0,,2026-07-11
"=""00245472""","=""036620""",티씨케이,2024,OFS,BS,부채총계,47264861755.0,,2026-07-11
"=""00245472""","=""036620""",티씨케이,2024,OFS,BS,비유동부채,2689967210.0,,2026-07-11
"=""00245472""","=""036620""",티씨케이,2024,OFS,CIS,영업이익,80747924196.0,,2026-07-11
"=""00245472""","=""036620""",티씨케이,2024,OFS,CF,영업활동현금흐름,74417172514.0,,2026-07-11
"=""00245472""","=""036620""",티씨케이,2024,OFS,BS,유형자산,150021993969.0,,2026-07-11
"=""00245472""","=""036620""",티씨케이,2024,OFS,CF,유형자산의 취득,7565682486.0,,2026-07-11
"=""00245472""","=""036620""",티씨케이,2024,OFS,BS,자본총계,516254748314.0,,2026-07-11
"=""00245472""","=""036620""",티씨케이,2024,OFS,BS,재고자산,68818777821.0,,2026-07-11
"=""00245472""","=""036620""",티씨케이,2024,OFS,CF,재무활동현금흐름,-286677204.0,,2026-07-11
"=""00245472""","=""036620""",티씨케이,2024,OFS,BS,총자산,563519610069.0,,2026-07-11
"=""00245472""","=""036620""",티씨케이,2024,OFS,CF,투자활동현금흐름,-72043319977.0,,2026-07-11
"=""00245472""","=""036620""",티씨케이,2024,OFS,CIS,판매비와관리비,23305156004.0,,2026-07-11
"=""00245472""","=""036620""",티씨케이,2023,OFS,CIS,금융비용,27593519.0,,2026-07-11
"=""00245472""","=""036620""",티씨케이,2023,OFS,CIS,당기순이익,61244566663.0,,2026-07-11
"=""00245472""","=""036620""",티씨케이,2023,OFS,CIS,매출액,226652881531.0,,2026-07-11
"=""00245472""","=""036620""",티씨케이,2023,OFS,CIS,매출원가,134720764588.0,,2026-07-11
"=""00245472""","=""036620""",티씨케이,2023,OFS,BS,매출채권,40603999385.0,,2026-07-11
"=""00245472""","=""036620""",티씨케이,2023,OFS,BS,무형자산,2174613478.0,,2026-07-11
"=""00245472""","=""036620""",티씨케이,2023,OFS,CF,무형자산의 취득,-509749324.0,,2026-07-11
"=""00245472""","=""036620""",티씨케이,2023,OFS,CF,배당금지급,19847500000.0,,2026-07-11
"=""00245472""","=""036620""",티씨케이,2023,OFS,BS,부채총계,37233039232.0,,2026-07-11
"=""00245472""","=""036620""",티씨케이,2023,OFS,BS,비유동부채,2054279383.0,,2026-07-11
"=""00245472""","=""036620""",티씨케이,2023,OFS,CIS,영업이익,66702958305.0,,2026-07-11
"=""00245472""","=""036620""",티씨케이,2023,OFS,CF,영업활동현금흐름,20979642673.0,,2026-07-11
"=""00245472""","=""036620""",티씨케이,2023,OFS,BS,유형자산,157206129237.0,,2026-07-11
"=""00245472""","=""036620""",티씨케이,2023,OFS,CF,유형자산의 취득,47434204412.0,,2026-07-11
"=""00245472""","=""036620""",티씨케이,2023,OFS,BS,자본총계,458270711744.0,,2026-07-11
"=""00245472""","=""036620""",티씨케이,2023,OFS,BS,재고자산,65910914615.0,,2026-07-11
"=""00245472""","=""036620""",티씨케이,2023,OFS,CF,재무활동현금흐름,-308705985.0,,2026-07-11
"=""00245472""","=""036620""",티씨케이,2023,OFS,BS,총자산,495503750976.0,,2026-07-11
"=""00245472""","=""036620""",티씨케이,2023,OFS,CF,투자활동현금흐름,-33572720459.0,,2026-07-11
"=""00245472""","=""036620""",티씨케이,2023,OFS,CIS,판매비와관리비,25151003939.0,,2026-07-11
"=""01292291""","=""224110""",파두,2025,CFS,CIS,금융비용,15295848343.0,,2026-07-11
"=""01292291""","=""224110""",파두,2025,CFS,CIS,당기순이익,-76218175613.0,,2026-07-11
"=""01292291""","=""224110""",파두,2025,CFS,CIS,매출액,92419333233.0,,2026-07-11
"=""01292291""","=""224110""",파두,2025,CFS,CIS,매출원가,48760917939.0,,2026-07-11
"=""01292291""","=""224110""",파두,2025,CFS,BS,매출채권,5735267524.0,,2026-07-11
"=""01292291""","=""224110""",파두,2025,CFS,BS,무형자산,1240960834.0,,2026-07-11
"=""01292291""","=""224110""",파두,2025,CFS,CF,무형자산의 취득,-75900000.0,,2026-07-11
"=""01292291""","=""224110""",파두,2025,CFS,CF,배당금지급,0.0,,2026-07-11
"=""01292291""","=""224110""",파두,2025,CFS,BS,부채총계,102632856004.0,,2026-07-11
"=""01292291""","=""224110""",파두,2025,CFS,BS,비유동부채,12565056744.0,,2026-07-11
"=""01292291""","=""224110""",파두,2025,CFS,CIS,영업이익,-65469985712.0,,2026-07-11
"=""01292291""","=""224110""",파두,2025,CFS,CF,영업활동현금흐름,-3703541869.0,,2026-07-11
"=""01292291""","=""224110""",파두,2025,CFS,BS,유형자산,13568336168.0,,2026-07-11
"=""01292291""","=""224110""",파두,2025,CFS,CF,유형자산의 취득,4061919991.0,,2026-07-11
"=""01292291""","=""224110""",파두,2025,CFS,BS,자본총계,19794311089.0,,2026-07-11
"=""01292291""","=""224110""",파두,2025,CFS,BS,재고자산,41168517812.0,,2026-07-11
"=""01292291""","=""224110""",파두,2025,CFS,CF,재무활동현금흐름,3637204912.0,,2026-07-11
"=""01292291""","=""224110""",파두,2025,CFS,BS,총자산,122427167093.0,,2026-07-11
"=""01292291""","=""224110""",파두,2025,CFS,CF,투자활동현금흐름,9693007263.0,,2026-07-11
"=""01292291""","=""224110""",파두,2025,CFS,CIS,판매비와관리비,109128401006.0,,2026-07-11
"=""01292291""","=""224110""",파두,2024,CFS,CIS,금융비용,3451780435.0,,2026-07-11
"=""01292291""","=""224110""",파두,2024,CFS,CIS,당기순이익,-91508531301.0,,2026-07-11
"=""01292291""","=""224110""",파두,2024,CFS,CIS,매출액,43502744974.0,,2026-07-11
"=""01292291""","=""224110""",파두,2024,CFS,CIS,매출원가,37733546496.0,,2026-07-11
"=""01292291""","=""224110""",파두,2024,CFS,BS,매출채권,13891950860.0,,2026-07-11
"=""01292291""","=""224110""",파두,2024,CFS,BS,무형자산,1539154419.0,,2026-07-11
"=""01292291""","=""224110""",파두,2024,CFS,CF,무형자산의 취득,-1176711000.0,,2026-07-11
"=""01292291""","=""224110""",파두,2024,CFS,CF,배당금지급,0.0,,2026-07-11
"=""01292291""","=""224110""",파두,2024,CFS,BS,부채총계,36480472542.0,,2026-07-11
"=""01292291""","=""224110""",파두,2024,CFS,BS,비유동부채,5217447922.0,,2026-07-11
"=""01292291""","=""224110""",파두,2024,CFS,CIS,영업이익,-95048300908.0,,2026-07-11
"=""01292291""","=""224110""",파두,2024,CFS,CF,영업활동현금흐름,-108840321560.0,,2026-07-11
"=""01292291""","=""224110""",파두,2024,CFS,BS,유형자산,20060469551.0,,2026-07-11
"=""01292291""","=""224110""",파두,2024,CFS,CF,유형자산의 취득,6041333867.0,,2026-07-11
"=""01292291""","=""224110""",파두,2024,CFS,BS,자본총계,97946870542.0,,2026-07-11
"=""01292291""","=""224110""",파두,2024,CFS,BS,재고자산,31366715979.0,,2026-07-11
"=""01292291""","=""224110""",파두,2024,CFS,CF,재무활동현금흐름,-21789530560.0,,2026-07-11
"=""01292291""","=""224110""",파두,2024,CFS,BS,총자산,134427343084.0,,2026-07-11
"=""01292291""","=""224110""",파두,2024,CFS,CF,투자활동현금흐름,66450409902.0,,2026-07-11
"=""01292291""","=""224110""",파두,2024,CFS,CIS,판매비와관리비,100817499386.0,,2026-07-11
"=""01292291""","=""224110""",파두,2023,CFS,CIS,금융비용,2376869335.0,,2026-07-11
"=""01292291""","=""224110""",파두,2023,CFS,CIS,당기순이익,-56832521397.0,,2026-07-11
"=""01292291""","=""224110""",파두,2023,CFS,CIS,매출액,22470905715.0,,2026-07-11
"=""01292291""","=""224110""",파두,2023,CFS,CIS,매출원가,11375113614.0,,2026-07-11
"=""01292291""","=""224110""",파두,2023,CFS,BS,매출채권,1616328667.0,,2026-07-11
"=""01292291""","=""224110""",파두,2023,CFS,BS,무형자산,738106785.0,,2026-07-11
"=""01292291""","=""224110""",파두,2023,CFS,CF,무형자산의 취득,349691160.0,,2026-07-11
"=""01292291""","=""224110""",파두,2023,CFS,CF,배당금지급,0.0,,2026-07-11
"=""01292291""","=""224110""",파두,2023,CFS,BS,부채총계,57313618158.0,,2026-07-11
"=""01292291""","=""224110""",파두,2023,CFS,BS,비유동부채,7101460392.0,,2026-07-11
"=""01292291""","=""224110""",파두,2023,CFS,CIS,영업이익,-58569439226.0,,2026-07-11
"=""01292291""","=""224110""",파두,2023,CFS,CF,영업활동현금흐름,-42164830339.0,,2026-07-11
"=""01292291""","=""224110""",파두,2023,CFS,BS,유형자산,32475761545.0,,2026-07-11
"=""01292291""","=""224110""",파두,2023,CFS,CF,유형자산의 취득,10577037212.0,,2026-07-11
"=""01292291""","=""224110""",파두,2023,CFS,BS,자본총계,186348175638.0,,2026-07-11
"=""01292291""","=""224110""",파두,2023,CFS,BS,재고자산,17438725834.0,,2026-07-11
"=""01292291""","=""224110""",파두,2023,CFS,CF,재무활동현금흐름,225264735464.0,,2026-07-11
"=""01292291""","=""224110""",파두,2023,CFS,BS,총자산,243661793796.0,,2026-07-11
"=""01292291""","=""224110""",파두,2023,CFS,CF,투자활동현금흐름,-97710804308.0,,2026-07-11
"=""01292291""","=""224110""",파두,2023,CFS,CIS,판매비와관리비,69665231327.0,,2026-07-11
"=""01365825""","=""066800""",피에스케이,2025,CFS,CIS,금융비용,16150015108.0,,2026-07-11
"=""01365825""","=""066800""",피에스케이,2025,CFS,CIS,당기순이익,78545663379.0,,2026-07-11
"=""01365825""","=""066800""",피에스케이,2025,CFS,CIS,매출액,457213151918.0,,2026-07-11
"=""01365825""","=""066800""",피에스케이,2025,CFS,CIS,매출원가,233984668943.0,,2026-07-11
"=""01365825""","=""066800""",피에스케이,2025,CFS,BS,매출채권,99832573758.0,,2026-07-11
"=""01365825""","=""066800""",피에스케이,2025,CFS,BS,무형자산,10089200026.0,,2026-07-11
"=""01365825""","=""066800""",피에스케이,2025,CFS,CF,무형자산의 취득,2000000.0,,2026-07-11
"=""01365825""","=""066800""",피에스케이,2025,CFS,CF,배당금지급,11586685600.0,,2026-07-11
"=""01365825""","=""066800""",피에스케이,2025,CFS,BS,부채총계,106961955599.0,,2026-07-11
"=""01365825""","=""066800""",피에스케이,2025,CFS,BS,비유동부채,17579505005.0,,2026-07-11
"=""01365825""","=""066800""",피에스케이,2025,CFS,CIS,영업이익,88494057075.0,,2026-07-11
"=""01365825""","=""066800""",피에스케이,2025,CFS,CF,영업활동현금흐름,61731136881.0,,2026-07-11
"=""01365825""","=""066800""",피에스케이,2025,CFS,BS,유형자산,102298682061.0,,2026-07-11
"=""01365825""","=""066800""",피에스케이,2025,CFS,CF,유형자산의 취득,18531513572.0,,2026-07-11
"=""01365825""","=""066800""",피에스케이,2025,CFS,BS,자본총계,539036262184.0,,2026-07-11
"=""01365825""","=""066800""",피에스케이,2025,CFS,BS,재고자산,104213583798.0,,2026-07-11
"=""01365825""","=""066800""",피에스케이,2025,CFS,CF,재무활동현금흐름,-20241932191.0,,2026-07-11
"=""01365825""","=""066800""",피에스케이,2025,CFS,BS,총자산,645998217783.0,,2026-07-11
"=""01365825""","=""066800""",피에스케이,2025,CFS,CF,투자활동현금흐름,-17161223038.0,,2026-07-11
"=""01365825""","=""066800""",피에스케이,2025,CFS,CIS,판매비와관리비,134734425900.0,,2026-07-11
"=""01365825""","=""066800""",피에스케이,2024,CFS,CIS,금융비용,11436347154.0,,2026-07-11
"=""01365825""","=""066800""",피에스케이,2024,CFS,CIS,당기순이익,79128216285.0,,2026-07-11
"=""01365825""","=""066800""",피에스케이,2024,CFS,CIS,매출액,398050977575.0,,2026-07-11
"=""01365825""","=""066800""",피에스케이,2024,CFS,CIS,매출원가,188456987944.0,,2026-07-11
"=""01365825""","=""066800""",피에스케이,2024,CFS,BS,매출채권,59816220643.0,,2026-07-11
"=""01365825""","=""066800""",피에스케이,2024,CFS,BS,무형자산,10064001118.0,,2026-07-11
"=""01365825""","=""066800""",피에스케이,2024,CFS,CF,무형자산의 취득,122720000.0,,2026-07-11
"=""01365825""","=""066800""",피에스케이,2024,CFS,CF,배당금지급,5793342800.0,,2026-07-11
"=""01365825""","=""066800""",피에스케이,2024,CFS,BS,부채총계,97639459052.0,,2026-07-11
"=""01365825""","=""066800""",피에스케이,2024,CFS,BS,비유동부채,16485146108.0,,2026-07-11
"=""01365825""","=""066800""",피에스케이,2024,CFS,CIS,영업이익,83924423263.0,,2026-07-11
"=""01365825""","=""066800""",피에스케이,2024,CFS,CF,영업활동현금흐름,67241427193.0,,2026-07-11
"=""01365825""","=""066800""",피에스케이,2024,CFS,BS,유형자산,92635598884.0,,2026-07-11
"=""01365825""","=""066800""",피에스케이,2024,CFS,CF,유형자산의 취득,27192602203.0,,2026-07-11
"=""01365825""","=""066800""",피에스케이,2024,CFS,BS,자본총계,471716805682.0,,2026-07-11
"=""01365825""","=""066800""",피에스케이,2024,CFS,BS,재고자산,108346942948.0,,2026-07-11
"=""01365825""","=""066800""",피에스케이,2024,CFS,CF,재무활동현금흐름,-9249244373.0,,2026-07-11
"=""01365825""","=""066800""",피에스케이,2024,CFS,BS,총자산,569356264734.0,,2026-07-11
"=""01365825""","=""066800""",피에스케이,2024,CFS,CF,투자활동현금흐름,-34424696928.0,,2026-07-11
"=""01365825""","=""066800""",피에스케이,2024,CFS,CIS,판매비와관리비,125669566368.0,,2026-07-11
"=""01365825""","=""066800""",피에스케이,2023,CFS,CIS,금융비용,10908075036.0,,2026-07-11
"=""01365825""","=""066800""",피에스케이,2023,CFS,CIS,당기순이익,52520188202.0,,2026-07-11
"=""01365825""","=""066800""",피에스케이,2023,CFS,CIS,매출액,351863805650.0,,2026-07-11
"=""01365825""","=""066800""",피에스케이,2023,CFS,CIS,매출원가,187262999789.0,,2026-07-11
"=""01365825""","=""066800""",피에스케이,2023,CFS,BS,매출채권,37987710842.0,,2026-07-11
"=""01365825""","=""066800""",피에스케이,2023,CFS,BS,무형자산,8815335592.0,,2026-07-11
"=""01365825""","=""066800""",피에스케이,2023,CFS,CF,무형자산의 취득,142483000.0,,2026-07-11
"=""01365825""","=""066800""",피에스케이,2023,CFS,CF,배당금지급,11586685600.0,,2026-07-11
"=""01365825""","=""066800""",피에스케이,2023,CFS,BS,부채총계,101823749358.0,,2026-07-11
"=""01365825""","=""066800""",피에스케이,2023,CFS,BS,비유동부채,15701255440.0,,2026-07-11
"=""01365825""","=""066800""",피에스케이,2023,CFS,CIS,영업이익,54118591422.0,,2026-07-11
"=""01365825""","=""066800""",피에스케이,2023,CFS,CF,영업활동현금흐름,50281470015.0,,2026-07-11
"=""01365825""","=""066800""",피에스케이,2023,CFS,BS,유형자산,71590181740.0,,2026-07-11
"=""01365825""","=""066800""",피에스케이,2023,CFS,CF,유형자산의 취득,25981919786.0,,2026-07-11
"=""01365825""","=""066800""",피에스케이,2023,CFS,BS,자본총계,392569607133.0,,2026-07-11
"=""01365825""","=""066800""",피에스케이,2023,CFS,BS,재고자산,116713437321.0,,2026-07-11
"=""01365825""","=""066800""",피에스케이,2023,CFS,CF,재무활동현금흐름,-4067183666.0,,2026-07-11
"=""01365825""","=""066800""",피에스케이,2023,CFS,BS,총자산,494393356491.0,,2026-07-11
"=""01365825""","=""066800""",피에스케이,2023,CFS,CF,투자활동현금흐름,-36436599654.0,,2026-07-11
"=""01365825""","=""066800""",피에스케이,2023,CFS,CIS,판매비와관리비,110482214439.0,,2026-07-11
"=""00208444""","=""020960""",피에스케이홀딩스,2025,CFS,CIS,금융비용,7097675554.0,,2026-07-11
"=""00208444""","=""020960""",피에스케이홀딩스,2025,CFS,CIS,당기순이익,91684937183.0,,2026-07-11
"=""00208444""","=""020960""",피에스케이홀딩스,2025,CFS,CIS,매출액,207764042799.0,,2026-07-11
"=""00208444""","=""020960""",피에스케이홀딩스,2025,CFS,CIS,매출원가,77183969626.0,,2026-07-11
"=""00208444""","=""020960""",피에스케이홀딩스,2025,CFS,BS,매출채권,27457280529.0,,2026-07-11
"=""00208444""","=""020960""",피에스케이홀딩스,2025,CFS,BS,무형자산,9709743398.0,,2026-07-11
"=""00208444""","=""020960""",피에스케이홀딩스,2025,CFS,CF,무형자산의 취득,687555590.0,,2026-07-11
"=""00208444""","=""020960""",피에스케이홀딩스,2025,CFS,CF,배당금지급,15093676500.0,,2026-07-11
"=""00208444""","=""020960""",피에스케이홀딩스,2025,CFS,BS,부채총계,78501446934.0,,2026-07-11
"=""00208444""","=""020960""",피에스케이홀딩스,2025,CFS,BS,비유동부채,30131521569.0,,2026-07-11
"=""00208444""","=""020960""",피에스케이홀딩스,2025,CFS,CIS,영업이익,73400914769.0,,2026-07-11
"=""00208444""","=""020960""",피에스케이홀딩스,2025,CFS,CF,영업활동현금흐름,81417272271.0,,2026-07-11
"=""00208444""","=""020960""",피에스케이홀딩스,2025,CFS,BS,유형자산,68799967926.0,,2026-07-11
"=""00208444""","=""020960""",피에스케이홀딩스,2025,CFS,CF,유형자산의 취득,1501257665.0,,2026-07-11
"=""00208444""","=""020960""",피에스케이홀딩스,2025,CFS,BS,자본총계,506377712478.0,,2026-07-11
"=""00208444""","=""020960""",피에스케이홀딩스,2025,CFS,BS,재고자산,26527847729.0,,2026-07-11
"=""00208444""","=""020960""",피에스케이홀딩스,2025,CFS,CF,재무활동현금흐름,-17536627375.0,,2026-07-11
"=""00208444""","=""020960""",피에스케이홀딩스,2025,CFS,BS,총자산,584879159412.0,,2026-07-11
"=""00208444""","=""020960""",피에스케이홀딩스,2025,CFS,CF,투자활동현금흐름,-833158771.0,,2026-07-11
"=""00208444""","=""020960""",피에스케이홀딩스,2025,CFS,CIS,판매비와관리비,57179158404.0,,2026-07-11
"=""00208444""","=""020960""",피에스케이홀딩스,2024,CFS,CIS,금융비용,8871692046.0,,2026-07-11
"=""00208444""","=""020960""",피에스케이홀딩스,2024,CFS,CIS,당기순이익,95820109996.0,,2026-07-11
"=""00208444""","=""020960""",피에스케이홀딩스,2024,CFS,CIS,매출액,215508095005.0,,2026-07-11
"=""00208444""","=""020960""",피에스케이홀딩스,2024,CFS,CIS,매출원가,79701857380.0,,2026-07-11
"=""00208444""","=""020960""",피에스케이홀딩스,2024,CFS,BS,매출채권,38379344101.0,,2026-07-11
"=""00208444""","=""020960""",피에스케이홀딩스,2024,CFS,BS,무형자산,10726361728.0,,2026-07-11
"=""00208444""","=""020960""",피에스케이홀딩스,2024,CFS,CF,무형자산의 취득,285104432.0,,2026-07-11
"=""00208444""","=""020960""",피에스케이홀딩스,2024,CFS,CF,배당금지급,12937437000.0,,2026-07-11
"=""00208444""","=""020960""",피에스케이홀딩스,2024,CFS,BS,부채총계,82100998394.0,,2026-07-11
"=""00208444""","=""020960""",피에스케이홀딩스,2024,CFS,BS,비유동부채,30362727096.0,,2026-07-11
"=""00208444""","=""020960""",피에스케이홀딩스,2024,CFS,CIS,영업이익,88482980891.0,,2026-07-11
"=""00208444""","=""020960""",피에스케이홀딩스,2024,CFS,CF,영업활동현금흐름,66625215940.0,,2026-07-11
"=""00208444""","=""020960""",피에스케이홀딩스,2024,CFS,BS,유형자산,72309459679.0,,2026-07-11
"=""00208444""","=""020960""",피에스케이홀딩스,2024,CFS,CF,유형자산의 취득,0.0,,2026-07-11
"=""00208444""","=""020960""",피에스케이홀딩스,2024,CFS,BS,자본총계,431463424801.0,,2026-07-11
"=""00208444""","=""020960""",피에스케이홀딩스,2024,CFS,BS,재고자산,28552490470.0,,2026-07-11
"=""00208444""","=""020960""",피에스케이홀딩스,2024,CFS,CF,재무활동현금흐름,-17030997586.0,,2026-07-11
"=""00208444""","=""020960""",피에스케이홀딩스,2024,CFS,BS,총자산,513564423195.0,,2026-07-11
"=""00208444""","=""020960""",피에스케이홀딩스,2024,CFS,CF,투자활동현금흐름,-23949808588.0,,2026-07-11
"=""00208444""","=""020960""",피에스케이홀딩스,2024,CFS,CIS,판매비와관리비,47323256734.0,,2026-07-11
"=""00208444""","=""020960""",피에스케이홀딩스,2023,CFS,CIS,금융비용,2117601103.0,,2026-07-11
"=""00208444""","=""020960""",피에스케이홀딩스,2023,CFS,CIS,당기순이익,42696378649.0,,2026-07-11
"=""00208444""","=""020960""",피에스케이홀딩스,2023,CFS,CIS,매출액,94716683944.0,,2026-07-11
"=""00208444""","=""020960""",피에스케이홀딩스,2023,CFS,CIS,매출원가,36850212610.0,,2026-07-11
"=""00208444""","=""020960""",피에스케이홀딩스,2023,CFS,BS,매출채권,16037712347.0,,2026-07-11
"=""00208444""","=""020960""",피에스케이홀딩스,2023,CFS,BS,무형자산,11229755735.0,,2026-07-11
"=""00208444""","=""020960""",피에스케이홀딩스,2023,CFS,CF,무형자산의 취득,547449200.0,,2026-07-11
"=""00208444""","=""020960""",피에스케이홀딩스,2023,CFS,CF,배당금지급,10187398000.0,,2026-07-11
"=""00208444""","=""020960""",피에스케이홀딩스,2023,CFS,BS,부채총계,60129472727.0,,2026-07-11
"=""00208444""","=""020960""",피에스케이홀딩스,2023,CFS,BS,비유동부채,25035137469.0,,2026-07-11
"=""00208444""","=""020960""",피에스케이홀딩스,2023,CFS,CIS,영업이익,26970755131.0,,2026-07-11
"=""00208444""","=""020960""",피에스케이홀딩스,2023,CFS,CF,영업활동현금흐름,32458332894.0,,2026-07-11
"=""00208444""","=""020960""",피에스케이홀딩스,2023,CFS,BS,유형자산,48935656616.0,,2026-07-11
"=""00208444""","=""020960""",피에스케이홀딩스,2023,CFS,CF,유형자산의 취득,17819340924.0,,2026-07-11
"=""00208444""","=""020960""",피에스케이홀딩스,2023,CFS,BS,자본총계,341312404466.0,,2026-07-11
"=""00208444""","=""020960""",피에스케이홀딩스,2023,CFS,BS,재고자산,17706980162.0,,2026-07-11
"=""00208444""","=""020960""",피에스케이홀딩스,2023,CFS,CF,재무활동현금흐름,23481977932.0,,2026-07-11
"=""00208444""","=""020960""",피에스케이홀딩스,2023,CFS,BS,총자산,401441877193.0,,2026-07-11
"=""00208444""","=""020960""",피에스케이홀딩스,2023,CFS,CF,투자활동현금흐름,-15036163087.0,,2026-07-11
"=""00208444""","=""020960""",피에스케이홀딩스,2023,CFS,CIS,판매비와관리비,30895716203.0,,2026-07-11
"=""00938721""","=""039030""",필옵틱스,2025,CFS,CIS,금융비용,4552771975.0,,2026-07-11
"=""00938721""","=""039030""",필옵틱스,2025,CFS,CIS,당기순이익,-26429550668.0,,2026-07-11
"=""00938721""","=""039030""",필옵틱스,2025,CFS,CIS,매출액,103440867014.0,,2026-07-11
"=""00938721""","=""039030""",필옵틱스,2025,CFS,CIS,매출원가,95463393109.0,,2026-07-11
"=""00938721""","=""039030""",필옵틱스,2025,CFS,BS,매출채권,23122808662.0,,2026-07-11
"=""00938721""","=""039030""",필옵틱스,2025,CFS,BS,무형자산,6902380651.0,,2026-07-11
"=""00938721""","=""039030""",필옵틱스,2025,CFS,CF,무형자산의 취득,720175572.0,,2026-07-11
"=""00938721""","=""039030""",필옵틱스,2025,CFS,CF,배당금지급,828560860.0,,2026-07-11
"=""00938721""","=""039030""",필옵틱스,2025,CFS,BS,부채총계,191827667186.0,,2026-07-11
"=""00938721""","=""039030""",필옵틱스,2025,CFS,BS,비유동부채,22477350364.0,,2026-07-11
"=""00938721""","=""039030""",필옵틱스,2025,CFS,CIS,영업이익,-34892060535.0,,2026-07-11
"=""00938721""","=""039030""",필옵틱스,2025,CFS,CF,영업활동현금흐름,9523880996.0,,2026-07-11
"=""00938721""","=""039030""",필옵틱스,2025,CFS,BS,유형자산,143027288120.0,,2026-07-11
"=""00938721""","=""039030""",필옵틱스,2025,CFS,CF,유형자산의 취득,13547785414.0,,2026-07-11
"=""00938721""","=""039030""",필옵틱스,2025,CFS,BS,자본총계,191655444897.0,,2026-07-11
"=""00938721""","=""039030""",필옵틱스,2025,CFS,BS,재고자산,57566288612.0,,2026-07-11
"=""00938721""","=""039030""",필옵틱스,2025,CFS,CF,재무활동현금흐름,40692651852.0,,2026-07-11
"=""00938721""","=""039030""",필옵틱스,2025,CFS,BS,총자산,383483112083.0,,2026-07-11
"=""00938721""","=""039030""",필옵틱스,2025,CFS,CF,투자활동현금흐름,-20687565306.0,,2026-07-11
"=""00938721""","=""039030""",필옵틱스,2025,CFS,CIS,판매비와관리비,42869534440.0,,2026-07-11
"=""00938721""","=""039030""",필옵틱스,2024,CFS,CIS,금융비용,3726643052.0,,2026-07-11
"=""00938721""","=""039030""",필옵틱스,2024,CFS,CIS,당기순이익,28841292819.0,,2026-07-11
"=""00938721""","=""039030""",필옵틱스,2024,CFS,CIS,매출액,410893768511.0,,2026-07-11
"=""00938721""","=""039030""",필옵틱스,2024,CFS,CIS,매출원가,341347950334.0,,2026-07-11
"=""00938721""","=""039030""",필옵틱스,2024,CFS,BS,매출채권,24386857179.0,,2026-07-11
"=""00938721""","=""039030""",필옵틱스,2024,CFS,BS,무형자산,7355285309.0,,2026-07-11
"=""00938721""","=""039030""",필옵틱스,2024,CFS,CF,무형자산의 취득,465960528.0,,2026-07-11
"=""00938721""","=""039030""",필옵틱스,2024,CFS,CF,배당금지급,3220547584.0,,2026-07-11
"=""00938721""","=""039030""",필옵틱스,2024,CFS,BS,부채총계,183263878461.0,,2026-07-11
"=""00938721""","=""039030""",필옵틱스,2024,CFS,BS,비유동부채,7284880298.0,,2026-07-11
"=""00938721""","=""039030""",필옵틱스,2024,CFS,CIS,영업이익,13796035047.0,,2026-07-11
"=""00938721""","=""039030""",필옵틱스,2024,CFS,CF,영업활동현금흐름,-39394562544.0,,2026-07-11
"=""00938721""","=""039030""",필옵틱스,2024,CFS,BS,유형자산,135903132794.0,,2026-07-11
"=""00938721""","=""039030""",필옵틱스,2024,CFS,CF,유형자산의 취득,11500649037.0,,2026-07-11
"=""00938721""","=""039030""",필옵틱스,2024,CFS,BS,자본총계,199484190326.0,,2026-07-11
"=""00938721""","=""039030""",필옵틱스,2024,CFS,BS,재고자산,66009146584.0,,2026-07-11
"=""00938721""","=""039030""",필옵틱스,2024,CFS,CF,재무활동현금흐름,-3871341208.0,,2026-07-11
"=""00938721""","=""039030""",필옵틱스,2024,CFS,BS,총자산,382748068787.0,,2026-07-11
"=""00938721""","=""039030""",필옵틱스,2024,CFS,CF,투자활동현금흐름,-20538453747.0,,2026-07-11
"=""00938721""","=""039030""",필옵틱스,2024,CFS,CIS,판매비와관리비,55749783130.0,,2026-07-11
"=""00938721""","=""039030""",필옵틱스,2023,CFS,CIS,금융비용,59735289963.0,,2026-07-11
"=""00938721""","=""039030""",필옵틱스,2023,CFS,CIS,당기순이익,-43359457048.0,,2026-07-11
"=""00938721""","=""039030""",필옵틱스,2023,CFS,CIS,매출액,300001066109.0,,2026-07-11
"=""00938721""","=""039030""",필옵틱스,2023,CFS,CIS,매출원가,256357728762.0,,2026-07-11
"=""00938721""","=""039030""",필옵틱스,2023,CFS,BS,매출채권,15856491612.0,,2026-07-11
"=""00938721""","=""039030""",필옵틱스,2023,CFS,BS,무형자산,7588030662.0,,2026-07-11
"=""00938721""","=""039030""",필옵틱스,2023,CFS,CF,무형자산의 취득,3544449807.0,,2026-07-11
"=""00938721""","=""039030""",필옵틱스,2023,CFS,CF,배당금지급,3654690714.0,,2026-07-11
"=""00938721""","=""039030""",필옵틱스,2023,CFS,BS,부채총계,274054933670.0,,2026-07-11
"=""00938721""","=""039030""",필옵틱스,2023,CFS,BS,비유동부채,66699734122.0,,2026-07-11
"=""00938721""","=""039030""",필옵틱스,2023,CFS,CIS,영업이익,10265296884.0,,2026-07-11
"=""00938721""","=""039030""",필옵틱스,2023,CFS,CF,영업활동현금흐름,111093907453.0,,2026-07-11
"=""00938721""","=""039030""",필옵틱스,2023,CFS,BS,유형자산,129475456015.0,,2026-07-11
"=""00938721""","=""039030""",필옵틱스,2023,CFS,CF,유형자산의 취득,28797983153.0,,2026-07-11
"=""00938721""","=""039030""",필옵틱스,2023,CFS,BS,자본총계,176856436271.0,,2026-07-11
"=""00938721""","=""039030""",필옵틱스,2023,CFS,BS,재고자산,119332909730.0,,2026-07-11
"=""00938721""","=""039030""",필옵틱스,2023,CFS,CF,재무활동현금흐름,53811151217.0,,2026-07-11
"=""00938721""","=""039030""",필옵틱스,2023,CFS,BS,총자산,450911369941.0,,2026-07-11
"=""00938721""","=""039030""",필옵틱스,2023,CFS,CF,투자활동현금흐름,-35177679327.0,,2026-07-11
"=""00938721""","=""039030""",필옵틱스,2023,CFS,CIS,판매비와관리비,33378040463.0,,2026-07-11
"=""00445054""","=""081370""",하나마이크론,2025,CFS,CIS,금융비용,88049737271.0,,2026-07-11
"=""00445054""","=""081370""",하나마이크론,2025,CFS,CIS,당기순이익,65578519945.0,,2026-07-11
"=""00445054""","=""081370""",하나마이크론,2025,CFS,CIS,매출액,1534418874072.0,,2026-07-11
"=""00445054""","=""081370""",하나마이크론,2025,CFS,CIS,매출원가,1322125987936.0,,2026-07-11
"=""00445054""","=""081370""",하나마이크론,2025,CFS,BS,매출채권,259162963862.0,,2026-07-11
"=""00445054""","=""081370""",하나마이크론,2025,CFS,BS,무형자산,32606194804.0,,2026-07-11
"=""00445054""","=""081370""",하나마이크론,2025,CFS,CF,무형자산의 취득,7717332025.0,,2026-07-11
"=""00445054""","=""081370""",하나마이크론,2025,CFS,CF,배당금지급,7448200680.0,,2026-07-11
"=""00445054""","=""081370""",하나마이크론,2025,CFS,BS,부채총계,1365163250751.0,,2026-07-11
"=""00445054""","=""081370""",하나마이크론,2025,CFS,BS,비유동부채,538012816744.0,,2026-07-11
"=""00445054""","=""081370""",하나마이크론,2025,CFS,CIS,영업이익,127689329155.0,,2026-07-11
"=""00445054""","=""081370""",하나마이크론,2025,CFS,CF,영업활동현금흐름,174918894576.0,,2026-07-11
"=""00445054""","=""081370""",하나마이크론,2025,CFS,BS,유형자산,1025551104472.0,,2026-07-11
"=""00445054""","=""081370""",하나마이크론,2025,CFS,CF,유형자산의 취득,142911917976.0,,2026-07-11
"=""00445054""","=""081370""",하나마이크론,2025,CFS,BS,자본총계,652675603467.0,,2026-07-11
"=""00445054""","=""081370""",하나마이크론,2025,CFS,BS,재고자산,247059318411.0,,2026-07-11
"=""00445054""","=""081370""",하나마이크론,2025,CFS,CF,재무활동현금흐름,-70955529049.0,,2026-07-11
"=""00445054""","=""081370""",하나마이크론,2025,CFS,BS,총자산,2017838854218.0,,2026-07-11
"=""00445054""","=""081370""",하나마이크론,2025,CFS,CF,투자활동현금흐름,-156830059010.0,,2026-07-11
"=""00445054""","=""081370""",하나마이크론,2025,CFS,CIS,판매비와관리비,84603556981.0,,2026-07-11
"=""00445054""","=""081370""",하나마이크론,2024,CFS,CIS,금융비용,122870998360.0,,2026-07-11
"=""00445054""","=""081370""",하나마이크론,2024,CFS,CIS,당기순이익,-11157290055.0,,2026-07-11
"=""00445054""","=""081370""",하나마이크론,2024,CFS,CIS,매출액,1250692575645.0,,2026-07-11
"=""00445054""","=""081370""",하나마이크론,2024,CFS,CIS,매출원가,1060534661197.0,,2026-07-11
"=""00445054""","=""081370""",하나마이크론,2024,CFS,BS,매출채권,217184477698.0,,2026-07-11
"=""00445054""","=""081370""",하나마이크론,2024,CFS,BS,무형자산,35267940074.0,,2026-07-11
"=""00445054""","=""081370""",하나마이크론,2024,CFS,CF,무형자산의 취득,8084902270.0,,2026-07-11
"=""00445054""","=""081370""",하나마이크론,2024,CFS,CF,배당금지급,4780167350.0,,2026-07-11
"=""00445054""","=""081370""",하나마이크론,2024,CFS,BS,부채총계,1338819768429.0,,2026-07-11
"=""00445054""","=""081370""",하나마이크론,2024,CFS,BS,비유동부채,718571746249.0,,2026-07-11
"=""00445054""","=""081370""",하나마이크론,2024,CFS,CIS,영업이익,106792878899.0,,2026-07-11
"=""00445054""","=""081370""",하나마이크론,2024,CFS,CF,영업활동현금흐름,40971029889.0,,2026-07-11
"=""00445054""","=""081370""",하나마이크론,2024,CFS,BS,유형자산,1037705308316.0,,2026-07-11
"=""00445054""","=""081370""",하나마이크론,2024,CFS,CF,유형자산의 취득,144766610811.0,,2026-07-11
"=""00445054""","=""081370""",하나마이크론,2024,CFS,BS,자본총계,605829084189.0,,2026-07-11
"=""00445054""","=""081370""",하나마이크론,2024,CFS,BS,재고자산,165227226732.0,,2026-07-11
"=""00445054""","=""081370""",하나마이크론,2024,CFS,CF,재무활동현금흐름,146651822202.0,,2026-07-11
"=""00445054""","=""081370""",하나마이크론,2024,CFS,BS,총자산,1944648852618.0,,2026-07-11
"=""00445054""","=""081370""",하나마이크론,2024,CFS,CF,투자활동현금흐름,-146143913739.0,,2026-07-11
"=""00445054""","=""081370""",하나마이크론,2024,CFS,CIS,판매비와관리비,83365035549.0,,2026-07-11
"=""00445054""","=""081370""",하나마이크론,2023,CFS,CIS,금융비용,58281566564.0,,2026-07-11
"=""00445054""","=""081370""",하나마이크론,2023,CFS,CIS,당기순이익,963094987.0,,2026-07-11
"=""00445054""","=""081370""",하나마이크론,2023,CFS,CIS,매출액,967971484717.0,,2026-07-11
"=""00445054""","=""081370""",하나마이크론,2023,CFS,CIS,매출원가,841029213765.0,,2026-07-11
"=""00445054""","=""081370""",하나마이크론,2023,CFS,BS,매출채권,80582932855.0,,2026-07-11
"=""00445054""","=""081370""",하나마이크론,2023,CFS,BS,무형자산,35898064966.0,,2026-07-11
"=""00445054""","=""081370""",하나마이크론,2023,CFS,CF,무형자산의 취득,23423391138.0,,2026-07-11
"=""00445054""","=""081370""",하나마이크론,2023,CFS,CF,배당금지급,6086456750.0,,2026-07-11
"=""00445054""","=""081370""",하나마이크론,2023,CFS,BS,부채총계,1180702762437.0,,2026-07-11
"=""00445054""","=""081370""",하나마이크론,2023,CFS,BS,비유동부채,536020568287.0,,2026-07-11
"=""00445054""","=""081370""",하나마이크론,2023,CFS,CIS,영업이익,57904676214.0,,2026-07-11
"=""00445054""","=""081370""",하나마이크론,2023,CFS,CF,영업활동현금흐름,83115094568.0,,2026-07-11
"=""00445054""","=""081370""",하나마이크론,2023,CFS,BS,유형자산,1002455955877.0,,2026-07-11
"=""00445054""","=""081370""",하나마이크론,2023,CFS,CF,유형자산의 취득,307561643698.0,,2026-07-11
"=""00445054""","=""081370""",하나마이크론,2023,CFS,BS,자본총계,544387369437.0,,2026-07-11
"=""00445054""","=""081370""",하나마이크론,2023,CFS,BS,재고자산,169749546371.0,,2026-07-11
"=""00445054""","=""081370""",하나마이크론,2023,CFS,CF,재무활동현금흐름,330697252819.0,,2026-07-11
"=""00445054""","=""081370""",하나마이크론,2023,CFS,BS,총자산,1725090131874.0,,2026-07-11
"=""00445054""","=""081370""",하나마이크론,2023,CFS,CF,투자활동현금흐름,-408102565655.0,,2026-07-11
"=""00445054""","=""081370""",하나마이크론,2023,CFS,CIS,판매비와관리비,69037594738.0,,2026-07-11
"=""00660750""","=""205470""",하나머티리얼즈,2025,CFS,CIS,금융비용,3532603131.0,,2026-07-11
"=""00660750""","=""205470""",하나머티리얼즈,2025,CFS,CIS,당기순이익,38375641020.0,,2026-07-11
"=""00660750""","=""205470""",하나머티리얼즈,2025,CFS,CIS,매출액,273481969679.0,,2026-07-11
"=""00660750""","=""205470""",하나머티리얼즈,2025,CFS,CIS,매출원가,188390141999.0,,2026-07-11
"=""00660750""","=""205470""",하나머티리얼즈,2025,CFS,BS,매출채권,32973830006.0,,2026-07-11
"=""00660750""","=""205470""",하나머티리얼즈,2025,CFS,BS,무형자산,5844957852.0,,2026-07-11
"=""00660750""","=""205470""",하나머티리얼즈,2025,CFS,CF,무형자산의 취득,298170674.0,,2026-07-11
"=""00660750""","=""205470""",하나머티리얼즈,2025,CFS,CF,배당금지급,4870055750.0,,2026-07-11
"=""00660750""","=""205470""",하나머티리얼즈,2025,CFS,BS,부채총계,221925887100.0,,2026-07-11
"=""00660750""","=""205470""",하나머티리얼즈,2025,CFS,BS,비유동부채,103647302623.0,,2026-07-11
"=""00660750""","=""205470""",하나머티리얼즈,2025,CFS,CIS,영업이익,50081056398.0,,2026-07-11
"=""00660750""","=""205470""",하나머티리얼즈,2025,CFS,CF,영업활동현금흐름,68543052519.0,,2026-07-11
"=""00660750""","=""205470""",하나머티리얼즈,2025,CFS,BS,유형자산,350553902791.0,,2026-07-11
"=""00660750""","=""205470""",하나머티리얼즈,2025,CFS,CF,유형자산의 취득,20022518828.0,,2026-07-11
"=""00660750""","=""205470""",하나머티리얼즈,2025,CFS,BS,자본총계,463680286012.0,,2026-07-11
"=""00660750""","=""205470""",하나머티리얼즈,2025,CFS,BS,재고자산,63725474914.0,,2026-07-11
"=""00660750""","=""205470""",하나머티리얼즈,2025,CFS,CF,재무활동현금흐름,-52779463961.0,,2026-07-11
"=""00660750""","=""205470""",하나머티리얼즈,2025,CFS,BS,총자산,685606173112.0,,2026-07-11
"=""00660750""","=""205470""",하나머티리얼즈,2025,CFS,CF,투자활동현금흐름,-12246933113.0,,2026-07-11
"=""00660750""","=""205470""",하나머티리얼즈,2025,CFS,CIS,판매비와관리비,35010771282.0,,2026-07-11
"=""00660750""","=""205470""",하나머티리얼즈,2024,CFS,CIS,금융비용,7890785839.0,,2026-07-11
"=""00660750""","=""205470""",하나머티리얼즈,2024,CFS,CIS,당기순이익,31756594796.0,,2026-07-11
"=""00660750""","=""205470""",하나머티리얼즈,2024,CFS,CIS,매출액,251646191336.0,,2026-07-11
"=""00660750""","=""205470""",하나머티리얼즈,2024,CFS,CIS,매출원가,177215558471.0,,2026-07-11
"=""00660750""","=""205470""",하나머티리얼즈,2024,CFS,BS,매출채권,28350644676.0,,2026-07-11
"=""00660750""","=""205470""",하나머티리얼즈,2024,CFS,BS,무형자산,6547952838.0,,2026-07-11
"=""00660750""","=""205470""",하나머티리얼즈,2024,CFS,CF,무형자산의 취득,1319930305.0,,2026-07-11
"=""00660750""","=""205470""",하나머티리얼즈,2024,CFS,CF,배당금지급,3904080400.0,,2026-07-11
"=""00660750""","=""205470""",하나머티리얼즈,2024,CFS,BS,부채총계,220102424816.0,,2026-07-11
"=""00660750""","=""205470""",하나머티리얼즈,2024,CFS,BS,비유동부채,99062670868.0,,2026-07-11
"=""00660750""","=""205470""",하나머티리얼즈,2024,CFS,CIS,영업이익,43411736320.0,,2026-07-11
"=""00660750""","=""205470""",하나머티리얼즈,2024,CFS,CF,영업활동현금흐름,75683902591.0,,2026-07-11
"=""00660750""","=""205470""",하나머티리얼즈,2024,CFS,BS,유형자산,347942657582.0,,2026-07-11
"=""00660750""","=""205470""",하나머티리얼즈,2024,CFS,CF,유형자산의 취득,42164008707.0,,2026-07-11
"=""00660750""","=""205470""",하나머티리얼즈,2024,CFS,BS,자본총계,353781902893.0,,2026-07-11
"=""00660750""","=""205470""",하나머티리얼즈,2024,CFS,BS,재고자산,63599516544.0,,2026-07-11
"=""00660750""","=""205470""",하나머티리얼즈,2024,CFS,CF,재무활동현금흐름,-45707735968.0,,2026-07-11
"=""00660750""","=""205470""",하나머티리얼즈,2024,CFS,BS,총자산,573884327709.0,,2026-07-11
"=""00660750""","=""205470""",하나머티리얼즈,2024,CFS,CF,투자활동현금흐름,-25744905084.0,,2026-07-11
"=""00660750""","=""205470""",하나머티리얼즈,2024,CFS,CIS,판매비와관리비,31018896545.0,,2026-07-11
"=""00660750""","=""205470""",하나머티리얼즈,2023,CFS,CIS,금융비용,4034329045.0,,2026-07-11
"=""00660750""","=""205470""",하나머티리얼즈,2023,CFS,CIS,당기순이익,34193789438.0,,2026-07-11
"=""00660750""","=""205470""",하나머티리얼즈,2023,CFS,CIS,매출액,233576716299.0,,2026-07-11
"=""00660750""","=""205470""",하나머티리얼즈,2023,CFS,CIS,매출원가,167527812937.0,,2026-07-11
"=""00660750""","=""205470""",하나머티리얼즈,2023,CFS,BS,매출채권,14362129780.0,,2026-07-11
"=""00660750""","=""205470""",하나머티리얼즈,2023,CFS,BS,무형자산,6089549565.0,,2026-07-11
"=""00660750""","=""205470""",하나머티리얼즈,2023,CFS,CF,무형자산의 취득,1220589737.0,,2026-07-11
"=""00660750""","=""205470""",하나머티리얼즈,2023,CFS,CF,배당금지급,5856120600.0,,2026-07-11
"=""00660750""","=""205470""",하나머티리얼즈,2023,CFS,BS,부채총계,272869288131.0,,2026-07-11
"=""00660750""","=""205470""",하나머티리얼즈,2023,CFS,BS,비유동부채,137003063187.0,,2026-07-11
"=""00660750""","=""205470""",하나머티리얼즈,2023,CFS,CIS,영업이익,41282810386.0,,2026-07-11
"=""00660750""","=""205470""",하나머티리얼즈,2023,CFS,CF,영업활동현금흐름,44195639577.0,,2026-07-11
"=""00660750""","=""205470""",하나머티리얼즈,2023,CFS,BS,유형자산,353036354672.0,,2026-07-11
"=""00660750""","=""205470""",하나머티리얼즈,2023,CFS,CF,유형자산의 취득,120647416529.0,,2026-07-11
"=""00660750""","=""205470""",하나머티리얼즈,2023,CFS,BS,자본총계,399694212949.0,,2026-07-11
"=""00660750""","=""205470""",하나머티리얼즈,2023,CFS,BS,재고자산,75729363974.0,,2026-07-11
"=""00660750""","=""205470""",하나머티리얼즈,2023,CFS,CF,재무활동현금흐름,81690430483.0,,2026-07-11
"=""00660750""","=""205470""",하나머티리얼즈,2023,CFS,BS,총자산,672563501080.0,,2026-07-11
"=""00660750""","=""205470""",하나머티리얼즈,2023,CFS,CF,투자활동현금흐름,-125034372537.0,,2026-07-11
"=""00660750""","=""205470""",하나머티리얼즈,2023,CFS,CIS,판매비와관리비,24766092976.0,,2026-07-11
"=""00161383""","=""042700""",한미반도체,2025,CFS,CIS,금융비용,10309063583.0,,2026-07-11
"=""00161383""","=""042700""",한미반도체,2025,CFS,CIS,당기순이익,214007548411.0,,2026-07-11
"=""00161383""","=""042700""",한미반도체,2025,CFS,CIS,매출액,576684619527.0,,2026-07-11
"=""00161383""","=""042700""",한미반도체,2025,CFS,CIS,매출원가,244617054373.0,,2026-07-11
"=""00161383""","=""042700""",한미반도체,2025,CFS,BS,매출채권,62375238496.0,,2026-07-11
"=""00161383""","=""042700""",한미반도체,2025,CFS,BS,무형자산,23326987170.0,,2026-07-11
"=""00161383""","=""042700""",한미반도체,2025,CFS,CF,무형자산의 취득,19113861717.0,,2026-07-11
"=""00161383""","=""042700""",한미반도체,2025,CFS,CF,배당금지급,68294161440.0,,2026-07-11
"=""00161383""","=""042700""",한미반도체,2025,CFS,BS,부채총계,123004106583.0,,2026-07-11
"=""00161383""","=""042700""",한미반도체,2025,CFS,BS,비유동부채,2883776691.0,,2026-07-11
"=""00161383""","=""042700""",한미반도체,2025,CFS,CIS,영업이익,251390142142.0,,2026-07-11
"=""00161383""","=""042700""",한미반도체,2025,CFS,CF,영업활동현금흐름,228626759780.0,,2026-07-11
"=""00161383""","=""042700""",한미반도체,2025,CFS,BS,유형자산,238136981301.0,,2026-07-11
"=""00161383""","=""042700""",한미반도체,2025,CFS,CF,유형자산의 취득,74621166719.0,,2026-07-11
"=""00161383""","=""042700""",한미반도체,2025,CFS,BS,자본총계,690327519537.0,,2026-07-11
"=""00161383""","=""042700""",한미반도체,2025,CFS,BS,재고자산,150384035752.0,,2026-07-11
"=""00161383""","=""042700""",한미반도체,2025,CFS,CF,재무활동현금흐름,-77238574571.0,,2026-07-11
"=""00161383""","=""042700""",한미반도체,2025,CFS,BS,총자산,813331626120.0,,2026-07-11
"=""00161383""","=""042700""",한미반도체,2025,CFS,CF,투자활동현금흐름,18323837100.0,,2026-07-11
"=""00161383""","=""042700""",한미반도체,2025,CFS,CIS,판매비와관리비,61281136435.0,,2026-07-11
"=""00161383""","=""042700""",한미반도체,2024,CFS,CIS,금융비용,6078237057.0,,2026-07-11
"=""00161383""","=""042700""",한미반도체,2024,CFS,CIS,당기순이익,152614498001.0,,2026-07-11
"=""00161383""","=""042700""",한미반도체,2024,CFS,CIS,매출액,558917191547.0,,2026-07-11
"=""00161383""","=""042700""",한미반도체,2024,CFS,CIS,매출원가,244394994634.0,,2026-07-11
"=""00161383""","=""042700""",한미반도체,2024,CFS,BS,매출채권,146876971415.0,,2026-07-11
"=""00161383""","=""042700""",한미반도체,2024,CFS,BS,무형자산,4627653813.0,,2026-07-11
"=""00161383""","=""042700""",한미반도체,2024,CFS,CF,무형자산의 취득,249917598.0,,2026-07-11
"=""00161383""","=""042700""",한미반도체,2024,CFS,CF,배당금지급,40521474840.0,,2026-07-11
"=""00161383""","=""042700""",한미반도체,2024,CFS,BS,부채총계,169984503289.0,,2026-07-11
"=""00161383""","=""042700""",한미반도체,2024,CFS,BS,비유동부채,9943889910.0,,2026-07-11
"=""00161383""","=""042700""",한미반도체,2024,CFS,CIS,영업이익,255391604854.0,,2026-07-11
"=""00161383""","=""042700""",한미반도체,2024,CFS,CF,영업활동현금흐름,141363819580.0,,2026-07-11
"=""00161383""","=""042700""",한미반도체,2024,CFS,BS,유형자산,174730996354.0,,2026-07-11
"=""00161383""","=""042700""",한미반도체,2024,CFS,CF,유형자산의 취득,53537061092.0,,2026-07-11
"=""00161383""","=""042700""",한미반도체,2024,CFS,BS,자본총계,540887863389.0,,2026-07-11
"=""00161383""","=""042700""",한미반도체,2024,CFS,BS,재고자산,153401207241.0,,2026-07-11
"=""00161383""","=""042700""",한미반도체,2024,CFS,CF,재무활동현금흐름,-231725385169.0,,2026-07-11
"=""00161383""","=""042700""",한미반도체,2024,CFS,BS,총자산,710872366678.0,,2026-07-11
"=""00161383""","=""042700""",한미반도체,2024,CFS,CF,투자활동현금흐름,9424530414.0,,2026-07-11
"=""00161383""","=""042700""",한미반도체,2024,CFS,CIS,판매비와관리비,41275747991.0,,2026-07-11
"=""00161383""","=""042700""",한미반도체,2023,CFS,CIS,금융비용,10157405048.0,,2026-07-11
"=""00161383""","=""042700""",한미반도체,2023,CFS,CIS,당기순이익,267167515858.0,,2026-07-11
"=""00161383""","=""042700""",한미반도체,2023,CFS,CIS,매출액,159008528366.0,,2026-07-11
"=""00161383""","=""042700""",한미반도체,2023,CFS,CIS,매출원가,79604579238.0,,2026-07-11
"=""00161383""","=""042700""",한미반도체,2023,CFS,BS,매출채권,40648496938.0,,2026-07-11
"=""00161383""","=""042700""",한미반도체,2023,CFS,BS,무형자산,4458788729.0,,2026-07-11
"=""00161383""","=""042700""",한미반도체,2023,CFS,CF,무형자산의 취득,83934608.0,,2026-07-11
"=""00161383""","=""042700""",한미반도체,2023,CFS,CF,배당금지급,19467860400.0,,2026-07-11
"=""00161383""","=""042700""",한미반도체,2023,CFS,BS,부채총계,151940478614.0,,2026-07-11
"=""00161383""","=""042700""",한미반도체,2023,CFS,BS,비유동부채,46930828029.0,,2026-07-11
"=""00161383""","=""042700""",한미반도체,2023,CFS,CIS,영업이익,34571410992.0,,2026-07-11
"=""00161383""","=""042700""",한미반도체,2023,CFS,CF,영업활동현금흐름,44990807438.0,,2026-07-11
"=""00161383""","=""042700""",한미반도체,2023,CFS,BS,유형자산,126524486344.0,,2026-07-11
"=""00161383""","=""042700""",한미반도체,2023,CFS,CF,유형자산의 취득,27531410354.0,,2026-07-11
"=""00161383""","=""042700""",한미반도체,2023,CFS,BS,자본총계,571898625127.0,,2026-07-11
"=""00161383""","=""042700""",한미반도체,2023,CFS,BS,재고자산,95433336170.0,,2026-07-11
"=""00161383""","=""042700""",한미반도체,2023,CFS,CF,재무활동현금흐름,-43622103656.0,,2026-07-11
"=""00161383""","=""042700""",한미반도체,2023,CFS,BS,총자산,723839103741.0,,2026-07-11
"=""00161383""","=""042700""",한미반도체,2023,CFS,CF,투자활동현금흐름,84636164574.0,,2026-07-11
"=""00161383""","=""042700""",한미반도체,2023,CFS,CIS,판매비와관리비,28972848032.0,,2026-07-11
