stock_code,corp_name,corp_code,bsns_year,fs_div,sj_div,sj_nm,account_nm,thstrm_amount,frmtrm_amount,bfefrmtrm_amount,ord,duplicate_key
68270,DB하이텍,160843,2025,CFS,IS,손익계산서,금융비용,30554636239.0,13484106457.0,10636467274.0,17.0,
68270,DB하이텍,160843,2025,CFS,CIS,포괄손익계산서,당기순이익,252582440798.0,229385888355.0,264149250979.0,18.0,
68270,DB하이텍,160843,2025,CFS,IS,손익계산서,매출액,1397233307039.0,1131167709804.0,1154223638940.0,26.0,DB하이텍_2025_수익(매출액)
68270,DB하이텍,160843,2025,CFS,IS,손익계산서,매출원가,896861212540.0,744330982971.0,712204456498.0,13.0,
68270,DB하이텍,160843,2025,CFS,BS,재무상태표,매출채권,135007514954.0,,,,
68270,DB하이텍,160843,2025,CFS,BS,재무상태표,무형자산,79562869996.0,24839701375.0,21605474111.0,23.0,
68270,DB하이텍,160843,2025,CFS,CF,현금흐름표,무형자산의 취득,8163875766.0,6842584171.0,6287486130.0,44.0,
68270,DB하이텍,160843,2025,CFS,CF,현금흐름표,배당금지급,50540816400.0,24248339817.0,56504612200.0,48.0,
68270,DB하이텍,160843,2025,CFS,BS,재무상태표,부채총계,748586290599.0,396162364261.0,303296256385.0,50.0,
68270,DB하이텍,160843,2025,CFS,BS,재무상태표,비유동부채,169408101410.0,79295695384.0,83145844152.0,51.0,
68270,DB하이텍,160843,2025,CFS,IS,손익계산서,영업이익,277294561174.0,190838683363.0,265437456373.0,8.0,
68270,DB하이텍,160843,2025,CFS,CF,현금흐름표,영업활동현금흐름,356967025481.0,382634373825.0,224258155766.0,46.0,DB하이텍_2025_영업활동현금흐름
68270,DB하이텍,160843,2025,CFS,BS,재무상태표,유형자산,1228597449804.0,1135410155987.0,950915129838.0,30.0,
68270,DB하이텍,160843,2025,CFS,CF,현금흐름표,유형자산의 취득,146129867916.0,126689883424.0,329311056539.0,45.0,
68270,DB하이텍,160843,2025,CFS,BS,재무상태표,자본총계,2243995457046.0,2000688804317.0,1740082437747.0,32.0,
68270,DB하이텍,160843,2025,CFS,BS,재무상태표,재고자산,97482503602.0,70392571642.0,81645551677.0,13.0,
68270,DB하이텍,160843,2025,CFS,CF,현금흐름표,재무활동현금흐름,67741285713.0,-11398668194.0,-146697209774.0,8.0,
68270,DB하이텍,160843,2025,CFS,BS,재무상태표,총자산,2992581747645.0,2396851168578.0,2043378694132.0,7.0,
68270,DB하이텍,160843,2025,CFS,CF,현금흐름표,투자활동현금흐름,-393629106750.0,-330981683566.0,27488934945.0,22.0,DB하이텍_2025_투자활동현금흐름
68270,DB하이텍,160843,2025,CFS,IS,손익계산서,판매비와관리비,223077533325.0,195998043470.0,176581726069.0,12.0,
68270,DB하이텍,160843,2024,CFS,IS,손익계산서,금융비용,13484106457.0,10636467274.0,19338490603.0,18.0,
68270,DB하이텍,160843,2024,CFS,CIS,포괄손익계산서,당기순이익,229385888355.0,264149250979.0,556227095934.0,18.0,
68270,DB하이텍,160843,2024,CFS,IS,손익계산서,매출액,1131167709804.0,1154223638940.0,1669476722276.0,27.0,DB하이텍_2024_수익(매출액)
68270,DB하이텍,160843,2024,CFS,IS,손익계산서,매출원가,744330982971.0,712204456498.0,741652222649.0,14.0,
68270,DB하이텍,160843,2024,CFS,BS,재무상태표,매출채권,100427284862.0,,,,
68270,DB하이텍,160843,2024,CFS,BS,재무상태표,무형자산,24839701375.0,21605474111.0,18370913452.0,22.0,
68270,DB하이텍,160843,2024,CFS,CF,현금흐름표,무형자산의 취득,6842584171.0,6287486130.0,4510411442.0,38.0,
68270,DB하이텍,160843,2024,CFS,CF,현금흐름표,배당금지급,24248339817.0,56504612200.0,19562638100.0,42.0,
68270,DB하이텍,160843,2024,CFS,BS,재무상태표,부채총계,396162364261.0,303296256385.0,507381718523.0,49.0,
68270,DB하이텍,160843,2024,CFS,BS,재무상태표,비유동부채,79295695384.0,83145844152.0,91282216191.0,50.0,
68270,DB하이텍,160843,2024,CFS,IS,손익계산서,영업이익,190838683363.0,265437456373.0,761884807377.0,8.0,
68270,DB하이텍,160843,2024,CFS,CF,현금흐름표,영업활동현금흐름,382634373825.0,224258155766.0,729052775756.0,40.0,DB하이텍_2024_영업활동현금흐름
68270,DB하이텍,160843,2024,CFS,BS,재무상태표,유형자산,1135410155987.0,950915129838.0,752946807244.0,29.0,
68270,DB하이텍,160843,2024,CFS,CF,현금흐름표,유형자산의 취득,126689883424.0,329311056539.0,179939556916.0,39.0,
68270,DB하이텍,160843,2024,CFS,BS,재무상태표,자본총계,2000688804317.0,1740082437747.0,1634784143895.0,31.0,
68270,DB하이텍,160843,2024,CFS,BS,재무상태표,재고자산,70392571642.0,81645551677.0,79031919690.0,13.0,
68270,DB하이텍,160843,2024,CFS,CF,현금흐름표,재무활동현금흐름,-11398668194.0,-146697209774.0,-45816865845.0,8.0,
68270,DB하이텍,160843,2024,CFS,BS,재무상태표,총자산,2396851168578.0,2043378694132.0,2142165862418.0,7.0,
68270,DB하이텍,160843,2024,CFS,CF,현금흐름표,투자활동현금흐름,-330981683566.0,27488934945.0,-706941419258.0,18.0,DB하이텍_2024_투자활동현금흐름
68270,DB하이텍,160843,2024,CFS,IS,손익계산서,판매비와관리비,195998043470.0,176581726069.0,165939692250.0,13.0,
68270,DB하이텍,160843,2023,CFS,IS,손익계산서,금융비용,10636467274.0,19338490603.0,4930928023.0,18.0,
68270,DB하이텍,160843,2023,CFS,CIS,포괄손익계산서,당기순이익,264149250979.0,556227095934.0,313979185521.0,18.0,
68270,DB하이텍,160843,2023,CFS,IS,손익계산서,매출액,1154223638940.0,1669476722276.0,1214682040178.0,27.0,DB하이텍_2023_수익(매출액)
68270,DB하이텍,160843,2023,CFS,IS,손익계산서,매출원가,712204456498.0,741652222649.0,686197497365.0,14.0,
68270,DB하이텍,160843,2023,CFS,BS,재무상태표,매출채권,109613109613.0,,,,
68270,DB하이텍,160843,2023,CFS,BS,재무상태표,무형자산,21605474111.0,18370913452.0,19259609957.0,22.0,
68270,DB하이텍,160843,2023,CFS,CF,현금흐름표,무형자산의 취득,6287486130.0,4510411442.0,4034311552.0,34.0,
68270,DB하이텍,160843,2023,CFS,CF,현금흐름표,배당금지급,56504612200.0,19562638100.0,15207397600.0,38.0,
68270,DB하이텍,160843,2023,CFS,BS,재무상태표,부채총계,303296256385.0,507381718523.0,460954603040.0,48.0,
68270,DB하이텍,160843,2023,CFS,BS,재무상태표,비유동부채,83145844152.0,91282216191.0,118322047436.0,49.0,
68270,DB하이텍,160843,2023,CFS,IS,손익계산서,영업이익,265437456373.0,761884807377.0,389229044615.0,8.0,
68270,DB하이텍,160843,2023,CFS,CF,현금흐름표,영업활동현금흐름,224258155766.0,730905287732.0,393129114790.0,36.0,DB하이텍_2023_영업활동현금흐름
68270,DB하이텍,160843,2023,CFS,BS,재무상태표,유형자산,950915129838.0,752946807244.0,671503816147.0,28.0,
68270,DB하이텍,160843,2023,CFS,CF,현금흐름표,유형자산의 취득,329311056539.0,181792068892.0,133612138042.0,35.0,
68270,DB하이텍,160843,2023,CFS,BS,재무상태표,자본총계,1740082437747.0,1634784143895.0,1105159337831.0,30.0,
68270,DB하이텍,160843,2023,CFS,BS,재무상태표,재고자산,81645551677.0,79031919690.0,66017137668.0,13.0,
68270,DB하이텍,160843,2023,CFS,CF,현금흐름표,재무활동현금흐름,-146697209774.0,-45816865845.0,-4884073073.0,8.0,
68270,DB하이텍,160843,2023,CFS,BS,재무상태표,총자산,2043378694132.0,2142165862418.0,1566113940871.0,7.0,
68270,DB하이텍,160843,2023,CFS,CF,현금흐름표,투자활동현금흐름,27488934945.0,-708793931234.0,-252766500051.0,17.0,DB하이텍_2023_투자활동현금흐름
68270,DB하이텍,160843,2023,CFS,IS,손익계산서,판매비와관리비,176581726069.0,165939692250.0,139255498198.0,13.0,
267260,HD현대에너지솔루션,1199550,2025,CFS,CIS,포괄손익계산서,금융비용,9618033284.0,8580092330.0,15456916666.0,14.0,
267260,HD현대에너지솔루션,1199550,2025,CFS,CIS,포괄손익계산서,당기순이익,41676678809.0,114228449.0,-2863877616.0,24.0,
267260,HD현대에너지솔루션,1199550,2025,CFS,CIS,포괄손익계산서,매출액,492659873672.0,422371216357.0,546119805992.0,26.0,HD현대에너지솔루션_2025_매출액
267260,HD현대에너지솔루션,1199550,2025,CFS,CIS,포괄손익계산서,매출원가,386416045463.0,374969838325.0,482948998047.0,11.0,
267260,HD현대에너지솔루션,1199550,2025,CFS,BS,재무상태표,매출채권,131177126133.0,,,,
267260,HD현대에너지솔루션,1199550,2025,CFS,BS,재무상태표,무형자산,9810882939.0,9541979228.0,10174709436.0,18.0,
267260,HD현대에너지솔루션,1199550,2025,CFS,CF,현금흐름표,무형자산의 취득,6284322782.0,4962915457.0,2625599060.0,26.0,
267260,HD현대에너지솔루션,1199550,2025,CFS,CF,현금흐름표,배당금지급,0.0,0.0,6720000000.0,13.0,
267260,HD현대에너지솔루션,1199550,2025,CFS,BS,재무상태표,부채총계,112646200697.0,84090604074.0,130500000767.0,41.0,
267260,HD현대에너지솔루션,1199550,2025,CFS,BS,재무상태표,비유동부채,17105830497.0,14085583962.0,25246631865.0,42.0,
267260,HD현대에너지솔루션,1199550,2025,CFS,CIS,포괄손익계산서,영업이익,41222890455.0,3502725251.0,17542859732.0,6.0,
267260,HD현대에너지솔루션,1199550,2025,CFS,CF,현금흐름표,영업활동현금흐름,17722056369.0,83448719253.0,75783714561.0,28.0,HD현대에너지솔루션_2025_영업활동현금흐름
267260,HD현대에너지솔루션,1199550,2025,CFS,BS,재무상태표,유형자산,97902800041.0,87540897757.0,94813335886.0,22.0,
267260,HD현대에너지솔루션,1199550,2025,CFS,CF,현금흐름표,유형자산의 취득,12304011908.0,11670758253.0,8418678975.0,27.0,
267260,HD현대에너지솔루션,1199550,2025,CFS,BS,재무상태표,자본총계,417784216586.0,369683769362.0,371556913092.0,25.0,
267260,HD현대에너지솔루션,1199550,2025,CFS,BS,재무상태표,재고자산,95367940093.0,83409572169.0,168208074370.0,12.0,
267260,HD현대에너지솔루션,1199550,2025,CFS,CF,현금흐름표,재무활동현금흐름,2438356300.0,-34395697995.0,-30049485024.0,8.0,
267260,HD현대에너지솔루션,1199550,2025,CFS,BS,재무상태표,총자산,530430417283.0,453774373436.0,502056913859.0,7.0,
267260,HD현대에너지솔루션,1199550,2025,CFS,CF,현금흐름표,투자활동현금흐름,-124031994765.0,-13801409961.0,-9628704337.0,16.0,HD현대에너지솔루션_2025_투자활동현금흐름
267260,HD현대에너지솔루션,1199550,2025,CFS,CIS,포괄손익계산서,판매비와관리비,65020937754.0,43898652781.0,45627948213.0,9.0,
267260,HD현대에너지솔루션,1199550,2024,CFS,CIS,포괄손익계산서,금융비용,8580092330.0,15456916666.0,31076398865.0,14.0,
267260,HD현대에너지솔루션,1199550,2024,CFS,CIS,포괄손익계산서,당기순이익,114228449.0,-2863877616.0,60610132499.0,24.0,
267260,HD현대에너지솔루션,1199550,2024,CFS,CIS,포괄손익계산서,매출액,422371216357.0,546119805992.0,984812413122.0,26.0,HD현대에너지솔루션_2024_매출액
267260,HD현대에너지솔루션,1199550,2024,CFS,CIS,포괄손익계산서,매출원가,374969838325.0,482948998047.0,799543147309.0,11.0,
267260,HD현대에너지솔루션,1199550,2024,CFS,BS,재무상태표,매출채권,78415716493.0,,,,
267260,HD현대에너지솔루션,1199550,2024,CFS,BS,재무상태표,무형자산,9541979228.0,10174709436.0,8122060250.0,19.0,
267260,HD현대에너지솔루션,1199550,2024,CFS,CF,현금흐름표,무형자산의 취득,4962915457.0,2625599060.0,2111039739.0,26.0,
267260,HD현대에너지솔루션,1199550,2024,CFS,CF,현금흐름표,배당금지급,0.0,6720000000.0,0.0,15.0,
267260,HD현대에너지솔루션,1199550,2024,CFS,BS,재무상태표,부채총계,84090604074.0,130500000767.0,271292811162.0,40.0,
267260,HD현대에너지솔루션,1199550,2024,CFS,BS,재무상태표,비유동부채,14085583962.0,25246631865.0,33844038147.0,41.0,
267260,HD현대에너지솔루션,1199550,2024,CFS,CIS,포괄손익계산서,영업이익,3502725251.0,17542859732.0,90165877747.0,6.0,
267260,HD현대에너지솔루션,1199550,2024,CFS,CF,현금흐름표,영업활동현금흐름,83448719253.0,75783714561.0,-34582635530.0,28.0,HD현대에너지솔루션_2024_영업활동현금흐름
267260,HD현대에너지솔루션,1199550,2024,CFS,BS,재무상태표,유형자산,87540897757.0,94813335886.0,119449827794.0,21.0,
267260,HD현대에너지솔루션,1199550,2024,CFS,CF,현금흐름표,유형자산의 취득,11670758253.0,8418678975.0,13332246464.0,27.0,
267260,HD현대에너지솔루션,1199550,2024,CFS,BS,재무상태표,자본총계,369683769362.0,371556913092.0,381533148869.0,24.0,
267260,HD현대에너지솔루션,1199550,2024,CFS,BS,재무상태표,재고자산,83409572169.0,168208074370.0,273182424443.0,10.0,
267260,HD현대에너지솔루션,1199550,2024,CFS,CF,현금흐름표,재무활동현금흐름,-34395697995.0,-30049485024.0,-14317041150.0,8.0,
267260,HD현대에너지솔루션,1199550,2024,CFS,BS,재무상태표,총자산,453774373436.0,502056913859.0,652825960031.0,7.0,
267260,HD현대에너지솔루션,1199550,2024,CFS,CF,현금흐름표,투자활동현금흐름,-13801409961.0,-9628704337.0,-10619022853.0,16.0,HD현대에너지솔루션_2024_투자활동현금흐름
267260,HD현대에너지솔루션,1199550,2024,CFS,CIS,포괄손익계산서,판매비와관리비,43898652781.0,45627948213.0,95103388066.0,9.0,
267260,HD현대에너지솔루션,1199550,2023,CFS,CIS,포괄손익계산서,금융비용,15456916666.0,31076398865.0,19282117685.0,14.0,
267260,HD현대에너지솔루션,1199550,2023,CFS,CIS,포괄손익계산서,당기순이익,-2863877616.0,60610132499.0,-6655574104.0,24.0,
267260,HD현대에너지솔루션,1199550,2023,CFS,CIS,포괄손익계산서,매출액,546119805992.0,984812413122.0,593163581874.0,26.0,HD현대에너지솔루션_2023_매출액
267260,HD현대에너지솔루션,1199550,2023,CFS,CIS,포괄손익계산서,매출원가,482948998047.0,799543147309.0,517265307907.0,11.0,
267260,HD현대에너지솔루션,1199550,2023,CFS,BS,재무상태표,매출채권,85357844747.0,,,,
267260,HD현대에너지솔루션,1199550,2023,CFS,BS,재무상태표,무형자산,10174709436.0,8122060250.0,7879508005.0,20.0,
267260,HD현대에너지솔루션,1199550,2023,CFS,CF,현금흐름표,무형자산의 취득,2625599060.0,2111039739.0,2034006959.0,26.0,
267260,HD현대에너지솔루션,1199550,2023,CFS,CF,현금흐름표,배당금지급,6720000000.0,0.0,2240000000.0,14.0,
267260,HD현대에너지솔루션,1199550,2023,CFS,BS,재무상태표,부채총계,130500000767.0,271292811162.0,285239400322.0,41.0,
267260,HD현대에너지솔루션,1199550,2023,CFS,BS,재무상태표,비유동부채,25246631865.0,33844038147.0,29461948620.0,42.0,
267260,HD현대에너지솔루션,1199550,2023,CFS,CIS,포괄손익계산서,영업이익,17542859732.0,90165877747.0,9494797191.0,6.0,
267260,HD현대에너지솔루션,1199550,2023,CFS,CF,현금흐름표,영업활동현금흐름,75783714561.0,-34582635530.0,36486270987.0,28.0,HD현대에너지솔루션_2023_영업활동현금흐름
267260,HD현대에너지솔루션,1199550,2023,CFS,BS,재무상태표,유형자산,94813335886.0,119449827794.0,114247242766.0,22.0,
267260,HD현대에너지솔루션,1199550,2023,CFS,CF,현금흐름표,유형자산의 취득,8418678975.0,13332246464.0,27455099205.0,27.0,
267260,HD현대에너지솔루션,1199550,2023,CFS,BS,재무상태표,자본총계,371556913092.0,381533148869.0,320319488368.0,25.0,
267260,HD현대에너지솔루션,1199550,2023,CFS,BS,재무상태표,재고자산,168208074370.0,273182424443.0,186225623922.0,10.0,
267260,HD현대에너지솔루션,1199550,2023,CFS,CF,현금흐름표,재무활동현금흐름,-30049485024.0,-14317041150.0,13285721172.0,8.0,
267260,HD현대에너지솔루션,1199550,2023,CFS,BS,재무상태표,총자산,502056913859.0,652825960031.0,605558888690.0,7.0,
267260,HD현대에너지솔루션,1199550,2023,CFS,CF,현금흐름표,투자활동현금흐름,-9628704337.0,-10619022853.0,-33691736395.0,15.0,HD현대에너지솔루션_2023_투자활동현금흐름
267260,HD현대에너지솔루션,1199550,2023,CFS,CIS,포괄손익계산서,판매비와관리비,45627948213.0,95103388066.0,66403476776.0,9.0,
61970,HPSP,1288827,2025,OFS,CIS,포괄손익계산서,금융비용,59266722.0,102125314.0,170562900.0,9.0,
61970,HPSP,1288827,2025,OFS,CIS,포괄손익계산서,당기순이익,72662225546.0,86280231062.0,80432402487.0,22.0,
61970,HPSP,1288827,2025,OFS,CIS,포괄손익계산서,매출액,172964572189.0,181401607828.0,179086660832.0,24.0,HPSP_2025_매출액
61970,HPSP,1288827,2025,OFS,CIS,포괄손익계산서,매출원가,46674253537.0,51789962159.0,60497746980.0,13.0,
61970,HPSP,1288827,2025,OFS,BS,재무상태표,매출채권,23153192411.0,,,,
61970,HPSP,1288827,2025,OFS,BS,재무상태표,무형자산,916272822.0,2135179038.0,1706648312.0,16.0,
61970,HPSP,1288827,2025,OFS,CF,현금흐름표,무형자산의 취득,99357251.0,460736588.0,1512653531.0,25.0,
61970,HPSP,1288827,2025,OFS,CF,현금흐름표,배당금지급,48219203400.0,7487141100.0,1813462500.0,14.0,
61970,HPSP,1288827,2025,OFS,BS,재무상태표,부채총계,61476437245.0,41985505352.0,43607317988.0,38.0,
61970,HPSP,1288827,2025,OFS,BS,재무상태표,비유동부채,733890182.0,1025448318.0,2052735389.0,39.0,
61970,HPSP,1288827,2025,OFS,CIS,포괄손익계산서,영업이익,89902342748.0,93945693775.0,95206074427.0,6.0,
61970,HPSP,1288827,2025,OFS,CF,현금흐름표,영업활동현금흐름,100205138390.0,83829271621.0,66377069616.0,27.0,HPSP_2025_영업활동현금흐름
61970,HPSP,1288827,2025,OFS,BS,재무상태표,유형자산,48043652365.0,49298337776.0,40296201560.0,21.0,
61970,HPSP,1288827,2025,OFS,CF,현금흐름표,유형자산의 취득,2329823754.0,43112610428.0,24669654491.0,26.0,
61970,HPSP,1288827,2025,OFS,BS,재무상태표,자본총계,308230752232.0,277910828155.0,277080288653.0,26.0,
61970,HPSP,1288827,2025,OFS,BS,재무상태표,재고자산,15957076752.0,23116428628.0,24223776591.0,11.0,
61970,HPSP,1288827,2025,OFS,CF,현금흐름표,재무활동현금흐름,-48272077072.0,-93933043745.0,-4241573644.0,8.0,
61970,HPSP,1288827,2025,OFS,BS,재무상태표,총자산,369707189477.0,319896333507.0,320687606641.0,7.0,
61970,HPSP,1288827,2025,OFS,CF,현금흐름표,투자활동현금흐름,-19164633777.0,19759115436.0,-147900028722.0,16.0,HPSP_2025_투자활동현금흐름
61970,HPSP,1288827,2025,OFS,CIS,포괄손익계산서,판매비와관리비,36387975904.0,35665951894.0,23382839425.0,11.0,
61970,HPSP,1288827,2024,OFS,CIS,포괄손익계산서,금융비용,102125314.0,170562900.0,175384748.0,17.0,
61970,HPSP,1288827,2024,OFS,CIS,포괄손익계산서,당기순이익,86280231062.0,80432402487.0,66005614943.0,23.0,
61970,HPSP,1288827,2024,OFS,CIS,포괄손익계산서,매출액,181401607828.0,179086660832.0,159336322822.0,12.0,HPSP_2024_매출액
61970,HPSP,1288827,2024,OFS,CIS,포괄손익계산서,매출원가,51789962159.0,60497746980.0,49236155095.0,9.0,
61970,HPSP,1288827,2024,OFS,BS,재무상태표,매출채권,9541217225.0,,,,
61970,HPSP,1288827,2024,OFS,BS,재무상태표,무형자산,2135179038.0,1706648312.0,262534660.0,16.0,
61970,HPSP,1288827,2024,OFS,CF,현금흐름표,무형자산의 취득,460736588.0,1512653531.0,23662146.0,26.0,
61970,HPSP,1288827,2024,OFS,CF,현금흐름표,배당금지급,7487141100.0,1813462500.0,0.0,16.0,
61970,HPSP,1288827,2024,OFS,BS,재무상태표,부채총계,41985505352.0,43607317988.0,65554608357.0,37.0,
61970,HPSP,1288827,2024,OFS,BS,재무상태표,비유동부채,1025448318.0,2052735389.0,2130693436.0,38.0,
61970,HPSP,1288827,2024,OFS,CIS,포괄손익계산서,영업이익,93945693775.0,95206074427.0,85174462019.0,6.0,
61970,HPSP,1288827,2024,OFS,CF,현금흐름표,영업활동현금흐름,97936697981.0,90318133969.0,95979642338.0,30.0,HPSP_2024_영업활동현금흐름
61970,HPSP,1288827,2024,OFS,BS,재무상태표,유형자산,49298337776.0,40296201560.0,10115904933.0,20.0,
61970,HPSP,1288827,2024,OFS,CF,현금흐름표,유형자산의 취득,43112610428.0,24669654491.0,9425707733.0,28.0,
61970,HPSP,1288827,2024,OFS,BS,재무상태표,자본총계,277910828155.0,277080288653.0,195371868774.0,25.0,
61970,HPSP,1288827,2024,OFS,BS,재무상태표,재고자산,23116428628.0,24223776591.0,33893036749.0,10.0,
61970,HPSP,1288827,2024,OFS,CF,현금흐름표,재무활동현금흐름,-93933043745.0,-4241573644.0,72325384415.0,9.0,
61970,HPSP,1288827,2024,OFS,BS,재무상태표,총자산,319896333507.0,320687606641.0,260926477131.0,7.0,
61970,HPSP,1288827,2024,OFS,CF,현금흐름표,투자활동현금흐름,19759115436.0,-147900028722.0,-78618176259.0,18.0,HPSP_2024_투자활동현금흐름
61970,HPSP,1288827,2024,OFS,CIS,포괄손익계산서,판매비와관리비,35665951894.0,23382839425.0,24925705708.0,11.0,
61970,HPSP,1288827,2023,OFS,CIS,포괄손익계산서,금융비용,170562900.0,175384748.0,172822126.0,16.0,
61970,HPSP,1288827,2023,OFS,CIS,포괄손익계산서,당기순이익,80432402487.0,66005614943.0,35343559945.0,22.0,
61970,HPSP,1288827,2023,OFS,CIS,포괄손익계산서,매출액,179086660832.0,159336322822.0,91752311763.0,24.0,HPSP_2023_매출액
61970,HPSP,1288827,2023,OFS,CIS,포괄손익계산서,매출원가,60497746980.0,49236155095.0,30123521537.0,9.0,
61970,HPSP,1288827,2023,OFS,BS,재무상태표,매출채권,2205056877.0,,,,
61970,HPSP,1288827,2023,OFS,BS,재무상태표,무형자산,1706648312.0,262534660.0,269935760.0,15.0,
61970,HPSP,1288827,2023,OFS,CF,현금흐름표,무형자산의 취득,1512653531.0,23662146.0,12614530.0,21.0,
61970,HPSP,1288827,2023,OFS,CF,현금흐름표,배당금지급,1813462500.0,0.0,20006777700.0,15.0,
61970,HPSP,1288827,2023,OFS,BS,재무상태표,부채총계,43607317988.0,65554608357.0,38873020070.0,36.0,
61970,HPSP,1288827,2023,OFS,BS,재무상태표,비유동부채,2052735389.0,2130693436.0,2558185822.0,37.0,
61970,HPSP,1288827,2023,OFS,CIS,포괄손익계산서,영업이익,95206074427.0,85174462019.0,45212380589.0,6.0,
61970,HPSP,1288827,2023,OFS,CF,현금흐름표,영업활동현금흐름,90318133969.0,95979642338.0,45554580228.0,24.0,HPSP_2023_영업활동현금흐름
61970,HPSP,1288827,2023,OFS,BS,재무상태표,유형자산,40296201560.0,10115904933.0,1036327922.0,19.0,
61970,HPSP,1288827,2023,OFS,CF,현금흐름표,유형자산의 취득,24669654491.0,9425707733.0,237067829.0,22.0,
61970,HPSP,1288827,2023,OFS,BS,재무상태표,자본총계,277080288653.0,195371868774.0,52748746662.0,24.0,
61970,HPSP,1288827,2023,OFS,BS,재무상태표,재고자산,24223776591.0,33893036749.0,17542951777.0,12.0,
61970,HPSP,1288827,2023,OFS,CF,현금흐름표,재무활동현금흐름,-4241573644.0,72325384415.0,-20200276723.0,9.0,
61970,HPSP,1288827,2023,OFS,BS,재무상태표,총자산,320687606641.0,260926477131.0,91621766732.0,7.0,
61970,HPSP,1288827,2023,OFS,CF,현금흐름표,투자활동현금흐름,-147900028722.0,-78618176259.0,-297808359.0,16.0,HPSP_2023_투자활동현금흐름
61970,HPSP,1288827,2023,OFS,CIS,포괄손익계산서,판매비와관리비,23382839425.0,24925705708.0,16416409637.0,11.0,
24800,ISC,572905,2025,CFS,CIS,포괄손익계산서,금융비용,9130591765.0,7351440555.0,6644682506.0,18.0,
24800,ISC,572905,2025,CFS,CIS,포괄손익계산서,당기순이익,56343270511.0,54898977342.0,13583247114.0,28.0,
24800,ISC,572905,2025,CFS,CIS,포괄손익계산서,매출액,220194751972.0,174480093980.0,140221939908.0,33.0,ISC_2025_매출액
24800,ISC,572905,2025,CFS,CIS,포괄손익계산서,매출원가,122455936259.0,100082332536.0,85057436771.0,14.0,
24800,ISC,572905,2025,CFS,BS,재무상태표,매출채권,69838745682.0,,,,
24800,ISC,572905,2025,CFS,BS,재무상태표,무형자산,6488317138.0,4637106922.0,7456097608.0,28.0,
24800,ISC,572905,2025,CFS,CF,현금흐름표,무형자산의 취득,662843304.0,264180373.0,92500315.0,36.0,
24800,ISC,572905,2025,CFS,CF,현금흐름표,배당금지급,16575995520.0,4092838400.0,9999963000.0,14.0,
24800,ISC,572905,2025,CFS,BS,재무상태표,부채총계,85159587468.0,59741369182.0,68360512034.0,57.0,
24800,ISC,572905,2025,CFS,BS,재무상태표,비유동부채,2277688938.0,7470159434.0,10108190328.0,58.0,
24800,ISC,572905,2025,CFS,CIS,포괄손익계산서,영업이익,60053887115.0,44784268057.0,10736706776.0,6.0,
24800,ISC,572905,2025,CFS,CF,현금흐름표,영업활동현금흐름,41712020998.0,50672432870.0,22378623635.0,38.0,ISC_2025_영업활동현금흐름
24800,ISC,572905,2025,CFS,BS,재무상태표,유형자산,91002025205.0,92193724607.0,92783927417.0,33.0,
24800,ISC,572905,2025,CFS,CF,현금흐름표,유형자산의 취득,5671292473.0,11378896511.0,14523673745.0,37.0,
24800,ISC,572905,2025,CFS,BS,재무상태표,자본총계,537260669443.0,523141601304.0,473452647667.0,36.0,
24800,ISC,572905,2025,CFS,BS,재무상태표,재고자산,25011166037.0,15439669473.0,15434848370.0,19.0,
24800,ISC,572905,2025,CFS,CF,현금흐름표,재무활동현금흐름,-17060276708.0,-27006085434.0,193733028010.0,8.0,
24800,ISC,572905,2025,CFS,BS,재무상태표,총자산,622420256911.0,582882970486.0,541813159701.0,7.0,
24800,ISC,572905,2025,CFS,CF,현금흐름표,투자활동현금흐름,13991425371.0,-251869254329.0,-1629910327.0,18.0,ISC_2025_투자활동현금흐름
24800,ISC,572905,2025,CFS,CIS,포괄손익계산서,판매비와관리비,37684928598.0,29613493387.0,44427796361.0,9.0,
24800,ISC,572905,2024,CFS,CIS,포괄손익계산서,금융비용,7351440555.0,6644682506.0,8593465386.0,18.0,
24800,ISC,572905,2024,CFS,CIS,포괄손익계산서,당기순이익,54898977342.0,13583247114.0,43936651357.0,29.0,
24800,ISC,572905,2024,CFS,CIS,포괄손익계산서,매출액,174480093980.0,140221939908.0,178871264564.0,34.0,ISC_2024_매출액
24800,ISC,572905,2024,CFS,CIS,포괄손익계산서,매출원가,100082332536.0,85057436771.0,94472464846.0,14.0,
24800,ISC,572905,2024,CFS,BS,재무상태표,매출채권,32892700530.0,,,,
24800,ISC,572905,2024,CFS,BS,재무상태표,무형자산,4637106922.0,7456097608.0,9257771621.0,27.0,
24800,ISC,572905,2024,CFS,CF,현금흐름표,무형자산의 취득,264180373.0,92500315.0,585673331.0,39.0,
24800,ISC,572905,2024,CFS,CF,현금흐름표,배당금지급,4092838400.0,9999963000.0,3162330000.0,18.0,
24800,ISC,572905,2024,CFS,BS,재무상태표,부채총계,59741369182.0,68360512034.0,90405304450.0,56.0,
24800,ISC,572905,2024,CFS,BS,재무상태표,비유동부채,7470159434.0,10108190328.0,9019447420.0,57.0,
24800,ISC,572905,2024,CFS,CIS,포괄손익계산서,영업이익,44784268057.0,10736706776.0,55881597782.0,6.0,
24800,ISC,572905,2024,CFS,CF,현금흐름표,영업활동현금흐름,50672432870.0,22378623635.0,65415841493.0,42.0,ISC_2024_영업활동현금흐름
24800,ISC,572905,2024,CFS,BS,재무상태표,유형자산,92193724607.0,92783927417.0,133875300632.0,32.0,
24800,ISC,572905,2024,CFS,CF,현금흐름표,유형자산의 취득,11378896511.0,14523673745.0,19537648663.0,41.0,
24800,ISC,572905,2024,CFS,BS,재무상태표,자본총계,523141601304.0,473452647667.0,268027133632.0,35.0,
24800,ISC,572905,2024,CFS,BS,재무상태표,재고자산,15439669473.0,15434848370.0,22541360038.0,18.0,
24800,ISC,572905,2024,CFS,CF,현금흐름표,재무활동현금흐름,-27006085434.0,193733028010.0,14397933079.0,8.0,
24800,ISC,572905,2024,CFS,BS,재무상태표,총자산,582882970486.0,541813159701.0,358432438082.0,7.0,
24800,ISC,572905,2024,CFS,CF,현금흐름표,투자활동현금흐름,-251869254329.0,-1629910327.0,-75883242373.0,21.0,ISC_2024_투자활동현금흐름
24800,ISC,572905,2024,CFS,CIS,포괄손익계산서,판매비와관리비,29613493387.0,44427796361.0,28517201936.0,9.0,
24800,ISC,572905,2023,CFS,CIS,포괄손익계산서,금융비용,2127281898.0,96611641.0,660419228.0,19.0,
24800,ISC,572905,2023,CFS,CIS,포괄손익계산서,당기순이익,13583247114.0,43936651357.0,30084735108.0,30.0,
24800,ISC,572905,2023,CFS,CIS,포괄손익계산서,매출액,140221939908.0,178871264564.0,144669824213.0,35.0,ISC_2023_매출액
24800,ISC,572905,2023,CFS,CIS,포괄손익계산서,매출원가,85057436771.0,94472464846.0,81854218726.0,15.0,
24800,ISC,572905,2023,CFS,BS,재무상태표,매출채권,26119215253.0,,,,
24800,ISC,572905,2023,CFS,BS,재무상태표,무형자산,21407010741.0,23208684754.0,9196331121.0,21.0,
24800,ISC,572905,2023,CFS,CF,현금흐름표,무형자산의 취득,92500315.0,585673331.0,506057000.0,40.0,
24800,ISC,572905,2023,CFS,CF,현금흐름표,배당금지급,9999963000.0,3162330000.0,2085469500.0,20.0,
24800,ISC,572905,2023,CFS,BS,재무상태표,부채총계,68360512034.0,90405304450.0,39149163367.0,50.0,
24800,ISC,572905,2023,CFS,BS,재무상태표,비유동부채,10108190328.0,9019447420.0,4300923847.0,51.0,
24800,ISC,572905,2023,CFS,CIS,포괄손익계산서,영업이익,10736706776.0,55881597782.0,37517372870.0,6.0,
24800,ISC,572905,2023,CFS,CF,현금흐름표,영업활동현금흐름,22378623635.0,65415841493.0,39254158334.0,42.0,ISC_2023_영업활동현금흐름
24800,ISC,572905,2023,CFS,BS,재무상태표,유형자산,92783927417.0,133875300632.0,111321955567.0,28.0,
24800,ISC,572905,2023,CFS,CF,현금흐름표,유형자산의 취득,14523673745.0,19537648663.0,14155323827.0,41.0,
24800,ISC,572905,2023,CFS,BS,재무상태표,자본총계,473452647667.0,268027133632.0,222575497306.0,31.0,
24800,ISC,572905,2023,CFS,BS,재무상태표,재고자산,15434848370.0,22541360038.0,14494872750.0,13.0,
24800,ISC,572905,2023,CFS,CF,현금흐름표,재무활동현금흐름,193733028010.0,14397933079.0,-21473755628.0,8.0,
24800,ISC,572905,2023,CFS,BS,재무상태표,총자산,541813159701.0,358432438082.0,261724660673.0,7.0,
24800,ISC,572905,2023,CFS,CF,현금흐름표,투자활동현금흐름,-1629910327.0,-75883242373.0,-4047972401.0,23.0,ISC_2023_투자활동현금흐름
24800,ISC,572905,2023,CFS,CIS,포괄손익계산서,판매비와관리비,44427796361.0,28517201936.0,25298232617.0,9.0,
148040,LX세미콘,525934,2025,CFS,IS,손익계산서,금융비용,17269395620.0,33787507774.0,24997658777.0,13.0,
148040,LX세미콘,525934,2025,CFS,CIS,포괄손익계산서,당기순이익,82633081344.0,130509153930.0,101203533006.0,17.0,
148040,LX세미콘,525934,2025,CFS,IS,손익계산서,매출액,1639070665791.0,1865621538499.0,1901444975029.0,22.0,LX세미콘_2025_매출액
148040,LX세미콘,525934,2025,CFS,IS,손익계산서,매출원가,1115880275236.0,1249744048726.0,1367468136980.0,9.0,
148040,LX세미콘,525934,2025,CFS,BS,재무상태표,매출채권,354752505821.0,,,,
148040,LX세미콘,525934,2025,CFS,BS,재무상태표,무형자산,81730493645.0,84391556772.0,73937288123.0,17.0,
148040,LX세미콘,525934,2025,CFS,CF,현금흐름표,무형자산의 취득,9533398718.0,18961920322.0,19743067166.0,20.0,
148040,LX세미콘,525934,2025,CFS,CF,현금흐름표,배당금지급,39034211466.0,29275659685.0,73189350000.0,9.0,
148040,LX세미콘,525934,2025,CFS,BS,재무상태표,부채총계,274236911903.0,420215422354.0,228301207505.0,43.0,
148040,LX세미콘,525934,2025,CFS,BS,재무상태표,비유동부채,33895447543.0,68376942104.0,20964194264.0,44.0,
148040,LX세미콘,525934,2025,CFS,IS,손익계산서,영업이익,108856055553.0,167076803816.0,129035656339.0,8.0,
148040,LX세미콘,525934,2025,CFS,CF,현금흐름표,영업활동현금흐름,137086532839.0,168867504547.0,102678750002.0,22.0,LX세미콘_2025_영업활동현금흐름
148040,LX세미콘,525934,2025,CFS,BS,재무상태표,유형자산,112616342337.0,111129212477.0,104427738469.0,24.0,
148040,LX세미콘,525934,2025,CFS,CF,현금흐름표,유형자산의 취득,19613805325.0,23079612443.0,32926692756.0,21.0,
148040,LX세미콘,525934,2025,CFS,BS,재무상태표,자본총계,1125606564582.0,1079586526506.0,976763737232.0,27.0,
148040,LX세미콘,525934,2025,CFS,BS,재무상태표,재고자산,193300646173.0,211439816577.0,335891039471.0,11.0,
148040,LX세미콘,525934,2025,CFS,CF,현금흐름표,재무활동현금흐름,-48821681499.0,-38126909406.0,-81590138998.0,8.0,
148040,LX세미콘,525934,2025,CFS,BS,재무상태표,총자산,1399843476485.0,1499801948860.0,1205064944737.0,7.0,
148040,LX세미콘,525934,2025,CFS,CF,현금흐름표,투자활동현금흐름,-148843852642.0,-76816118580.0,-26518562091.0,11.0,LX세미콘_2025_투자활동현금흐름
148040,LX세미콘,525934,2025,CFS,IS,손익계산서,판매비와관리비,414334335002.0,448800685957.0,404941181710.0,23.0,
148040,LX세미콘,525934,2024,CFS,IS,손익계산서,금융비용,33787507774.0,24997658777.0,12873979866.0,13.0,
148040,LX세미콘,525934,2024,CFS,CIS,포괄손익계산서,당기순이익,130509153930.0,101203533006.0,233692540409.0,15.0,
148040,LX세미콘,525934,2024,CFS,IS,손익계산서,매출액,1865621538499.0,1901444975029.0,2119345363613.0,22.0,LX세미콘_2024_매출액
148040,LX세미콘,525934,2024,CFS,IS,손익계산서,매출원가,1249744048726.0,1367468136980.0,1443672300059.0,9.0,
148040,LX세미콘,525934,2024,CFS,BS,재무상태표,매출채권,448798746663.0,,,,
148040,LX세미콘,525934,2024,CFS,BS,재무상태표,무형자산,84391556772.0,73937288123.0,63798898823.0,16.0,
148040,LX세미콘,525934,2024,CFS,CF,현금흐름표,무형자산의 취득,18961920322.0,19743067166.0,19489413628.0,21.0,
148040,LX세미콘,525934,2024,CFS,CF,현금흐름표,배당금지급,29275659685.0,73189350000.0,87827220000.0,9.0,
148040,LX세미콘,525934,2024,CFS,BS,재무상태표,부채총계,420215422354.0,228301207505.0,339257893379.0,41.0,
148040,LX세미콘,525934,2024,CFS,BS,재무상태표,비유동부채,68376942104.0,20964194264.0,14856222405.0,42.0,
148040,LX세미콘,525934,2024,CFS,IS,손익계산서,영업이익,167076803816.0,129035656339.0,310623962750.0,8.0,
148040,LX세미콘,525934,2024,CFS,CF,현금흐름표,영업활동현금흐름,168867504547.0,102405033951.0,-81731299021.0,23.0,LX세미콘_2024_영업활동현금흐름
148040,LX세미콘,525934,2024,CFS,BS,재무상태표,유형자산,111129212477.0,104427738469.0,105170569415.0,22.0,
148040,LX세미콘,525934,2024,CFS,CF,현금흐름표,유형자산의 취득,23079612443.0,32926692756.0,59871816458.0,22.0,
148040,LX세미콘,525934,2024,CFS,BS,재무상태표,자본총계,1079586526506.0,976763737232.0,950360648754.0,25.0,
148040,LX세미콘,525934,2024,CFS,BS,재무상태표,재고자산,211439816577.0,335891039471.0,482556435235.0,11.0,
148040,LX세미콘,525934,2024,CFS,CF,현금흐름표,재무활동현금흐름,-38126909406.0,-81590138998.0,-94554985039.0,8.0,
148040,LX세미콘,525934,2024,CFS,BS,재무상태표,총자산,1499801948860.0,1205064944737.0,1289618542133.0,7.0,
148040,LX세미콘,525934,2024,CFS,CF,현금흐름표,투자활동현금흐름,-76816118580.0,-26244846040.0,230799913907.0,11.0,LX세미콘_2024_투자활동현금흐름
148040,LX세미콘,525934,2024,CFS,IS,손익계산서,판매비와관리비,448800685957.0,404941181710.0,365049100804.0,23.0,
148040,LX세미콘,525934,2023,CFS,IS,손익계산서,금융비용,24997658777.0,12873979866.0,2998580902.0,15.0,
148040,LX세미콘,525934,2023,CFS,CIS,포괄손익계산서,당기순이익,101203533006.0,233692540409.0,296424020561.0,17.0,
148040,LX세미콘,525934,2023,CFS,IS,손익계산서,매출액,1901444975029.0,2119345363613.0,1898845716028.0,24.0,LX세미콘_2023_매출액
148040,LX세미콘,525934,2023,CFS,IS,손익계산서,매출원가,1367468136980.0,1443672300059.0,1240353258754.0,11.0,
148040,LX세미콘,525934,2023,CFS,BS,재무상태표,매출채권,204968516437.0,,,,
148040,LX세미콘,525934,2023,CFS,BS,재무상태표,무형자산,73937288123.0,63798898823.0,50215624104.0,17.0,
148040,LX세미콘,525934,2023,CFS,CF,현금흐름표,무형자산의 취득,19743067166.0,19489413628.0,4999488735.0,22.0,
148040,LX세미콘,525934,2023,CFS,CF,현금흐름표,배당금지급,73189350000.0,87827220000.0,21956805000.0,10.0,
148040,LX세미콘,525934,2023,CFS,BS,재무상태표,부채총계,228301207505.0,339257893379.0,372198273673.0,40.0,
148040,LX세미콘,525934,2023,CFS,BS,재무상태표,비유동부채,20964194264.0,14856222405.0,8614815226.0,41.0,
148040,LX세미콘,525934,2023,CFS,IS,손익계산서,영업이익,129035656339.0,310623962750.0,369621952134.0,6.0,
148040,LX세미콘,525934,2023,CFS,CF,현금흐름표,영업활동현금흐름,102405033951.0,-81731299021.0,421502665587.0,24.0,LX세미콘_2023_영업활동현금흐름
148040,LX세미콘,525934,2023,CFS,BS,재무상태표,유형자산,104427738469.0,105170569415.0,50262602385.0,22.0,
148040,LX세미콘,525934,2023,CFS,CF,현금흐름표,유형자산의 취득,32926692756.0,59871816458.0,31025024629.0,23.0,
148040,LX세미콘,525934,2023,CFS,BS,재무상태표,자본총계,976763737232.0,950360648754.0,800332708247.0,25.0,
148040,LX세미콘,525934,2023,CFS,BS,재무상태표,재고자산,335891039471.0,482556435235.0,201117513564.0,12.0,
148040,LX세미콘,525934,2023,CFS,CF,현금흐름표,재무활동현금흐름,-81590138998.0,-94554985039.0,-25277580616.0,8.0,
148040,LX세미콘,525934,2023,CFS,BS,재무상태표,총자산,1205064944737.0,1289618542133.0,1172530981920.0,7.0,
148040,LX세미콘,525934,2023,CFS,CF,현금흐름표,투자활동현금흐름,-26244846040.0,230799913907.0,-361251241958.0,11.0,LX세미콘_2023_투자활동현금흐름
148040,LX세미콘,525934,2023,CFS,IS,손익계산서,판매비와관리비,404941181710.0,365049100804.0,288870505140.0,9.0,
204210,RFHIC,1078178,2025,CFS,CIS,포괄손익계산서,금융비용,4862130444.0,6140746420.0,7722733498.0,18.0,
204210,RFHIC,1078178,2025,CFS,CIS,포괄손익계산서,당기순이익,35505822915.0,19698779772.0,17683006519.0,27.0,
204210,RFHIC,1078178,2025,CFS,CIS,포괄손익계산서,매출액,185803786324.0,114875963020.0,111432998779.0,32.0,RFHIC_2025_매출액
204210,RFHIC,1078178,2025,CFS,CIS,포괄손익계산서,매출원가,121555205948.0,79227559620.0,74640642120.0,14.0,
204210,RFHIC,1078178,2025,CFS,BS,재무상태표,매출채권,46527006122.0,,,,
204210,RFHIC,1078178,2025,CFS,BS,재무상태표,무형자산,6052130466.0,6172999574.0,4735552757.0,20.0,
204210,RFHIC,1078178,2025,CFS,CF,현금흐름표,무형자산의 취득,804091940.0,2903925476.0,1295178505.0,40.0,
204210,RFHIC,1078178,2025,CFS,CF,현금흐름표,배당금지급,2542087800.0,2589913400.0,3110876800.0,19.0,
204210,RFHIC,1078178,2025,CFS,BS,재무상태표,부채총계,149724811185.0,124988407222.0,181123793582.0,48.0,
204210,RFHIC,1078178,2025,CFS,BS,재무상태표,비유동부채,73771521256.0,29945063734.0,13121284143.0,49.0,
204210,RFHIC,1078178,2025,CFS,CIS,포괄손익계산서,영업이익,30889493523.0,1529788265.0,303024279.0,6.0,
204210,RFHIC,1078178,2025,CFS,CF,현금흐름표,영업활동현금흐름,29499225878.0,32421992405.0,15959063595.0,42.0,RFHIC_2025_영업활동현금흐름
204210,RFHIC,1078178,2025,CFS,BS,재무상태표,유형자산,113546274200.0,114890077480.0,119582769668.0,24.0,
204210,RFHIC,1078178,2025,CFS,CF,현금흐름표,유형자산의 취득,4404635450.0,22018639648.0,42544778901.0,41.0,
204210,RFHIC,1078178,2025,CFS,BS,재무상태표,자본총계,396459689603.0,357960809650.0,328275652396.0,27.0,
204210,RFHIC,1078178,2025,CFS,BS,재무상태표,재고자산,88708201471.0,75009158166.0,78795213136.0,11.0,
204210,RFHIC,1078178,2025,CFS,CF,현금흐름표,재무활동현금흐름,7801586228.0,-62894806461.0,-10492285416.0,8.0,
204210,RFHIC,1078178,2025,CFS,BS,재무상태표,총자산,546184500788.0,482949216872.0,509399445978.0,7.0,
204210,RFHIC,1078178,2025,CFS,CF,현금흐름표,투자활동현금흐름,-37905386358.0,59510048740.0,-7579827090.0,27.0,RFHIC_2025_투자활동현금흐름
204210,RFHIC,1078178,2025,CFS,CIS,포괄손익계산서,판매비와관리비,33359086853.0,34118615135.0,36489332380.0,9.0,
204210,RFHIC,1078178,2024,CFS,CIS,포괄손익계산서,금융비용,6140746420.0,7722733498.0,8307298601.0,18.0,
204210,RFHIC,1078178,2024,CFS,CIS,포괄손익계산서,당기순이익,19698779772.0,17683006519.0,4857592365.0,27.0,
204210,RFHIC,1078178,2024,CFS,CIS,포괄손익계산서,매출액,114875963020.0,111432998779.0,108032898603.0,32.0,RFHIC_2024_수익(매출액)
204210,RFHIC,1078178,2024,CFS,CIS,포괄손익계산서,매출원가,79227559620.0,74640642120.0,69586393662.0,14.0,
204210,RFHIC,1078178,2024,CFS,BS,재무상태표,매출채권,26901676345.0,,,,
204210,RFHIC,1078178,2024,CFS,BS,재무상태표,무형자산,6172999574.0,4735552757.0,4813378793.0,21.0,
204210,RFHIC,1078178,2024,CFS,CF,현금흐름표,무형자산의 취득,2903925476.0,1295178505.0,2517482615.0,39.0,
204210,RFHIC,1078178,2024,CFS,CF,현금흐름표,배당금지급,2589913400.0,3110876800.0,3939135000.0,22.0,
204210,RFHIC,1078178,2024,CFS,BS,재무상태표,부채총계,124988407222.0,181123793582.0,165491087870.0,48.0,
204210,RFHIC,1078178,2024,CFS,BS,재무상태표,비유동부채,29945063734.0,13121284143.0,70837036952.0,49.0,
204210,RFHIC,1078178,2024,CFS,CIS,포괄손익계산서,영업이익,1529788265.0,303024279.0,802971835.0,6.0,
204210,RFHIC,1078178,2024,CFS,CF,현금흐름표,영업활동현금흐름,32421992405.0,15959063595.0,3968742424.0,41.0,RFHIC_2024_영업활동현금흐름
204210,RFHIC,1078178,2024,CFS,BS,재무상태표,유형자산,114890077480.0,119582769668.0,96830531215.0,24.0,
204210,RFHIC,1078178,2024,CFS,CF,현금흐름표,유형자산의 취득,22018639648.0,42544778901.0,23479810280.0,40.0,
204210,RFHIC,1078178,2024,CFS,BS,재무상태표,자본총계,357960809650.0,328275652396.0,307847122675.0,27.0,
204210,RFHIC,1078178,2024,CFS,BS,재무상태표,재고자산,75009158166.0,78795213136.0,83184461798.0,11.0,
204210,RFHIC,1078178,2024,CFS,CF,현금흐름표,재무활동현금흐름,-62894806461.0,-10492285416.0,14444164636.0,8.0,
204210,RFHIC,1078178,2024,CFS,BS,재무상태표,총자산,482949216872.0,509399445978.0,473338210545.0,7.0,
204210,RFHIC,1078178,2024,CFS,CF,현금흐름표,투자활동현금흐름,59510048740.0,-7579827090.0,32906512421.0,25.0,RFHIC_2024_투자활동현금흐름
204210,RFHIC,1078178,2024,CFS,CIS,포괄손익계산서,판매비와관리비,34118615135.0,36489332380.0,37643533106.0,9.0,
204210,RFHIC,1078178,2023,CFS,CIS,포괄손익계산서,금융비용,7722733498.0,8307298601.0,5829944506.0,19.0,
204210,RFHIC,1078178,2023,CFS,CIS,포괄손익계산서,당기순이익,17683006519.0,4857592365.0,5885010661.0,31.0,
204210,RFHIC,1078178,2023,CFS,CIS,포괄손익계산서,매출액,111432998779.0,108032898603.0,101561301412.0,36.0,RFHIC_2023_수익(매출액)
204210,RFHIC,1078178,2023,CFS,CIS,포괄손익계산서,매출원가,74640642120.0,69586393662.0,63850568516.0,15.0,
204210,RFHIC,1078178,2023,CFS,BS,재무상태표,매출채권,18443351138.0,,,,
204210,RFHIC,1078178,2023,CFS,BS,재무상태표,무형자산,4735552757.0,4813378793.0,4267062429.0,21.0,
204210,RFHIC,1078178,2023,CFS,CF,현금흐름표,무형자산의 취득,1295178505.0,2517482615.0,910260951.0,39.0,
204210,RFHIC,1078178,2023,CFS,CF,현금흐름표,배당금지급,3110876800.0,3939135000.0,2369034500.0,23.0,
204210,RFHIC,1078178,2023,CFS,BS,재무상태표,부채총계,181123793582.0,165491087870.0,138601673919.0,47.0,
204210,RFHIC,1078178,2023,CFS,BS,재무상태표,비유동부채,13121284143.0,70837036952.0,78944863163.0,48.0,
204210,RFHIC,1078178,2023,CFS,CIS,포괄손익계산서,영업이익,303024279.0,802971835.0,4363911122.0,6.0,
204210,RFHIC,1078178,2023,CFS,CF,현금흐름표,영업활동현금흐름,15959063595.0,3968742424.0,22097622804.0,41.0,RFHIC_2023_영업활동현금흐름
204210,RFHIC,1078178,2023,CFS,BS,재무상태표,유형자산,119582769668.0,96830531215.0,80634284586.0,24.0,
204210,RFHIC,1078178,2023,CFS,CF,현금흐름표,유형자산의 취득,42544778901.0,23479810280.0,9781806452.0,40.0,
204210,RFHIC,1078178,2023,CFS,BS,재무상태표,자본총계,328275652396.0,307847122675.0,308347895045.0,27.0,
204210,RFHIC,1078178,2023,CFS,BS,재무상태표,재고자산,78795213136.0,83184461798.0,78586395406.0,11.0,
204210,RFHIC,1078178,2023,CFS,CF,현금흐름표,재무활동현금흐름,-10492285416.0,14444164636.0,106776787615.0,8.0,
204210,RFHIC,1078178,2023,CFS,BS,재무상태표,총자산,509399445978.0,473338210545.0,446949568964.0,7.0,
204210,RFHIC,1078178,2023,CFS,CF,현금흐름표,투자활동현금흐름,-7579827090.0,32906512421.0,-122815294010.0,27.0,RFHIC_2023_투자활동현금흐름
204210,RFHIC,1078178,2023,CFS,CIS,포괄손익계산서,판매비와관리비,36365867931.0,37216390297.0,33359462256.0,9.0,
7920,SFA반도체,301246,2025,CFS,CIS,포괄손익계산서,금융비용,3430596637.0,3969104809.0,4200399777.0,19.0,
7920,SFA반도체,301246,2025,CFS,CIS,포괄손익계산서,당기순이익,-19130997781.0,20458863208.0,-14043612067.0,29.0,
7920,SFA반도체,301246,2025,CFS,CIS,포괄손익계산서,매출액,367389147993.0,400482861805.0,416738581384.0,38.0,SFA반도체_2025_매출액
7920,SFA반도체,301246,2025,CFS,CIS,포괄손익계산서,매출원가,372719484474.0,387396598466.0,416697715975.0,13.0,
7920,SFA반도체,301246,2025,CFS,BS,재무상태표,매출채권,51029485102.0,,,,
7920,SFA반도체,301246,2025,CFS,BS,재무상태표,무형자산,8298465218.0,9242873213.0,9858115724.0,20.0,
7920,SFA반도체,301246,2025,CFS,CF,현금흐름표,무형자산의 취득,373919174.0,110304414.0,358337584.0,29.0,
7920,SFA반도체,301246,2025,CFS,CF,현금흐름표,배당금지급,0.0,0.0,440002957.0,12.0,
7920,SFA반도체,301246,2025,CFS,BS,재무상태표,부채총계,76627410257.0,125578068973.0,139749351905.0,43.0,
7920,SFA반도체,301246,2025,CFS,BS,재무상태표,비유동부채,33094504608.0,34060960390.0,91012652694.0,44.0,
7920,SFA반도체,301246,2025,CFS,CIS,포괄손익계산서,영업이익,-19626671175.0,-31004226.0,-13276392521.0,6.0,
7920,SFA반도체,301246,2025,CFS,CF,현금흐름표,영업활동현금흐름,5456325212.0,53080396079.0,36015764547.0,31.0,SFA반도체_2025_영업활동현금흐름
7920,SFA반도체,301246,2025,CFS,BS,재무상태표,유형자산,356304959018.0,382165538715.0,372777408509.0,24.0,
7920,SFA반도체,301246,2025,CFS,CF,현금흐름표,유형자산의 취득,21686006810.0,36515203499.0,26841596671.0,30.0,
7920,SFA반도체,301246,2025,CFS,BS,재무상태표,자본총계,472827187628.0,497907590933.0,470160714693.0,27.0,
7920,SFA반도체,301246,2025,CFS,BS,재무상태표,재고자산,37534011639.0,31371117100.0,38856079710.0,14.0,
7920,SFA반도체,301246,2025,CFS,CF,현금흐름표,재무활동현금흐름,-64176857670.0,-20764078370.0,-30978843668.0,8.0,
7920,SFA반도체,301246,2025,CFS,BS,재무상태표,총자산,549454597885.0,623485659906.0,609910066598.0,7.0,
7920,SFA반도체,301246,2025,CFS,CF,현금흐름표,투자활동현금흐름,-13745283388.0,-16912173513.0,31119588385.0,15.0,SFA반도체_2025_투자활동현금흐름
7920,SFA반도체,301246,2025,CFS,CIS,포괄손익계산서,판매비와관리비,14296334694.0,13117267565.0,13317257930.0,39.0,
7920,SFA반도체,301246,2024,CFS,CIS,포괄손익계산서,금융비용,3969104809.0,4200399777.0,4642849489.0,18.0,
7920,SFA반도체,301246,2024,CFS,CIS,포괄손익계산서,당기순이익,20458863208.0,-14043612067.0,45445008142.0,28.0,
7920,SFA반도체,301246,2024,CFS,CIS,포괄손익계산서,매출액,400482861805.0,416738581384.0,699412110637.0,39.0,SFA반도체_2024_매출액
7920,SFA반도체,301246,2024,CFS,CIS,포괄손익계산서,매출원가,387396598466.0,416697715975.0,619540399942.0,14.0,
7920,SFA반도체,301246,2024,CFS,BS,재무상태표,매출채권,35059622944.0,,,,
7920,SFA반도체,301246,2024,CFS,BS,재무상태표,무형자산,9242873213.0,9858115724.0,10868182550.0,23.0,
7920,SFA반도체,301246,2024,CFS,CF,현금흐름표,무형자산의 취득,110304414.0,358337584.0,1443892743.0,24.0,
7920,SFA반도체,301246,2024,CFS,CF,현금흐름표,배당금지급,0.0,440002957.0,493608696.0,12.0,
7920,SFA반도체,301246,2024,CFS,BS,재무상태표,부채총계,125578068973.0,139749351905.0,190956704120.0,44.0,
7920,SFA반도체,301246,2024,CFS,BS,재무상태표,비유동부채,34060960390.0,91012652694.0,101742011439.0,45.0,
7920,SFA반도체,301246,2024,CFS,CIS,포괄손익계산서,영업이익,-31004226.0,-13276392521.0,62881247628.0,6.0,
7920,SFA반도체,301246,2024,CFS,CF,현금흐름표,영업활동현금흐름,53080396079.0,36015764547.0,94908137157.0,26.0,SFA반도체_2024_영업활동현금흐름
7920,SFA반도체,301246,2024,CFS,BS,재무상태표,유형자산,382165538715.0,372777408509.0,389426990831.0,25.0,
7920,SFA반도체,301246,2024,CFS,CF,현금흐름표,유형자산의 취득,36515203499.0,26841596671.0,53765866968.0,25.0,
7920,SFA반도체,301246,2024,CFS,BS,재무상태표,자본총계,497907590933.0,470160714693.0,483917637617.0,27.0,
7920,SFA반도체,301246,2024,CFS,BS,재무상태표,재고자산,31371117100.0,38856079710.0,55084929701.0,15.0,
7920,SFA반도체,301246,2024,CFS,CF,현금흐름표,재무활동현금흐름,-20764078370.0,-30978843668.0,-15943322147.0,8.0,
7920,SFA반도체,301246,2024,CFS,BS,재무상태표,총자산,623485659906.0,609910066598.0,674874341737.0,7.0,
7920,SFA반도체,301246,2024,CFS,CF,현금흐름표,투자활동현금흐름,-16912173513.0,31119588385.0,-106169879624.0,15.0,SFA반도체_2024_투자활동현금흐름
7920,SFA반도체,301246,2024,CFS,CIS,포괄손익계산서,판매비와관리비,13117267565.0,13317257930.0,16990463067.0,9.0,
7920,SFA반도체,301246,2023,CFS,CIS,포괄손익계산서,금융비용,4233014760.0,4642849489.0,5027680341.0,25.0,
7920,SFA반도체,301246,2023,CFS,CIS,포괄손익계산서,당기순이익,-14043612067.0,45445008142.0,55099304854.0,30.0,
7920,SFA반도체,301246,2023,CFS,CIS,포괄손익계산서,매출액,437586077155.0,699412110637.0,641108819687.0,35.0,SFA반도체_2023_매출액
7920,SFA반도체,301246,2023,CFS,CIS,포괄손익계산서,매출원가,438250167870.0,619540399942.0,558584687198.0,21.0,
7920,SFA반도체,301246,2023,CFS,BS,재무상태표,매출채권,43257589793.0,,,,
7920,SFA반도체,301246,2023,CFS,BS,재무상태표,무형자산,9858115724.0,10868182550.0,9972447651.0,22.0,
7920,SFA반도체,301246,2023,CFS,CF,현금흐름표,무형자산의 취득,358337584.0,1443892743.0,499463754.0,23.0,
7920,SFA반도체,301246,2023,CFS,CF,현금흐름표,배당금지급,440002957.0,493608696.0,,12.0,
7920,SFA반도체,301246,2023,CFS,BS,재무상태표,부채총계,139749351905.0,190956704120.0,223536653541.0,43.0,
7920,SFA반도체,301246,2023,CFS,BS,재무상태표,비유동부채,91012652694.0,101742011439.0,128330962459.0,44.0,
7920,SFA반도체,301246,2023,CFS,CIS,포괄손익계산서,영업이익,-16710120338.0,62881247628.0,66496309132.0,6.0,
7920,SFA반도체,301246,2023,CFS,CF,현금흐름표,영업활동현금흐름,36015764547.0,94908137157.0,101554057612.0,25.0,SFA반도체_2023_영업활동현금흐름
7920,SFA반도체,301246,2023,CFS,BS,재무상태표,유형자산,372777408509.0,389426990831.0,366210610221.0,24.0,
7920,SFA반도체,301246,2023,CFS,CF,현금흐름표,유형자산의 취득,26841596671.0,53765866968.0,24209344647.0,24.0,
7920,SFA반도체,301246,2023,CFS,BS,재무상태표,자본총계,470160714693.0,483917637617.0,425858682975.0,26.0,
7920,SFA반도체,301246,2023,CFS,BS,재무상태표,재고자산,38856079710.0,55084929701.0,53144255388.0,15.0,
7920,SFA반도체,301246,2023,CFS,CF,현금흐름표,재무활동현금흐름,-30978843668.0,-15943322147.0,-35356618967.0,8.0,
7920,SFA반도체,301246,2023,CFS,BS,재무상태표,총자산,609910066598.0,674874341737.0,649395336516.0,7.0,
7920,SFA반도체,301246,2023,CFS,CF,현금흐름표,투자활동현금흐름,31119588385.0,-106169879624.0,-56011805893.0,15.0,SFA반도체_2023_투자활동현금흐름
7920,SFA반도체,301246,2023,CFS,CIS,포괄손익계산서,판매비와관리비,16046029623.0,16990463067.0,16027823357.0,9.0,
660,SK하이닉스,164779,2025,CFS,CIS,포괄손익계산서,금융비용,12504998000000.0,5707997000000.0,6093167000000.0,18.0,
660,SK하이닉스,164779,2025,CFS,CIS,포괄손익계산서,당기순이익,42947902000000.0,19796902000000.0,-9137547000000.0,29.0,
660,SK하이닉스,164779,2025,CFS,CIS,포괄손익계산서,매출액,97146675000000.0,66192960000000.0,32765719000000.0,34.0,SK하이닉스_2025_매출액
660,SK하이닉스,164779,2025,CFS,CIS,포괄손익계산서,매출원가,38455885000000.0,34364814000000.0,33299167000000.0,14.0,
660,SK하이닉스,164779,2025,CFS,BS,재무상태표,매출채권,18199078000000.0,,,,
660,SK하이닉스,164779,2025,CFS,BS,재무상태표,무형자산,4049402000000.0,4018847000000.0,3834567000000.0,21.0,
660,SK하이닉스,164779,2025,CFS,CF,현금흐름표,무형자산의 취득,1060419000000.0,717106000000.0,454710000000.0,32.0,
660,SK하이닉스,164779,2025,CFS,CF,현금흐름표,배당금지급,1681166000000.0,826323000000.0,825575000000.0,12.0,
660,SK하이닉스,164779,2025,CFS,BS,재무상태표,부채총계,55440908000000.0,45939505000000.0,46826413000000.0,52.0,
660,SK하이닉스,164779,2025,CFS,BS,재무상태표,비유동부채,18061909000000.0,20974061000000.0,25818603000000.0,53.0,
660,SK하이닉스,164779,2025,CFS,CIS,포괄손익계산서,영업이익,47206319000000.0,23467319000000.0,-7730313000000.0,6.0,
660,SK하이닉스,164779,2025,CFS,CF,현금흐름표,영업활동현금흐름,53373126000000.0,29795885000000.0,4278191000000.0,35.0,SK하이닉스_2025_영업활동현금흐름
660,SK하이닉스,164779,2025,CFS,BS,재무상태표,유형자산,77502704000000.0,60157474000000.0,52704853000000.0,29.0,
660,SK하이닉스,164779,2025,CFS,CF,현금흐름표,유형자산의 취득,27518924000000.0,15945534000000.0,8325138000000.0,34.0,
660,SK하이닉스,164779,2025,CFS,BS,재무상태표,자본총계,120666751000000.0,73915704000000.0,53503752000000.0,32.0,
660,SK하이닉스,164779,2025,CFS,BS,재무상태표,재고자산,14289390000000.0,13313937000000.0,13480659000000.0,13.0,
660,SK하이닉스,164779,2025,CFS,CF,현금흐름표,재무활동현금흐름,-1444992000000.0,-8703940000000.0,5696845000000.0,8.0,
660,SK하이닉스,164779,2025,CFS,BS,재무상태표,총자산,176107659000000.0,119855209000000.0,100330165000000.0,7.0,
660,SK하이닉스,164779,2025,CFS,CF,현금흐름표,투자활동현금흐름,-48054251000000.0,-18004637000000.0,-7334727000000.0,16.0,SK하이닉스_2025_투자활동현금흐름
660,SK하이닉스,164779,2025,CFS,CIS,포괄손익계산서,판매비와관리비,11484471000000.0,8360827000000.0,7196865000000.0,9.0,
660,SK하이닉스,164779,2024,CFS,CIS,포괄손익계산서,금융비용,5707997000000.0,6093167000000.0,5091553000000.0,18.0,
660,SK하이닉스,164779,2024,CFS,CIS,포괄손익계산서,당기순이익,19796902000000.0,-9137547000000.0,2241669000000.0,29.0,
660,SK하이닉스,164779,2024,CFS,CIS,포괄손익계산서,매출액,66192960000000.0,32765719000000.0,44621568000000.0,34.0,SK하이닉스_2024_매출액
660,SK하이닉스,164779,2024,CFS,CIS,포괄손익계산서,매출원가,34364814000000.0,33299167000000.0,28993713000000.0,14.0,
660,SK하이닉스,164779,2024,CFS,BS,재무상태표,매출채권,13019006000000.0,,,,
660,SK하이닉스,164779,2024,CFS,BS,재무상태표,무형자산,4018847000000.0,3834567000000.0,3512107000000.0,21.0,
660,SK하이닉스,164779,2024,CFS,CF,현금흐름표,무형자산의 취득,717106000000.0,454710000000.0,738621000000.0,32.0,
660,SK하이닉스,164779,2024,CFS,CF,현금흐름표,배당금지급,826323000000.0,825575000000.0,1680905000000.0,12.0,
660,SK하이닉스,164779,2024,CFS,BS,재무상태표,부채총계,45939505000000.0,46826413000000.0,40580970000000.0,52.0,
660,SK하이닉스,164779,2024,CFS,BS,재무상태표,비유동부채,20974061000000.0,25818603000000.0,20737274000000.0,53.0,
660,SK하이닉스,164779,2024,CFS,CIS,포괄손익계산서,영업이익,23467319000000.0,-7730313000000.0,6809417000000.0,6.0,
660,SK하이닉스,164779,2024,CFS,CF,현금흐름표,영업활동현금흐름,29795885000000.0,4278191000000.0,14780517000000.0,35.0,SK하이닉스_2024_영업활동현금흐름
660,SK하이닉스,164779,2024,CFS,BS,재무상태표,유형자산,60157474000000.0,52704853000000.0,60228528000000.0,29.0,
660,SK하이닉스,164779,2024,CFS,CF,현금흐름표,유형자산의 취득,15945534000000.0,8325138000000.0,19010261000000.0,34.0,
660,SK하이닉스,164779,2024,CFS,BS,재무상태표,자본총계,73915704000000.0,53503752000000.0,63290542000000.0,32.0,
660,SK하이닉스,164779,2024,CFS,BS,재무상태표,재고자산,13313937000000.0,13480659000000.0,15664707000000.0,13.0,
660,SK하이닉스,164779,2024,CFS,CF,현금흐름표,재무활동현금흐름,-8703940000000.0,5696845000000.0,2821796000000.0,8.0,
660,SK하이닉스,164779,2024,CFS,BS,재무상태표,총자산,119855209000000.0,100330165000000.0,103871512000000.0,7.0,
660,SK하이닉스,164779,2024,CFS,CF,현금흐름표,투자활동현금흐름,-18004637000000.0,-7334727000000.0,-17883746000000.0,16.0,SK하이닉스_2024_투자활동현금흐름
660,SK하이닉스,164779,2024,CFS,CIS,포괄손익계산서,판매비와관리비,8360827000000.0,7196865000000.0,8818438000000.0,9.0,
660,SK하이닉스,164779,2023,CFS,CIS,포괄손익계산서,금융비용,6093167000000.0,5091553000000.0,1469860000000.0,18.0,
660,SK하이닉스,164779,2023,CFS,CIS,포괄손익계산서,당기순이익,-9137547000000.0,2241669000000.0,9616188000000.0,29.0,
660,SK하이닉스,164779,2023,CFS,CIS,포괄손익계산서,매출액,32765719000000.0,44621568000000.0,42997792000000.0,34.0,SK하이닉스_2023_매출액
660,SK하이닉스,164779,2023,CFS,CIS,포괄손익계산서,매출원가,33299167000000.0,28993713000000.0,24045600000000.0,14.0,
660,SK하이닉스,164779,2023,CFS,BS,재무상태표,매출채권,6600273000000.0,,,,
660,SK하이닉스,164779,2023,CFS,BS,재무상태표,무형자산,3834567000000.0,3512107000000.0,4797162000000.0,21.0,
660,SK하이닉스,164779,2023,CFS,CF,현금흐름표,무형자산의 취득,454710000000.0,738621000000.0,973893000000.0,32.0,
660,SK하이닉스,164779,2023,CFS,CF,현금흐름표,배당금지급,825575000000.0,1680905000000.0,805024000000.0,13.0,
660,SK하이닉스,164779,2023,CFS,BS,재무상태표,부채총계,46826413000000.0,40580970000000.0,34155467000000.0,52.0,
660,SK하이닉스,164779,2023,CFS,BS,재무상태표,비유동부채,25818603000000.0,20737274000000.0,19420072000000.0,53.0,
660,SK하이닉스,164779,2023,CFS,CIS,포괄손익계산서,영업이익,-7730313000000.0,6809417000000.0,12410340000000.0,6.0,
660,SK하이닉스,164779,2023,CFS,CF,현금흐름표,영업활동현금흐름,4278191000000.0,14780517000000.0,19797648000000.0,35.0,SK하이닉스_2023_영업활동현금흐름
660,SK하이닉스,164779,2023,CFS,BS,재무상태표,유형자산,52704853000000.0,60228528000000.0,53225667000000.0,29.0,
660,SK하이닉스,164779,2023,CFS,CF,현금흐름표,유형자산의 취득,8325138000000.0,19010261000000.0,12486635000000.0,34.0,
660,SK하이닉스,164779,2023,CFS,BS,재무상태표,자본총계,53503752000000.0,63290542000000.0,62191058000000.0,32.0,
660,SK하이닉스,164779,2023,CFS,BS,재무상태표,재고자산,13480659000000.0,15664707000000.0,8950087000000.0,14.0,
660,SK하이닉스,164779,2023,CFS,CF,현금흐름표,재무활동현금흐름,5696845000000.0,2821796000000.0,4492313000000.0,8.0,
660,SK하이닉스,164779,2023,CFS,BS,재무상태표,총자산,100330165000000.0,103871512000000.0,96346525000000.0,7.0,
660,SK하이닉스,164779,2023,CFS,CF,현금흐름표,투자활동현금흐름,-7334727000000.0,-17883746000000.0,-22392277000000.0,16.0,SK하이닉스_2023_투자활동현금흐름
660,SK하이닉스,164779,2023,CFS,CIS,포괄손익계산서,판매비와관리비,7196865000000.0,8818438000000.0,6541852000000.0,9.0,
52690,가온칩스,1364747,2025,CFS,CIS,포괄손익계산서,금융비용,9046305049.0,2332270017.0,839036639.0,19.0,
52690,가온칩스,1364747,2025,CFS,CIS,포괄손익계산서,당기순이익,-14369143365.0,7530549168.0,6344445918.0,27.0,
52690,가온칩스,1364747,2025,CFS,CIS,포괄손익계산서,매출액,68510181008.0,96492001688.0,63597349804.0,32.0,가온칩스_2025_매출액
52690,가온칩스,1364747,2025,CFS,CIS,포괄손익계산서,매출원가,73722725463.0,82247927125.0,50879354108.0,15.0,
52690,가온칩스,1364747,2025,CFS,BS,재무상태표,매출채권,6142809801.0,,,,
52690,가온칩스,1364747,2025,CFS,BS,재무상태표,무형자산,6490492323.0,5180867734.0,6228357026.0,20.0,
52690,가온칩스,1364747,2025,CFS,CF,현금흐름표,무형자산의 취득,3120040134.0,1293387190.0,4109051810.0,26.0,
52690,가온칩스,1364747,2025,CFS,CF,현금흐름표,배당금지급,0.0,0.0,0.0,,
52690,가온칩스,1364747,2025,CFS,BS,재무상태표,부채총계,104622741139.0,43353386403.0,32590129089.0,43.0,
52690,가온칩스,1364747,2025,CFS,BS,재무상태표,비유동부채,8773033336.0,7125444207.0,7772481777.0,44.0,
52690,가온칩스,1364747,2025,CFS,CIS,포괄손익계산서,영업이익,-16721496228.0,3524912928.0,4351646460.0,7.0,
52690,가온칩스,1364747,2025,CFS,CF,현금흐름표,영업활동현금흐름,-848730459.0,10803918403.0,5666350939.0,28.0,가온칩스_2025_영업활동현금흐름
52690,가온칩스,1364747,2025,CFS,BS,재무상태표,유형자산,22526959027.0,20877315878.0,14633331362.0,21.0,
52690,가온칩스,1364747,2025,CFS,CF,현금흐름표,유형자산의 취득,5210217544.0,9505482504.0,6774968693.0,27.0,
52690,가온칩스,1364747,2025,CFS,BS,재무상태표,자본총계,54688158517.0,69355020044.0,62019549707.0,24.0,
52690,가온칩스,1364747,2025,CFS,BS,재무상태표,재고자산,1061362786.0,,,12.0,
52690,가온칩스,1364747,2025,CFS,CF,현금흐름표,재무활동현금흐름,33693380698.0,-609955808.0,-367730795.0,9.0,
52690,가온칩스,1364747,2025,CFS,BS,재무상태표,총자산,159310899656.0,112708406447.0,94609678796.0,7.0,
52690,가온칩스,1364747,2025,CFS,CF,현금흐름표,투자활동현금흐름,2014178330.0,1313260460.0,-9280615807.0,13.0,가온칩스_2025_투자활동현금흐름
52690,가온칩스,1364747,2025,CFS,CIS,포괄손익계산서,판매비와관리비,11508951773.0,10719161635.0,8366349236.0,10.0,
52690,가온칩스,1364747,2024,CFS,CIS,포괄손익계산서,금융비용,2332270017.0,839036639.0,1079131525.0,19.0,
52690,가온칩스,1364747,2024,CFS,CIS,포괄손익계산서,당기순이익,7530549168.0,6344445918.0,4418777712.0,27.0,
52690,가온칩스,1364747,2024,CFS,CIS,포괄손익계산서,매출액,96492001688.0,63597349804.0,43320504880.0,32.0,가온칩스_2024_매출액
52690,가온칩스,1364747,2024,CFS,CIS,포괄손익계산서,매출원가,82247927125.0,50879354108.0,31691770968.0,15.0,
52690,가온칩스,1364747,2024,CFS,BS,재무상태표,매출채권,18707646321.0,,,,
52690,가온칩스,1364747,2024,CFS,BS,재무상태표,무형자산,5180867734.0,6228357026.0,5538978375.0,18.0,
52690,가온칩스,1364747,2024,CFS,CF,현금흐름표,무형자산의 취득,1293387190.0,4109051810.0,5639383763.0,26.0,
52690,가온칩스,1364747,2024,CFS,CF,현금흐름표,배당금지급,0.0,0.0,0.0,,
52690,가온칩스,1364747,2024,CFS,BS,재무상태표,부채총계,43353386403.0,32590129089.0,18791727827.0,39.0,
52690,가온칩스,1364747,2024,CFS,BS,재무상태표,비유동부채,7125444207.0,7772481777.0,4411350452.0,40.0,
52690,가온칩스,1364747,2024,CFS,CIS,포괄손익계산서,영업이익,3524912928.0,4351646460.0,3899765486.0,7.0,
52690,가온칩스,1364747,2024,CFS,CF,현금흐름표,영업활동현금흐름,10803918403.0,5666350939.0,5920392540.0,28.0,가온칩스_2024_영업활동현금흐름
52690,가온칩스,1364747,2024,CFS,BS,재무상태표,유형자산,20877315878.0,14633331362.0,10760378188.0,19.0,
52690,가온칩스,1364747,2024,CFS,CF,현금흐름표,유형자산의 취득,9505482504.0,6774968693.0,6080546064.0,27.0,
52690,가온칩스,1364747,2024,CFS,BS,재무상태표,자본총계,69355020044.0,62019549707.0,54389374240.0,22.0,
52690,가온칩스,1364747,2024,CFS,BS,재무상태표,재고자산,0.0,0.0,0.0,,
52690,가온칩스,1364747,2024,CFS,CF,현금흐름표,재무활동현금흐름,-609955808.0,-367730795.0,31153308620.0,9.0,
52690,가온칩스,1364747,2024,CFS,BS,재무상태표,총자산,112708406447.0,94609678796.0,73181102067.0,7.0,
52690,가온칩스,1364747,2024,CFS,CF,현금흐름표,투자활동현금흐름,1313260460.0,-9280615807.0,-31709375208.0,14.0,가온칩스_2024_투자활동현금흐름
52690,가온칩스,1364747,2024,CFS,CIS,포괄손익계산서,판매비와관리비,10719161635.0,8366349236.0,7728968426.0,10.0,
52690,가온칩스,1364747,2023,CFS,CIS,포괄손익계산서,금융비용,839036639.0,1079131525.0,493523159.0,18.0,
52690,가온칩스,1364747,2023,CFS,CIS,포괄손익계산서,당기순이익,6344445918.0,4418777712.0,6182765868.0,26.0,
52690,가온칩스,1364747,2023,CFS,CIS,포괄손익계산서,매출액,63597349804.0,43320504880.0,32235607297.0,31.0,가온칩스_2023_매출액
52690,가온칩스,1364747,2023,CFS,CIS,포괄손익계산서,매출원가,50879354108.0,31691770968.0,21548295148.0,14.0,
52690,가온칩스,1364747,2023,CFS,BS,재무상태표,매출채권,16661459655.0,,,,
52690,가온칩스,1364747,2023,CFS,BS,재무상태표,무형자산,6228357026.0,5538978375.0,1022184104.0,18.0,
52690,가온칩스,1364747,2023,CFS,CF,현금흐름표,무형자산의 취득,4109051810.0,5639383763.0,217373500.0,25.0,
52690,가온칩스,1364747,2023,CFS,CF,현금흐름표,배당금지급,0.0,0.0,0.0,,
52690,가온칩스,1364747,2023,CFS,BS,재무상태표,부채총계,32590129089.0,18791727827.0,15131118914.0,39.0,
52690,가온칩스,1364747,2023,CFS,BS,재무상태표,비유동부채,7772481777.0,4411350452.0,1323047300.0,40.0,
52690,가온칩스,1364747,2023,CFS,CIS,포괄손익계산서,영업이익,4351646460.0,3899765486.0,6202436087.0,6.0,
52690,가온칩스,1364747,2023,CFS,CF,현금흐름표,영업활동현금흐름,5666350939.0,5920392540.0,3452901499.0,27.0,가온칩스_2023_영업활동현금흐름
52690,가온칩스,1364747,2023,CFS,BS,재무상태표,유형자산,14633331362.0,10760378188.0,4954595890.0,19.0,
52690,가온칩스,1364747,2023,CFS,CF,현금흐름표,유형자산의 취득,6774968693.0,6080546064.0,2650224434.0,26.0,
52690,가온칩스,1364747,2023,CFS,BS,재무상태표,자본총계,62019549707.0,54389374240.0,21861995921.0,22.0,
52690,가온칩스,1364747,2023,CFS,BS,재무상태표,재고자산,0.0,0.0,0.0,,
52690,가온칩스,1364747,2023,CFS,CF,현금흐름표,재무활동현금흐름,-367730795.0,31153308620.0,918311584.0,9.0,
52690,가온칩스,1364747,2023,CFS,BS,재무상태표,총자산,94609678796.0,73181102067.0,36993114835.0,7.0,
52690,가온칩스,1364747,2023,CFS,CF,현금흐름표,투자활동현금흐름,-9280615807.0,-31709375208.0,-8283057381.0,14.0,가온칩스_2023_투자활동현금흐름
52690,가온칩스,1364747,2023,CFS,CIS,포괄손익계산서,판매비와관리비,8366349236.0,7728968426.0,4484876062.0,9.0,
92220,고영,579999,2025,CFS,CIS,포괄손익계산서,금융비용,738344874.0,504019482.0,694033999.0,18.0,
92220,고영,579999,2025,CFS,CIS,포괄손익계산서,당기순이익,14756087568.0,20998990602.0,21925959777.0,27.0,
92220,고영,579999,2025,CFS,CIS,포괄손익계산서,매출액,232647218656.0,202538127214.0,225630691398.0,33.0,고영_2025_매출액
92220,고영,579999,2025,CFS,CIS,포괄손익계산서,매출원가,84073109625.0,76686427777.0,80118409586.0,14.0,
92220,고영,579999,2025,CFS,BS,재무상태표,매출채권,106010944170.0,,,,
92220,고영,579999,2025,CFS,BS,재무상태표,무형자산,16334521749.0,12252513545.0,10739946870.0,19.0,
92220,고영,579999,2025,CFS,CF,현금흐름표,무형자산의 취득,8756888963.0,5198453720.0,3152558001.0,33.0,
92220,고영,579999,2025,CFS,CF,현금흐름표,배당금지급,9237228000.0,9183975920.0,9383403960.0,16.0,
92220,고영,579999,2025,CFS,BS,재무상태표,부채총계,75169601828.0,54763375690.0,61894392837.0,42.0,
92220,고영,579999,2025,CFS,BS,재무상태표,비유동부채,13658705142.0,18668168190.0,22073120411.0,43.0,
92220,고영,579999,2025,CFS,CIS,포괄손익계산서,영업이익,17342338477.0,3322352718.0,20372226090.0,6.0,
92220,고영,579999,2025,CFS,CF,현금흐름표,영업활동현금흐름,18090229309.0,36395606644.0,29540204383.0,35.0,고영_2025_영업활동현금흐름
92220,고영,579999,2025,CFS,BS,재무상태표,유형자산,49043940152.0,46735082339.0,45563962549.0,25.0,
92220,고영,579999,2025,CFS,CF,현금흐름표,유형자산의 취득,4727054515.0,3449687610.0,7079386517.0,34.0,
92220,고영,579999,2025,CFS,BS,재무상태표,자본총계,335165611050.0,323168894802.0,305317864968.0,28.0,
92220,고영,579999,2025,CFS,BS,재무상태표,재고자산,50674538030.0,50137553407.0,49958785920.0,11.0,
92220,고영,579999,2025,CFS,CF,현금흐름표,재무활동현금흐름,-14952750860.0,-15119501714.0,-38513608306.0,8.0,
92220,고영,579999,2025,CFS,BS,재무상태표,총자산,410335212878.0,377932270492.0,367212257805.0,7.0,
92220,고영,579999,2025,CFS,CF,현금흐름표,투자활동현금흐름,-18473867719.0,2520431970.0,-12832419308.0,17.0,고영_2025_투자활동현금흐름
92220,고영,579999,2025,CFS,CIS,포괄손익계산서,판매비와관리비,97455180210.0,81462899479.0,83515542571.0,9.0,
92220,고영,579999,2024,CFS,CIS,포괄손익계산서,금융비용,504019482.0,694033999.0,599034426.0,19.0,
92220,고영,579999,2024,CFS,CIS,포괄손익계산서,당기순이익,20998990602.0,21925959777.0,39283548838.0,28.0,
92220,고영,579999,2024,CFS,CIS,포괄손익계산서,매출액,202538127214.0,225630691398.0,275359587202.0,33.0,고영_2024_매출액
92220,고영,579999,2024,CFS,CIS,포괄손익계산서,매출원가,76686427777.0,80118409586.0,98697084218.0,15.0,
92220,고영,579999,2024,CFS,BS,재무상태표,매출채권,72724255127.0,,,,
92220,고영,579999,2024,CFS,BS,재무상태표,무형자산,12252513545.0,10739946870.0,9354901502.0,19.0,
92220,고영,579999,2024,CFS,CF,현금흐름표,무형자산의 취득,5198453720.0,3152558001.0,2375754715.0,28.0,
92220,고영,579999,2024,CFS,CF,현금흐름표,배당금지급,9183975920.0,9383403960.0,8112043800.0,13.0,
92220,고영,579999,2024,CFS,BS,재무상태표,부채총계,54763375690.0,61894392837.0,86511583085.0,41.0,
92220,고영,579999,2024,CFS,BS,재무상태표,비유동부채,18668168190.0,22073120411.0,28205914447.0,42.0,
92220,고영,579999,2024,CFS,CIS,포괄손익계산서,영업이익,3322352718.0,20372226090.0,44258682098.0,6.0,
92220,고영,579999,2024,CFS,CF,현금흐름표,영업활동현금흐름,36395606644.0,29540204383.0,29302033637.0,30.0,고영_2024_영업활동현금흐름
92220,고영,579999,2024,CFS,BS,재무상태표,유형자산,46735082339.0,45563962549.0,54460423956.0,23.0,
92220,고영,579999,2024,CFS,CF,현금흐름표,유형자산의 취득,3449687610.0,7079386517.0,16902866928.0,29.0,
92220,고영,579999,2024,CFS,BS,재무상태표,자본총계,323168894802.0,305317864968.0,305174909938.0,26.0,
92220,고영,579999,2024,CFS,BS,재무상태표,재고자산,50137553407.0,49958785920.0,44622996554.0,11.0,
92220,고영,579999,2024,CFS,CF,현금흐름표,재무활동현금흐름,-15119501714.0,-38513608306.0,-22628210134.0,8.0,
92220,고영,579999,2024,CFS,BS,재무상태표,총자산,377932270492.0,367212257805.0,391686493023.0,7.0,
92220,고영,579999,2024,CFS,CF,현금흐름표,투자활동현금흐름,2520431970.0,-12832419308.0,-23792848155.0,15.0,고영_2024_투자활동현금흐름
92220,고영,579999,2024,CFS,CIS,포괄손익계산서,판매비와관리비,81462899479.0,83515542571.0,83656129088.0,9.0,
92220,고영,579999,2023,CFS,CIS,포괄손익계산서,금융비용,694033999.0,599034426.0,300818985.0,19.0,
92220,고영,579999,2023,CFS,CIS,포괄손익계산서,당기순이익,21925959777.0,39283548838.0,39586268577.0,28.0,
92220,고영,579999,2023,CFS,CIS,포괄손익계산서,매출액,225630691398.0,275359587202.0,247301342081.0,33.0,고영_2023_매출액
92220,고영,579999,2023,CFS,CIS,포괄손익계산서,매출원가,80118409586.0,98697084218.0,90089912772.0,15.0,
92220,고영,579999,2023,CFS,BS,재무상태표,매출채권,82975098426.0,,,,
92220,고영,579999,2023,CFS,BS,재무상태표,무형자산,10739946870.0,9354901502.0,10787626646.0,20.0,
92220,고영,579999,2023,CFS,CF,현금흐름표,무형자산의 취득,3152558001.0,2375754715.0,3227444567.0,28.0,
92220,고영,579999,2023,CFS,CF,현금흐름표,배당금지급,9383403960.0,8112043800.0,7436040150.0,14.0,
92220,고영,579999,2023,CFS,BS,재무상태표,부채총계,61894392837.0,86511583085.0,87929904850.0,42.0,
92220,고영,579999,2023,CFS,BS,재무상태표,비유동부채,22073120411.0,28205914447.0,40431745936.0,43.0,
92220,고영,579999,2023,CFS,CIS,포괄손익계산서,영업이익,20372226090.0,44258682098.0,41351274821.0,6.0,
92220,고영,579999,2023,CFS,CF,현금흐름표,영업활동현금흐름,29540204383.0,29302033637.0,42480322829.0,30.0,고영_2023_영업활동현금흐름
92220,고영,579999,2023,CFS,BS,재무상태표,유형자산,45563962549.0,54460423956.0,39712311288.0,24.0,
92220,고영,579999,2023,CFS,CF,현금흐름표,유형자산의 취득,7079386517.0,16902866928.0,6676345838.0,29.0,
92220,고영,579999,2023,CFS,BS,재무상태표,자본총계,305317864968.0,305174909938.0,280399362317.0,27.0,
92220,고영,579999,2023,CFS,BS,재무상태표,재고자산,49958785920.0,44622996554.0,42459445026.0,12.0,
92220,고영,579999,2023,CFS,CF,현금흐름표,재무활동현금흐름,-38513608306.0,-22628210134.0,-7334975076.0,8.0,
92220,고영,579999,2023,CFS,BS,재무상태표,총자산,367212257805.0,391686493023.0,368329267167.0,7.0,
92220,고영,579999,2023,CFS,CF,현금흐름표,투자활동현금흐름,-12832419308.0,-23792848155.0,-12063397303.0,16.0,고영_2023_투자활동현금흐름
92220,고영,579999,2023,CFS,CIS,포괄손익계산서,판매비와관리비,83515542571.0,83656129088.0,72651155420.0,9.0,
396770,넥스틴,1080252,2025,CFS,CIS,포괄손익계산서,금융비용,1351014202.0,1462419746.0,1871800411.0,25.0,
396770,넥스틴,1080252,2025,CFS,CIS,포괄손익계산서,당기순이익,-2645744570.0,38427640891.0,30933600268.0,35.0,
396770,넥스틴,1080252,2025,CFS,CIS,포괄손익계산서,매출액,66914327141.0,113719875873.0,87930571023.0,40.0,넥스틴_2025_수익(매출액)
396770,넥스틴,1080252,2025,CFS,CIS,포괄손익계산서,매출원가,34358581374.0,34198824653.0,25609153249.0,15.0,
396770,넥스틴,1080252,2025,CFS,BS,재무상태표,매출채권,6167929103.0,,,,
396770,넥스틴,1080252,2025,CFS,BS,재무상태표,무형자산,3677615566.0,1818537801.0,873762370.0,23.0,
396770,넥스틴,1080252,2025,CFS,CF,현금흐름표,무형자산의 취득,282020308.0,1100521262.0,10000000.0,33.0,
396770,넥스틴,1080252,2025,CFS,CF,현금흐름표,배당금지급,5138818500.0,5093125500.0,4932296500.0,19.0,
396770,넥스틴,1080252,2025,CFS,BS,재무상태표,부채총계,72740126627.0,32176812442.0,15952635677.0,52.0,
396770,넥스틴,1080252,2025,CFS,BS,재무상태표,비유동부채,23119996951.0,12863161508.0,1467332519.0,53.0,
396770,넥스틴,1080252,2025,CFS,CIS,포괄손익계산서,영업이익,-1160803724.0,46974727733.0,36165536410.0,6.0,
396770,넥스틴,1080252,2025,CFS,CF,현금흐름표,영업활동현금흐름,-11108642951.0,42758171502.0,396939068.0,36.0,넥스틴_2025_영업활동현금흐름
396770,넥스틴,1080252,2025,CFS,BS,재무상태표,유형자산,71224626876.0,35741533446.0,25307519117.0,27.0,
396770,넥스틴,1080252,2025,CFS,CF,현금흐름표,유형자산의 취득,30177447722.0,14735599767.0,16620048050.0,35.0,
396770,넥스틴,1080252,2025,CFS,BS,재무상태표,자본총계,150139123771.0,157640068434.0,127009095062.0,29.0,
396770,넥스틴,1080252,2025,CFS,BS,재무상태표,재고자산,59950989268.0,55263892086.0,52058209778.0,11.0,
396770,넥스틴,1080252,2025,CFS,CF,현금흐름표,재무활동현금흐름,27412310583.0,-269197652.0,-4351984107.0,10.0,
396770,넥스틴,1080252,2025,CFS,BS,재무상태표,총자산,222879250398.0,189816880876.0,142961730739.0,7.0,
396770,넥스틴,1080252,2025,CFS,CF,현금흐름표,투자활동현금흐름,-33356773687.0,-18666750962.0,-38099094111.0,20.0,넥스틴_2025_투자활동현금흐름
396770,넥스틴,1080252,2025,CFS,CIS,포괄손익계산서,판매비와관리비,33716549491.0,32546323487.0,26155881364.0,9.0,
396770,넥스틴,1080252,2024,CFS,CIS,포괄손익계산서,금융비용,1462419746.0,1871800411.0,4242183769.0,25.0,
396770,넥스틴,1080252,2024,CFS,CIS,포괄손익계산서,당기순이익,38427640891.0,30933600268.0,43409750571.0,35.0,
396770,넥스틴,1080252,2024,CFS,CIS,포괄손익계산서,매출액,113719875873.0,87930571023.0,114942873898.0,40.0,넥스틴_2024_수익(매출액)
396770,넥스틴,1080252,2024,CFS,CIS,포괄손익계산서,매출원가,34198824653.0,25609153249.0,36820294726.0,15.0,
396770,넥스틴,1080252,2024,CFS,BS,재무상태표,매출채권,13692179977.0,,,,
396770,넥스틴,1080252,2024,CFS,BS,재무상태표,무형자산,1818537801.0,873762370.0,1031591998.0,23.0,
396770,넥스틴,1080252,2024,CFS,CF,현금흐름표,무형자산의 취득,1100521262.0,10000000.0,80351642.0,30.0,
396770,넥스틴,1080252,2024,CFS,CF,현금흐름표,배당금지급,5093125500.0,4932296500.0,4841190000.0,17.0,
396770,넥스틴,1080252,2024,CFS,BS,재무상태표,부채총계,32176812442.0,15952635677.0,21553973431.0,48.0,
396770,넥스틴,1080252,2024,CFS,BS,재무상태표,비유동부채,12863161508.0,1467332519.0,1343523953.0,49.0,
396770,넥스틴,1080252,2024,CFS,CIS,포괄손익계산서,영업이익,46974727733.0,36165536410.0,56503520126.0,6.0,
396770,넥스틴,1080252,2024,CFS,CF,현금흐름표,영업활동현금흐름,42758171502.0,396939068.0,51112529145.0,33.0,넥스틴_2024_영업활동현금흐름
396770,넥스틴,1080252,2024,CFS,BS,재무상태표,유형자산,35741533446.0,25307519117.0,11650656281.0,27.0,
396770,넥스틴,1080252,2024,CFS,CF,현금흐름표,유형자산의 취득,14735599767.0,16620048050.0,4537730873.0,32.0,
396770,넥스틴,1080252,2024,CFS,BS,재무상태표,자본총계,157640068434.0,127009095062.0,99637662260.0,29.0,
396770,넥스틴,1080252,2024,CFS,BS,재무상태표,재고자산,55263892086.0,52058209778.0,28853873987.0,11.0,
396770,넥스틴,1080252,2024,CFS,CF,현금흐름표,재무활동현금흐름,-269197652.0,-4351984107.0,-9912795249.0,8.0,
396770,넥스틴,1080252,2024,CFS,BS,재무상태표,총자산,189816880876.0,142961730739.0,121191635691.0,7.0,
396770,넥스틴,1080252,2024,CFS,CF,현금흐름표,투자활동현금흐름,-18666750962.0,-38099094111.0,-3510668511.0,18.0,넥스틴_2024_투자활동현금흐름
396770,넥스틴,1080252,2024,CFS,CIS,포괄손익계산서,판매비와관리비,32546323487.0,26155881364.0,21619059046.0,9.0,
396770,넥스틴,1080252,2023,CFS,CIS,포괄손익계산서,금융비용,1871800411.0,4242183769.0,333365263.0,24.0,
396770,넥스틴,1080252,2023,CFS,CIS,포괄손익계산서,당기순이익,30933600268.0,43409750571.0,18074794225.0,34.0,
396770,넥스틴,1080252,2023,CFS,CIS,포괄손익계산서,매출액,87930571023.0,114942873898.0,57108751854.0,39.0,넥스틴_2023_수익(매출액)
396770,넥스틴,1080252,2023,CFS,CIS,포괄손익계산서,매출원가,25609153249.0,36820294726.0,22114328934.0,15.0,
396770,넥스틴,1080252,2023,CFS,BS,재무상태표,매출채권,8710891042.0,,,,
396770,넥스틴,1080252,2023,CFS,BS,재무상태표,무형자산,873762370.0,1031591998.0,6567976.0,23.0,
396770,넥스틴,1080252,2023,CFS,CF,현금흐름표,무형자산의 취득,10000000.0,80351642.0,,30.0,
396770,넥스틴,1080252,2023,CFS,CF,현금흐름표,배당금지급,4932296500.0,4841190000.0,,18.0,
396770,넥스틴,1080252,2023,CFS,BS,재무상태표,부채총계,15952635677.0,21553973431.0,10352003267.0,48.0,
396770,넥스틴,1080252,2023,CFS,BS,재무상태표,비유동부채,1467332519.0,1343523953.0,823388544.0,49.0,
396770,넥스틴,1080252,2023,CFS,CIS,포괄손익계산서,영업이익,36165536410.0,56503520126.0,22064316158.0,6.0,
396770,넥스틴,1080252,2023,CFS,CF,현금흐름표,영업활동현금흐름,396939068.0,51112529145.0,10405860711.0,33.0,넥스틴_2023_영업활동현금흐름
396770,넥스틴,1080252,2023,CFS,BS,재무상태표,유형자산,25307519117.0,11650656281.0,8510558762.0,27.0,
396770,넥스틴,1080252,2023,CFS,CF,현금흐름표,유형자산의 취득,16620048050.0,4537730873.0,4141985284.0,32.0,
396770,넥스틴,1080252,2023,CFS,BS,재무상태표,자본총계,127009095062.0,99637662260.0,65627575729.0,29.0,
396770,넥스틴,1080252,2023,CFS,BS,재무상태표,재고자산,52058209778.0,28853873987.0,18065468283.0,11.0,
396770,넥스틴,1080252,2023,CFS,CF,현금흐름표,재무활동현금흐름,-4351984107.0,-9912795249.0,516634082.0,9.0,
396770,넥스틴,1080252,2023,CFS,BS,재무상태표,총자산,142961730739.0,121191635691.0,75979578996.0,7.0,
396770,넥스틴,1080252,2023,CFS,CF,현금흐름표,투자활동현금흐름,-38099094111.0,-3510668511.0,-10490445530.0,19.0,넥스틴_2023_투자활동현금흐름
396770,넥스틴,1080252,2023,CFS,CIS,포괄손익계산서,판매비와관리비,26155881364.0,21619059046.0,12930106762.0,9.0,
126340,덕산네오룩스,1061558,2025,CFS,CIS,포괄손익계산서,금융비용,6941922929.0,3511388064.0,1504285650.0,18.0,
126340,덕산네오룩스,1061558,2025,CFS,CIS,포괄손익계산서,당기순이익,53957306202.0,45760807753.0,35804054122.0,27.0,
126340,덕산네오룩스,1061558,2025,CFS,CIS,포괄손익계산서,매출액,344309797191.0,212252223722.0,163702143267.0,32.0,덕산네오룩스_2025_매출액
126340,덕산네오룩스,1061558,2025,CFS,CIS,포괄손익계산서,매출원가,228229579883.0,130725199834.0,106252968933.0,14.0,
126340,덕산네오룩스,1061558,2025,CFS,BS,재무상태표,매출채권,67624192972.0,,,,
126340,덕산네오룩스,1061558,2025,CFS,BS,재무상태표,무형자산,132204799563.0,59768618229.0,58199589133.0,17.0,
126340,덕산네오룩스,1061558,2025,CFS,CF,현금흐름표,무형자산의 취득,1859400000.0,4779110280.0,0.0,31.0,
126340,덕산네오룩스,1061558,2025,CFS,CF,현금흐름표,배당금지급,0.0,0.0,0.0,,
126340,덕산네오룩스,1061558,2025,CFS,BS,재무상태표,부채총계,243692718793.0,53306384178.0,51134113424.0,44.0,
126340,덕산네오룩스,1061558,2025,CFS,BS,재무상태표,비유동부채,135337805970.0,29810684484.0,27468855207.0,45.0,
126340,덕산네오룩스,1061558,2025,CFS,CIS,포괄손익계산서,영업이익,60742428308.0,52471548274.0,32919649532.0,6.0,
126340,덕산네오룩스,1061558,2025,CFS,CF,현금흐름표,영업활동현금흐름,60554543363.0,58827571748.0,49954659612.0,35.0,덕산네오룩스_2025_영업활동현금흐름
126340,덕산네오룩스,1061558,2025,CFS,BS,재무상태표,유형자산,135353072172.0,111527460269.0,104684245945.0,23.0,
126340,덕산네오룩스,1061558,2025,CFS,CF,현금흐름표,유형자산의 취득,12202970495.0,15380498866.0,15989737507.0,34.0,
126340,덕산네오룩스,1061558,2025,CFS,BS,재무상태표,자본총계,470459612961.0,399005359184.0,353193379457.0,26.0,
126340,덕산네오룩스,1061558,2025,CFS,BS,재무상태표,재고자산,65774999435.0,31508833944.0,30792898052.0,11.0,
126340,덕산네오룩스,1061558,2025,CFS,CF,현금흐름표,재무활동현금흐름,54096711555.0,-793093031.0,-1799400067.0,8.0,
126340,덕산네오룩스,1061558,2025,CFS,BS,재무상태표,총자산,714152331754.0,452311743362.0,404327492881.0,7.0,
126340,덕산네오룩스,1061558,2025,CFS,CF,현금흐름표,투자활동현금흐름,-59098683389.0,-27073659823.0,-141113763385.0,16.0,덕산네오룩스_2025_투자활동현금흐름
126340,덕산네오룩스,1061558,2025,CFS,CIS,포괄손익계산서,판매비와관리비,55337789000.0,29055475614.0,24529524802.0,9.0,
126340,덕산네오룩스,1061558,2024,CFS,CIS,포괄손익계산서,금융비용,3511388064.0,1504285650.0,5340729944.0,18.0,
126340,덕산네오룩스,1061558,2024,CFS,CIS,포괄손익계산서,당기순이익,45760807753.0,35804054122.0,38919638935.0,28.0,
126340,덕산네오룩스,1061558,2024,CFS,CIS,포괄손익계산서,매출액,212252223722.0,163702143267.0,176677173188.0,33.0,덕산네오룩스_2024_매출액
126340,덕산네오룩스,1061558,2024,CFS,CIS,포괄손익계산서,매출원가,130725199834.0,106252968933.0,116927051261.0,14.0,
126340,덕산네오룩스,1061558,2024,CFS,BS,재무상태표,매출채권,14722458622.0,,,,
126340,덕산네오룩스,1061558,2024,CFS,BS,재무상태표,무형자산,59768618229.0,58199589133.0,37913714177.0,17.0,
126340,덕산네오룩스,1061558,2024,CFS,CF,현금흐름표,무형자산의 취득,4779110280.0,0.0,818318579.0,28.0,
126340,덕산네오룩스,1061558,2024,CFS,CF,현금흐름표,배당금지급,0.0,0.0,0.0,,
126340,덕산네오룩스,1061558,2024,CFS,BS,재무상태표,부채총계,53306384178.0,51134113424.0,41206237089.0,40.0,
126340,덕산네오룩스,1061558,2024,CFS,BS,재무상태표,비유동부채,29810684484.0,27468855207.0,25041371666.0,41.0,
126340,덕산네오룩스,1061558,2024,CFS,CIS,포괄손익계산서,영업이익,52471548274.0,32919649532.0,44866531676.0,6.0,
126340,덕산네오룩스,1061558,2024,CFS,CF,현금흐름표,영업활동현금흐름,58827571748.0,49954659612.0,48943399368.0,31.0,덕산네오룩스_2024_영업활동현금흐름
126340,덕산네오룩스,1061558,2024,CFS,BS,재무상태표,유형자산,111527460269.0,104684245945.0,92308338009.0,22.0,
126340,덕산네오룩스,1061558,2024,CFS,CF,현금흐름표,유형자산의 취득,15380498866.0,15989737507.0,14488651626.0,30.0,
126340,덕산네오룩스,1061558,2024,CFS,BS,재무상태표,자본총계,399005359184.0,353193379457.0,320331678629.0,25.0,
126340,덕산네오룩스,1061558,2024,CFS,BS,재무상태표,재고자산,31508833944.0,30792898052.0,28762486948.0,11.0,
126340,덕산네오룩스,1061558,2024,CFS,CF,현금흐름표,재무활동현금흐름,-793093031.0,-1799400067.0,-8083445190.0,8.0,
126340,덕산네오룩스,1061558,2024,CFS,BS,재무상태표,총자산,452311743362.0,404327492881.0,361537915718.0,7.0,
126340,덕산네오룩스,1061558,2024,CFS,CF,현금흐름표,투자활동현금흐름,-27073659823.0,-141113763385.0,-37585655733.0,15.0,덕산네오룩스_2024_투자활동현금흐름
126340,덕산네오룩스,1061558,2024,CFS,CIS,포괄손익계산서,판매비와관리비,29055475614.0,24529524802.0,14883590251.0,9.0,
126340,덕산네오룩스,1061558,2023,CFS,CIS,포괄손익계산서,금융비용,1504285650.0,5340729944.0,899219328.0,18.0,
126340,덕산네오룩스,1061558,2023,CFS,CIS,포괄손익계산서,당기순이익,35804054122.0,38919638935.0,46834338496.0,28.0,
126340,덕산네오룩스,1061558,2023,CFS,CIS,포괄손익계산서,매출액,163702143267.0,176677173188.0,191358001344.0,33.0,덕산네오룩스_2023_매출액
126340,덕산네오룩스,1061558,2023,CFS,CIS,포괄손익계산서,매출원가,106252968933.0,116927051261.0,123502879861.0,14.0,
126340,덕산네오룩스,1061558,2023,CFS,BS,재무상태표,매출채권,8898415451.0,,,,
126340,덕산네오룩스,1061558,2023,CFS,BS,재무상태표,무형자산,58199589133.0,37913714177.0,36402130182.0,17.0,
126340,덕산네오룩스,1061558,2023,CFS,CF,현금흐름표,무형자산의 취득,0.0,818318579.0,0.0,31.0,
126340,덕산네오룩스,1061558,2023,CFS,CF,현금흐름표,배당금지급,0.0,0.0,0.0,,
126340,덕산네오룩스,1061558,2023,CFS,BS,재무상태표,부채총계,51134113424.0,41206237089.0,49559148183.0,40.0,
126340,덕산네오룩스,1061558,2023,CFS,BS,재무상태표,비유동부채,27468855207.0,25041371666.0,26908510821.0,41.0,
126340,덕산네오룩스,1061558,2023,CFS,CIS,포괄손익계산서,영업이익,32919649532.0,44866531676.0,50975561267.0,6.0,
126340,덕산네오룩스,1061558,2023,CFS,CF,현금흐름표,영업활동현금흐름,49954659612.0,48943399368.0,44484661032.0,35.0,덕산네오룩스_2023_영업활동현금흐름
126340,덕산네오룩스,1061558,2023,CFS,BS,재무상태표,유형자산,104684245945.0,92308338009.0,76489132030.0,22.0,
126340,덕산네오룩스,1061558,2023,CFS,CF,현금흐름표,유형자산의 취득,15989737507.0,14488651626.0,11029195702.0,34.0,
126340,덕산네오룩스,1061558,2023,CFS,BS,재무상태표,자본총계,353193379457.0,320331678629.0,287106565188.0,25.0,
126340,덕산네오룩스,1061558,2023,CFS,BS,재무상태표,재고자산,30792898052.0,28762486948.0,38612884174.0,11.0,
126340,덕산네오룩스,1061558,2023,CFS,CF,현금흐름표,재무활동현금흐름,-1799400067.0,-8083445190.0,64806984506.0,8.0,
126340,덕산네오룩스,1061558,2023,CFS,BS,재무상태표,총자산,404327492881.0,361537915718.0,336665713371.0,7.0,
126340,덕산네오룩스,1061558,2023,CFS,CF,현금흐름표,투자활동현금흐름,-141113763385.0,-37585655733.0,-26487789206.0,16.0,덕산네오룩스_2023_투자활동현금흐름
126340,덕산네오룩스,1061558,2023,CFS,CIS,포괄손익계산서,판매비와관리비,24529524802.0,14883590251.0,16879560216.0,9.0,
367770,두산테스나,563545,2025,OFS,CIS,포괄손익계산서,금융비용,11907563000.0,15554252000.0,18500261000.0,9.0,
367770,두산테스나,563545,2025,OFS,CIS,포괄손익계산서,당기순이익,1510043000.0,36781312000.0,49077382000.0,28.0,
367770,두산테스나,563545,2025,OFS,CIS,포괄손익계산서,매출액,303874072000.0,373117930000.0,338652255000.0,30.0,두산테스나_2025_수익(매출액)
367770,두산테스나,563545,2025,OFS,CIS,포괄손익계산서,매출원가,274330389000.0,305310341000.0,255621120000.0,15.0,
367770,두산테스나,563545,2025,OFS,BS,재무상태표,매출채권,36630683000.0,,,,
367770,두산테스나,563545,2025,OFS,BS,재무상태표,무형자산,8161449000.0,11335350000.0,3762198000.0,19.0,
367770,두산테스나,563545,2025,OFS,CF,현금흐름표,무형자산의 취득,2016604000.0,360305000.0,2182604000.0,31.0,
367770,두산테스나,563545,2025,OFS,CF,현금흐름표,배당금지급,3078165000.0,3078165000.0,2718647000.0,15.0,
367770,두산테스나,563545,2025,OFS,BS,재무상태표,부채총계,266698790000.0,350030052000.0,359477895000.0,41.0,
367770,두산테스나,563545,2025,OFS,BS,재무상태표,비유동부채,149867581000.0,166893508000.0,220122835000.0,42.0,
367770,두산테스나,563545,2025,OFS,CIS,포괄손익계산서,영업이익,-940826000.0,37923282000.0,60778799000.0,12.0,
367770,두산테스나,563545,2025,OFS,CF,현금흐름표,영업활동현금흐름,147218334000.0,219237154000.0,210546522000.0,33.0,두산테스나_2025_영업활동현금흐름
367770,두산테스나,563545,2025,OFS,BS,재무상태표,유형자산,455490600000.0,590104848000.0,579081279000.0,24.0,
367770,두산테스나,563545,2025,OFS,CF,현금흐름표,유형자산의 취득,22780544000.0,183232460000.0,171848252000.0,32.0,
367770,두산테스나,563545,2025,OFS,BS,재무상태표,자본총계,437076674000.0,437666508000.0,403637415000.0,28.0,
367770,두산테스나,563545,2025,OFS,BS,재무상태표,재고자산,255420000.0,610692000.0,0.0,11.0,
367770,두산테스나,563545,2025,OFS,CF,현금흐름표,재무활동현금흐름,-96221859000.0,-60824819000.0,-2323580000.0,8.0,
367770,두산테스나,563545,2025,OFS,BS,재무상태표,총자산,703775464000.0,787696560000.0,763115310000.0,7.0,
367770,두산테스나,563545,2025,OFS,CF,현금흐름표,투자활동현금흐름,-6291451000.0,-172389223000.0,-174423884000.0,17.0,두산테스나_2025_투자활동현금흐름
367770,두산테스나,563545,2025,OFS,CIS,포괄손익계산서,판매비와관리비,30484509000.0,29884307000.0,22252336000.0,13.0,
367770,두산테스나,563545,2024,CFS,CIS,포괄손익계산서,금융비용,15554252000.0,18500261000.0,6829168000.0,9.0,
367770,두산테스나,563545,2024,CFS,CIS,포괄손익계산서,당기순이익,36781312000.0,49077382000.0,52333034000.0,28.0,
367770,두산테스나,563545,2024,CFS,CIS,포괄손익계산서,매출액,373117930000.0,338652255000.0,277655938000.0,32.0,두산테스나_2024_수익(매출액)
367770,두산테스나,563545,2024,CFS,CIS,포괄손익계산서,매출원가,305310341000.0,255621120000.0,197065053000.0,17.0,
367770,두산테스나,563545,2024,CFS,BS,재무상태표,매출채권,35474896000.0,,,,
367770,두산테스나,563545,2024,CFS,BS,재무상태표,무형자산,11335350000.0,3762198000.0,1998581000.0,17.0,
367770,두산테스나,563545,2024,CFS,CF,현금흐름표,무형자산의 취득,360305000.0,2182604000.0,2059420000.0,30.0,
367770,두산테스나,563545,2024,CFS,CF,현금흐름표,배당금지급,3078165000.0,2718647000.0,2718647000.0,15.0,
367770,두산테스나,563545,2024,CFS,BS,재무상태표,부채총계,350030052000.0,359477895000.0,457182712000.0,43.0,
367770,두산테스나,563545,2024,CFS,BS,재무상태표,비유동부채,166893508000.0,220122835000.0,181503398000.0,44.0,
367770,두산테스나,563545,2024,CFS,CIS,포괄손익계산서,영업이익,37923282000.0,60778799000.0,67169269000.0,12.0,
367770,두산테스나,563545,2024,CFS,CF,현금흐름표,영업활동현금흐름,219237154000.0,210546522000.0,168220045000.0,32.0,두산테스나_2024_영업활동현금흐름
367770,두산테스나,563545,2024,CFS,BS,재무상태표,유형자산,590104848000.0,579081279000.0,614569597000.0,23.0,
367770,두산테스나,563545,2024,CFS,CF,현금흐름표,유형자산의 취득,183232460000.0,171848252000.0,256652331000.0,31.0,
367770,두산테스나,563545,2024,CFS,BS,재무상태표,자본총계,437666508000.0,403637415000.0,309834022000.0,25.0,
367770,두산테스나,563545,2024,CFS,BS,재무상태표,재고자산,610692000.0,0.0,0.0,11.0,
367770,두산테스나,563545,2024,CFS,CF,현금흐름표,재무활동현금흐름,-60824819000.0,-2323580000.0,95012087000.0,8.0,
367770,두산테스나,563545,2024,CFS,BS,재무상태표,총자산,787696560000.0,763115310000.0,767016734000.0,7.0,
367770,두산테스나,563545,2024,CFS,CF,현금흐름표,투자활동현금흐름,-172389223000.0,-174423884000.0,-258524713000.0,16.0,두산테스나_2024_투자활동현금흐름
367770,두산테스나,563545,2024,CFS,CIS,포괄손익계산서,판매비와관리비,29884307000.0,22252336000.0,13421616000.0,13.0,
367770,두산테스나,563545,2023,OFS,CIS,포괄손익계산서,금융비용,18500261172.0,6829168277.0,3105180397.0,16.0,
367770,두산테스나,563545,2023,OFS,CIS,포괄손익계산서,당기순이익,49077381672.0,52333033783.0,47166344546.0,25.0,
367770,두산테스나,563545,2023,OFS,CIS,포괄손익계산서,매출액,338652254525.0,277655937555.0,207584466664.0,27.0,두산테스나_2023_수익(매출액)
367770,두산테스나,563545,2023,OFS,CIS,포괄손익계산서,매출원가,255621119595.0,197065052569.0,149930402696.0,12.0,
367770,두산테스나,563545,2023,OFS,BS,재무상태표,매출채권,37255276701.0,,,,
367770,두산테스나,563545,2023,OFS,BS,재무상태표,무형자산,3762197477.0,1998580823.0,,17.0,
367770,두산테스나,563545,2023,OFS,CF,현금흐름표,무형자산의 취득,2182603654.0,2059419990.0,,24.0,
367770,두산테스나,563545,2023,OFS,CF,현금흐름표,배당금지급,2718647040.0,2718646720.0,2208900720.0,15.0,
367770,두산테스나,563545,2023,OFS,BS,재무상태표,부채총계,359477895356.0,457182712027.0,271083697692.0,39.0,
367770,두산테스나,563545,2023,OFS,BS,재무상태표,비유동부채,220122835486.0,181503397602.0,111854864477.0,40.0,
367770,두산테스나,563545,2023,OFS,CIS,포괄손익계산서,영업이익,60778799323.0,67169269292.0,54062137444.0,6.0,
367770,두산테스나,563545,2023,OFS,CF,현금흐름표,영업활동현금흐름,210546521706.0,168220044687.0,134137562084.0,31.0,두산테스나_2023_영업활동현금흐름
367770,두산테스나,563545,2023,OFS,BS,재무상태표,유형자산,579081279204.0,614569597075.0,406327838038.0,22.0,
367770,두산테스나,563545,2023,OFS,CF,현금흐름표,유형자산의 취득,171848251993.0,256652331224.0,113315095908.0,30.0,
367770,두산테스나,563545,2023,OFS,BS,재무상태표,자본총계,403637414864.0,309834022109.0,262410872806.0,26.0,
367770,두산테스나,563545,2023,OFS,BS,재무상태표,재고자산,0.0,0.0,0.0,,
367770,두산테스나,563545,2023,OFS,CF,현금흐름표,재무활동현금흐름,-2323579459.0,95012087630.0,-2926755637.0,8.0,
367770,두산테스나,563545,2023,OFS,BS,재무상태표,총자산,763115310220.0,767016734136.0,533494570498.0,7.0,
367770,두산테스나,563545,2023,OFS,CF,현금흐름표,투자활동현금흐름,-174423883436.0,-258681713365.0,-113093576684.0,16.0,두산테스나_2023_투자활동현금흐름
367770,두산테스나,563545,2023,OFS,CIS,포괄손익계산서,판매비와관리비,22252335607.0,13421615694.0,3591926524.0,9.0,
58430,리노공업,369657,2025,OFS,CIS,포괄손익계산서,금융비용,6494324.0,7604344.0,9431325.0,9.0,
58430,리노공업,369657,2025,OFS,CIS,포괄손익계산서,당기순이익,151960670406.0,113279046428.0,110923015440.0,23.0,
58430,리노공업,369657,2025,OFS,CIS,포괄손익계산서,매출액,372534084608.0,278186189427.0,255573034656.0,25.0,리노공업_2025_매출액
58430,리노공업,369657,2025,OFS,CIS,포괄손익계산서,매출원가,178133839971.0,140020108110.0,127238409519.0,14.0,
58430,리노공업,369657,2025,OFS,BS,재무상태표,매출채권,52853181025.0,,,,
58430,리노공업,369657,2025,OFS,BS,재무상태표,무형자산,1868932729.0,1959270745.0,1985707925.0,17.0,
58430,리노공업,369657,2025,OFS,CF,현금흐름표,무형자산의 취득,282097350.0,374960718.0,525450824.0,23.0,
58430,리노공업,369657,2025,OFS,CF,현금흐름표,배당금지급,45537360000.0,45537360000.0,45537360000.0,9.0,
58430,리노공업,369657,2025,OFS,BS,재무상태표,부채총계,60709212955.0,34814668593.0,25795267228.0,36.0,
58430,리노공업,369657,2025,OFS,BS,재무상태표,비유동부채,5917054903.0,4199975951.0,2684424288.0,37.0,
58430,리노공업,369657,2025,OFS,CIS,포괄손익계산서,영업이익,176997188289.0,124201343872.0,114378400291.0,11.0,
58430,리노공업,369657,2025,OFS,CF,현금흐름표,영업활동현금흐름,179468846374.0,110106597065.0,110391022028.0,25.0,리노공업_2025_영업활동현금흐름
58430,리노공업,369657,2025,OFS,BS,재무상태표,유형자산,228009789079.0,181362679776.0,183060515910.0,21.0,
58430,리노공업,369657,2025,OFS,CF,현금흐름표,유형자산의 취득,59954233830.0,11640547813.0,68500491718.0,24.0,
58430,리노공업,369657,2025,OFS,BS,재무상태표,자본총계,731218952370.0,622629112163.0,557074198066.0,25.0,
58430,리노공업,369657,2025,OFS,BS,재무상태표,재고자산,15514548353.0,12959312526.0,14252453441.0,11.0,
58430,리노공업,369657,2025,OFS,CF,현금흐름표,재무활동현금흐름,-45642859676.0,-45636652253.0,-45645540820.0,8.0,
58430,리노공업,369657,2025,OFS,BS,재무상태표,총자산,791928165325.0,657443780756.0,582869465294.0,7.0,
58430,리노공업,369657,2025,OFS,CF,현금흐름표,투자활동현금흐름,-103850828522.0,-46761936241.0,-61048311242.0,11.0,리노공업_2025_투자활동현금흐름
58430,리노공업,369657,2025,OFS,CIS,포괄손익계산서,판매비와관리비,17403056348.0,13964737445.0,13956224846.0,12.0,
58430,리노공업,369657,2024,OFS,CIS,포괄손익계산서,금융비용,7604344.0,9431325.0,8652914.0,9.0,
58430,리노공업,369657,2024,OFS,CIS,포괄손익계산서,당기순이익,113279046428.0,110923015440.0,114363791327.0,23.0,
58430,리노공업,369657,2024,OFS,CIS,포괄손익계산서,매출액,278186189427.0,255573034656.0,322422803089.0,25.0,리노공업_2024_매출액
58430,리노공업,369657,2024,OFS,CIS,포괄손익계산서,매출원가,140020108110.0,127238409519.0,167794521227.0,14.0,
58430,리노공업,369657,2024,OFS,BS,재무상태표,매출채권,51075599798.0,,,,
58430,리노공업,369657,2024,OFS,BS,재무상태표,무형자산,1959270745.0,1985707925.0,1821280539.0,17.0,
58430,리노공업,369657,2024,OFS,CF,현금흐름표,무형자산의 취득,374960718.0,525450824.0,137333416.0,23.0,
58430,리노공업,369657,2024,OFS,CF,현금흐름표,배당금지급,45537360000.0,45537360000.0,37947800000.0,10.0,
58430,리노공업,369657,2024,OFS,BS,재무상태표,부채총계,34814668593.0,25795267228.0,38304546606.0,36.0,
58430,리노공업,369657,2024,OFS,BS,재무상태표,비유동부채,4199975951.0,2684424288.0,1921378596.0,37.0,
58430,리노공업,369657,2024,OFS,CIS,포괄손익계산서,영업이익,124201343872.0,114378400291.0,136634729982.0,11.0,
58430,리노공업,369657,2024,OFS,CF,현금흐름표,영업활동현금흐름,110106597065.0,110391022028.0,108593008315.0,25.0,리노공업_2024_영업활동현금흐름
58430,리노공업,369657,2024,OFS,BS,재무상태표,유형자산,181362679776.0,183060515910.0,128454852779.0,21.0,
58430,리노공업,369657,2024,OFS,CF,현금흐름표,유형자산의 취득,11640547813.0,68500491718.0,18249507304.0,24.0,
58430,리노공업,369657,2024,OFS,BS,재무상태표,자본총계,622629112163.0,557074198066.0,493183582826.0,25.0,
58430,리노공업,369657,2024,OFS,BS,재무상태표,재고자산,12959312526.0,14252453441.0,13111076097.0,11.0,
58430,리노공업,369657,2024,OFS,CF,현금흐름표,재무활동현금흐름,-45636652253.0,-45645540820.0,-38069068174.0,8.0,
58430,리노공업,369657,2024,OFS,BS,재무상태표,총자산,657443780756.0,582869465294.0,531488129432.0,7.0,
58430,리노공업,369657,2024,OFS,CF,현금흐름표,투자활동현금흐름,-46761936241.0,-61048311242.0,-117259026467.0,11.0,리노공업_2024_투자활동현금흐름
58430,리노공업,369657,2024,OFS,CIS,포괄손익계산서,판매비와관리비,13964737445.0,13956224846.0,17993551880.0,12.0,
58430,리노공업,369657,2023,OFS,CIS,포괄손익계산서,금융비용,9431325.0,8652914.0,7871695.0,9.0,
58430,리노공업,369657,2023,OFS,CIS,포괄손익계산서,당기순이익,110923015440.0,114363791327.0,103805815149.0,23.0,
58430,리노공업,369657,2023,OFS,CIS,포괄손익계산서,매출액,255573034656.0,322422803089.0,280166833067.0,25.0,리노공업_2023_매출액
58430,리노공업,369657,2023,OFS,CIS,포괄손익계산서,매출원가,127238409519.0,167794521227.0,148928526171.0,14.0,
58430,리노공업,369657,2023,OFS,BS,재무상태표,매출채권,29831505651.0,,,,
58430,리노공업,369657,2023,OFS,BS,재무상태표,무형자산,1985707925.0,1821280539.0,2026404881.0,19.0,
58430,리노공업,369657,2023,OFS,CF,현금흐름표,무형자산의 취득,525450824.0,137333416.0,227523444.0,23.0,
58430,리노공업,369657,2023,OFS,CF,현금흐름표,배당금지급,45537360000.0,37947800000.0,22768680000.0,10.0,
58430,리노공업,369657,2023,OFS,BS,재무상태표,부채총계,25795267228.0,38304546606.0,48667847133.0,36.0,
58430,리노공업,369657,2023,OFS,BS,재무상태표,비유동부채,2684424288.0,1921378596.0,2677520935.0,37.0,
58430,리노공업,369657,2023,OFS,CIS,포괄손익계산서,영업이익,114378400291.0,136634729982.0,117104353242.0,6.0,
58430,리노공업,369657,2023,OFS,CF,현금흐름표,영업활동현금흐름,110391022028.0,108593008315.0,130580737722.0,25.0,리노공업_2023_영업활동현금흐름
58430,리노공업,369657,2023,OFS,BS,재무상태표,유형자산,183060515910.0,128454852779.0,124382380697.0,21.0,
58430,리노공업,369657,2023,OFS,CF,현금흐름표,유형자산의 취득,68500491718.0,18249507304.0,45110244006.0,24.0,
58430,리노공업,369657,2023,OFS,BS,재무상태표,자본총계,557074198066.0,493183582826.0,417703187103.0,25.0,
58430,리노공업,369657,2023,OFS,BS,재무상태표,재고자산,14252453441.0,13111076097.0,11596904125.0,12.0,
58430,리노공업,369657,2023,OFS,CF,현금흐름표,재무활동현금흐름,-45645540820.0,-38069068174.0,-22902218748.0,8.0,
58430,리노공업,369657,2023,OFS,BS,재무상태표,총자산,582869465294.0,531488129432.0,466371034236.0,7.0,
58430,리노공업,369657,2023,OFS,CF,현금흐름표,투자활동현금흐름,-61048311242.0,-117259026467.0,-131720027625.0,11.0,리노공업_2023_투자활동현금흐름
58430,리노공업,369657,2023,OFS,CIS,포괄손익계산서,판매비와관리비,13956224846.0,17993551880.0,14133953654.0,7.0,
5930,삼성전자,126380,2025,CFS,IS,손익계산서,금융비용,11733764000000.0,12985684000000.0,12645530000000.0,14.0,
5930,삼성전자,126380,2025,CFS,CIS,포괄손익계산서,당기순이익,45206805000000.0,34451351000000.0,15487100000000.0,19.0,
5930,삼성전자,126380,2025,CFS,IS,손익계산서,매출액,333605938000000.0,300870903000000.0,258935494000000.0,23.0,삼성전자_2025_매출액
5930,삼성전자,126380,2025,CFS,IS,손익계산서,매출원가,202235513000000.0,186562268000000.0,180388580000000.0,10.0,
5930,삼성전자,126380,2025,CFS,BS,재무상태표,매출채권,51127642000000.0,,,,
5930,삼성전자,126380,2025,CFS,BS,재무상태표,무형자산,29480565000000.0,23738566000000.0,22741862000000.0,21.0,
5930,삼성전자,126380,2025,CFS,CF,현금흐름표,무형자산의 취득,4630970000000.0,2335284000000.0,2922875000000.0,34.0,
5930,삼성전자,126380,2025,CFS,CF,현금흐름표,배당금지급,9897183000000.0,10888749000000.0,9864474000000.0,14.0,
5930,삼성전자,126380,2025,CFS,BS,재무상태표,부채총계,130621773000000.0,112339878000000.0,92228115000000.0,52.0,
5930,삼성전자,126380,2025,CFS,BS,재무상태표,비유동부채,24210425000000.0,19013579000000.0,16508663000000.0,53.0,
5930,삼성전자,126380,2025,CFS,IS,손익계산서,영업이익,43601051000000.0,32725961000000.0,6566976000000.0,6.0,
5930,삼성전자,126380,2025,CFS,CF,현금흐름표,영업활동현금흐름,85315148000000.0,72982621000000.0,44137427000000.0,37.0,삼성전자_2025_영업활동현금흐름
5930,삼성전자,126380,2025,CFS,BS,재무상태표,유형자산,215304784000000.0,205945209000000.0,187256262000000.0,27.0,
5930,삼성전자,126380,2025,CFS,CF,현금흐름표,유형자산의 취득,47522179000000.0,51406355000000.0,57611292000000.0,36.0,
5930,삼성전자,126380,2025,CFS,BS,재무상태표,자본총계,436320337000000.0,402192070000000.0,363677865000000.0,29.0,
5930,삼성전자,126380,2025,CFS,BS,재무상태표,재고자산,52636828000000.0,51754865000000.0,51625874000000.0,15.0,
5930,삼성전자,126380,2025,CFS,CF,현금흐름표,재무활동현금흐름,-13478040000000.0,-7797243000000.0,-8593059000000.0,9.0,
5930,삼성전자,126380,2025,CFS,BS,재무상태표,총자산,566942110000000.0,514531948000000.0,455905980000000.0,7.0,
5930,삼성전자,126380,2025,CFS,CF,현금흐름표,투자활동현금흐름,-68512206000000.0,-85381702000000.0,-16922817000000.0,16.0,삼성전자_2025_투자활동현금흐름
5930,삼성전자,126380,2025,CFS,IS,손익계산서,판매비와관리비,87769374000000.0,81582674000000.0,71979938000000.0,9.0,
5930,삼성전자,126380,2024,CFS,IS,손익계산서,금융비용,12985684000000.0,12645530000000.0,19027689000000.0,14.0,
5930,삼성전자,126380,2024,CFS,CIS,포괄손익계산서,당기순이익,34451351000000.0,15487100000000.0,55654077000000.0,19.0,
5930,삼성전자,126380,2024,CFS,IS,손익계산서,매출액,300870903000000.0,258935494000000.0,302231360000000.0,23.0,삼성전자_2024_매출액
5930,삼성전자,126380,2024,CFS,IS,손익계산서,매출원가,186562268000000.0,180388580000000.0,190041770000000.0,10.0,
5930,삼성전자,126380,2024,CFS,BS,재무상태표,매출채권,43623073000000.0,,,,
5930,삼성전자,126380,2024,CFS,BS,재무상태표,무형자산,23738566000000.0,22741862000000.0,20217754000000.0,21.0,
5930,삼성전자,126380,2024,CFS,CF,현금흐름표,무형자산의 취득,2335284000000.0,2922875000000.0,3696304000000.0,32.0,
5930,삼성전자,126380,2024,CFS,CF,현금흐름표,배당금지급,10888749000000.0,9864474000000.0,9814426000000.0,14.0,
5930,삼성전자,126380,2024,CFS,BS,재무상태표,부채총계,112339878000000.0,92228115000000.0,93674903000000.0,52.0,
5930,삼성전자,126380,2024,CFS,BS,재무상태표,비유동부채,19013579000000.0,16508663000000.0,15330051000000.0,53.0,
5930,삼성전자,126380,2024,CFS,IS,손익계산서,영업이익,32725961000000.0,6566976000000.0,43376630000000.0,6.0,
5930,삼성전자,126380,2024,CFS,CF,현금흐름표,영업활동현금흐름,72982621000000.0,44137427000000.0,62181346000000.0,35.0,삼성전자_2024_영업활동현금흐름
5930,삼성전자,126380,2024,CFS,BS,재무상태표,유형자산,205945209000000.0,187256262000000.0,168045388000000.0,27.0,
5930,삼성전자,126380,2024,CFS,CF,현금흐름표,유형자산의 취득,51406355000000.0,57611292000000.0,49430428000000.0,34.0,
5930,삼성전자,126380,2024,CFS,BS,재무상태표,자본총계,402192070000000.0,363677865000000.0,354749604000000.0,29.0,
5930,삼성전자,126380,2024,CFS,BS,재무상태표,재고자산,51754865000000.0,51625874000000.0,52187866000000.0,15.0,
5930,삼성전자,126380,2024,CFS,CF,현금흐름표,재무활동현금흐름,-7797243000000.0,-8593059000000.0,-19390049000000.0,9.0,
5930,삼성전자,126380,2024,CFS,BS,재무상태표,총자산,514531948000000.0,455905980000000.0,448424507000000.0,7.0,
5930,삼성전자,126380,2024,CFS,CF,현금흐름표,투자활동현금흐름,-85381702000000.0,-16922817000000.0,-31602804000000.0,16.0,삼성전자_2024_투자활동현금흐름
5930,삼성전자,126380,2024,CFS,IS,손익계산서,판매비와관리비,81582674000000.0,71979938000000.0,68812960000000.0,9.0,
5930,삼성전자,126380,2023,CFS,IS,손익계산서,금융비용,12645530000000.0,19027689000000.0,7704554000000.0,14.0,
5930,삼성전자,126380,2023,CFS,CIS,포괄손익계산서,당기순이익,15487100000000.0,55654077000000.0,39907450000000.0,19.0,
5930,삼성전자,126380,2023,CFS,IS,손익계산서,매출액,258935494000000.0,302231360000000.0,279604799000000.0,24.0,
5930,삼성전자,126380,2023,CFS,IS,손익계산서,매출원가,180388580000000.0,190041770000000.0,166411342000000.0,10.0,
5930,삼성전자,126380,2023,CFS,BS,재무상태표,매출채권,36647393000000.0,,,,
5930,삼성전자,126380,2023,CFS,BS,재무상태표,무형자산,22741862000000.0,20217754000000.0,20236244000000.0,21.0,
5930,삼성전자,126380,2023,CFS,CF,현금흐름표,무형자산의 취득,2922875000000.0,3696304000000.0,2706915000000.0,31.0,
5930,삼성전자,126380,2023,CFS,CF,현금흐름표,배당금지급,9864474000000.0,9814426000000.0,20510350000000.0,14.0,
5930,삼성전자,126380,2023,CFS,BS,재무상태표,부채총계,92228115000000.0,93674903000000.0,121721227000000.0,52.0,
5930,삼성전자,126380,2023,CFS,BS,재무상태표,비유동부채,16508663000000.0,15330051000000.0,33604094000000.0,53.0,
5930,삼성전자,126380,2023,CFS,IS,손익계산서,영업이익,6566976000000.0,43376630000000.0,51633856000000.0,6.0,
5930,삼성전자,126380,2023,CFS,CF,현금흐름표,영업활동현금흐름,44137427000000.0,62181346000000.0,65105448000000.0,34.0,삼성전자_2023_영업활동현금흐름
5930,삼성전자,126380,2023,CFS,BS,재무상태표,유형자산,187256262000000.0,168045388000000.0,149928539000000.0,27.0,
5930,삼성전자,126380,2023,CFS,CF,현금흐름표,유형자산의 취득,57611292000000.0,49430428000000.0,47122106000000.0,33.0,
5930,삼성전자,126380,2023,CFS,BS,재무상태표,자본총계,363677865000000.0,354749604000000.0,304899931000000.0,29.0,
5930,삼성전자,126380,2023,CFS,BS,재무상태표,재고자산,51625874000000.0,52187866000000.0,41384404000000.0,15.0,
5930,삼성전자,126380,2023,CFS,CF,현금흐름표,재무활동현금흐름,-8593059000000.0,-19390049000000.0,-23991033000000.0,9.0,
5930,삼성전자,126380,2023,CFS,BS,재무상태표,총자산,455905980000000.0,448424507000000.0,426621158000000.0,7.0,
5930,삼성전자,126380,2023,CFS,CF,현금흐름표,투자활동현금흐름,-16922817000000.0,-31602804000000.0,-33047763000000.0,15.0,삼성전자_2023_투자활동현금흐름
5930,삼성전자,126380,2023,CFS,IS,손익계산서,판매비와관리비,71979938000000.0,68812960000000.0,61559601000000.0,9.0,
58650,심텍,1095722,2025,CFS,CIS,포괄손익계산서,금융비용,229629172657.0,81354926517.0,61899164538.0,18.0,
58650,심텍,1095722,2025,CFS,CIS,포괄손익계산서,당기순이익,-164580357473.0,-31044704373.0,-115143871777.0,29.0,
58650,심텍,1095722,2025,CFS,CIS,포괄손익계산서,매출액,1410559919451.0,1231421381070.0,1041895724977.0,34.0,심텍_2025_수익(매출액)
58650,심텍,1095722,2025,CFS,CIS,포괄손익계산서,매출원가,1287168487038.0,1179473868869.0,1013450112715.0,14.0,
58650,심텍,1095722,2025,CFS,BS,재무상태표,매출채권,609489715300.0,,,,
58650,심텍,1095722,2025,CFS,BS,재무상태표,무형자산,29443453909.0,29263156912.0,26127237680.0,19.0,
58650,심텍,1095722,2025,CFS,CF,현금흐름표,무형자산의 취득,532441062.0,271210565.0,1168130264.0,41.0,
58650,심텍,1095722,2025,CFS,CF,현금흐름표,배당금지급,4184587700.0,5095340320.0,15922938500.0,21.0,
58650,심텍,1095722,2025,CFS,BS,재무상태표,부채총계,1043963591400.0,994803895879.0,705622729689.0,46.0,
58650,심텍,1095722,2025,CFS,BS,재무상태표,비유동부채,249488965462.0,214648800685.0,217177632882.0,47.0,
58650,심텍,1095722,2025,CFS,CIS,포괄손익계산서,영업이익,11868602919.0,-46969220820.0,-88124119458.0,6.0,
58650,심텍,1095722,2025,CFS,CF,현금흐름표,영업활동현금흐름,-198611950618.0,-161257696543.0,-93400713811.0,43.0,심텍_2025_영업활동현금흐름
58650,심텍,1095722,2025,CFS,BS,재무상태표,유형자산,572230581020.0,630074203858.0,625184147699.0,23.0,
58650,심텍,1095722,2025,CFS,CF,현금흐름표,유형자산의 취득,55861442016.0,103331075576.0,139284265188.0,42.0,
58650,심텍,1095722,2025,CFS,BS,재무상태표,자본총계,576366152429.0,448475401000.0,470437819665.0,26.0,
58650,심텍,1095722,2025,CFS,BS,재무상태표,재고자산,239838123371.0,153897673624.0,142029419654.0,11.0,
58650,심텍,1095722,2025,CFS,CF,현금흐름표,재무활동현금흐름,144257750978.0,375712357775.0,73850570066.0,8.0,
58650,심텍,1095722,2025,CFS,BS,재무상태표,총자산,1620329743829.0,1443279296879.0,1176060549354.0,7.0,
58650,심텍,1095722,2025,CFS,CF,현금흐름표,투자활동현금흐름,-18765150591.0,-96814709436.0,-90292598477.0,22.0,심텍_2025_투자활동현금흐름
58650,심텍,1095722,2025,CFS,CIS,포괄손익계산서,판매비와관리비,111522829494.0,98916733021.0,116569731720.0,9.0,
58650,심텍,1095722,2024,CFS,CIS,포괄손익계산서,금융비용,81354926517.0,61899164538.0,74762766703.0,18.0,
58650,심텍,1095722,2024,CFS,CIS,포괄손익계산서,당기순이익,-31044704373.0,-115143871777.0,246101011096.0,29.0,
58650,심텍,1095722,2024,CFS,CIS,포괄손익계산서,매출액,1231421381070.0,1041895724977.0,1697452348000.0,34.0,심텍_2024_수익(매출액)
58650,심텍,1095722,2024,CFS,CIS,포괄손익계산서,매출원가,1179473868869.0,1013450112715.0,1216347937718.0,14.0,
58650,심텍,1095722,2024,CFS,BS,재무상태표,매출채권,420293747379.0,,,,
58650,심텍,1095722,2024,CFS,BS,재무상태표,무형자산,29263156912.0,26127237680.0,26453386720.0,19.0,
58650,심텍,1095722,2024,CFS,CF,현금흐름표,무형자산의 취득,271210565.0,1168130264.0,1262575160.0,38.0,
58650,심텍,1095722,2024,CFS,CF,현금흐름표,배당금지급,5095340320.0,15922938500.0,15922938500.0,18.0,
58650,심텍,1095722,2024,CFS,BS,재무상태표,부채총계,994803895879.0,705622729689.0,653731684232.0,46.0,
58650,심텍,1095722,2024,CFS,BS,재무상태표,비유동부채,214648800685.0,217177632882.0,179351809955.0,47.0,
58650,심텍,1095722,2024,CFS,CIS,포괄손익계산서,영업이익,-46969220820.0,-88124119458.0,352354248115.0,6.0,
58650,심텍,1095722,2024,CFS,CF,현금흐름표,영업활동현금흐름,-161257696543.0,-93400713811.0,435472860488.0,40.0,심텍_2024_영업활동현금흐름
58650,심텍,1095722,2024,CFS,BS,재무상태표,유형자산,630074203858.0,625184147699.0,586727198498.0,23.0,
58650,심텍,1095722,2024,CFS,CF,현금흐름표,유형자산의 취득,103331075576.0,139284265188.0,158947043538.0,39.0,
58650,심텍,1095722,2024,CFS,BS,재무상태표,자본총계,448475401000.0,470437819665.0,612601561758.0,26.0,
58650,심텍,1095722,2024,CFS,BS,재무상태표,재고자산,153897673624.0,142029419654.0,144677492754.0,11.0,
58650,심텍,1095722,2024,CFS,CF,현금흐름표,재무활동현금흐름,375712357775.0,73850570066.0,-62776218119.0,8.0,
58650,심텍,1095722,2024,CFS,BS,재무상태표,총자산,1443279296879.0,1176060549354.0,1266333245990.0,7.0,
58650,심텍,1095722,2024,CFS,CF,현금흐름표,투자활동현금흐름,-96814709436.0,-90292598477.0,-268795478271.0,19.0,심텍_2024_투자활동현금흐름
58650,심텍,1095722,2024,CFS,CIS,포괄손익계산서,판매비와관리비,98916733021.0,116569731720.0,128750162167.0,9.0,
58650,심텍,1095722,2023,CFS,CIS,포괄손익계산서,금융비용,61899164538.0,74762766703.0,51691760721.0,18.0,
58650,심텍,1095722,2023,CFS,CIS,포괄손익계산서,당기순이익,-115143871777.0,246101011096.0,118292918108.0,29.0,
58650,심텍,1095722,2023,CFS,CIS,포괄손익계산서,매출액,1041895724977.0,1697452348000.0,1365832876122.0,34.0,심텍_2023_매출액
58650,심텍,1095722,2023,CFS,CIS,포괄손익계산서,매출원가,1013450112715.0,1216347937718.0,1081684028890.0,14.0,
58650,심텍,1095722,2023,CFS,BS,재무상태표,매출채권,285328977107.0,,,,
58650,심텍,1095722,2023,CFS,BS,재무상태표,무형자산,26127237680.0,26453386720.0,23451145966.0,19.0,
58650,심텍,1095722,2023,CFS,CF,현금흐름표,무형자산의 취득,1168130264.0,1262575160.0,865576000.0,41.0,
58650,심텍,1095722,2023,CFS,CF,현금흐름표,배당금지급,15922938500.0,15922938500.0,10418091840.0,20.0,
58650,심텍,1095722,2023,CFS,BS,재무상태표,부채총계,705622729689.0,653731684232.0,476157712891.0,44.0,
58650,심텍,1095722,2023,CFS,BS,재무상태표,비유동부채,217177632882.0,179351809955.0,134162496786.0,45.0,
58650,심텍,1095722,2023,CFS,CIS,포괄손익계산서,영업이익,-88124119458.0,352354248115.0,174319010782.0,6.0,
58650,심텍,1095722,2023,CFS,CF,현금흐름표,영업활동현금흐름,-93400713811.0,435472860488.0,114588130171.0,43.0,심텍_2023_영업활동현금흐름
58650,심텍,1095722,2023,CFS,BS,재무상태표,유형자산,625184147699.0,586727198498.0,501305014903.0,22.0,
58650,심텍,1095722,2023,CFS,CF,현금흐름표,유형자산의 취득,139284265188.0,158947043538.0,76610210163.0,42.0,
58650,심텍,1095722,2023,CFS,BS,재무상태표,자본총계,470437819665.0,612601561758.0,381276284163.0,25.0,
58650,심텍,1095722,2023,CFS,BS,재무상태표,재고자산,142029419654.0,144677492754.0,144480429821.0,12.0,
58650,심텍,1095722,2023,CFS,CF,현금흐름표,재무활동현금흐름,73850570066.0,-62776218119.0,-34571074856.0,8.0,
58650,심텍,1095722,2023,CFS,BS,재무상태표,총자산,1176060549354.0,1266333245990.0,857433997054.0,7.0,
58650,심텍,1095722,2023,CFS,CF,현금흐름표,투자활동현금흐름,-90292598477.0,-268795478271.0,-80459311755.0,22.0,심텍_2023_투자활동현금흐름
58650,심텍,1095722,2023,CFS,CIS,포괄손익계산서,판매비와관리비,116569731720.0,128750162167.0,109829836450.0,9.0,
34230,에스앤에스텍,411048,2025,CFS,CIS,포괄손익계산서,금융비용,5223999059.0,2770606863.0,3323610177.0,8.0,
34230,에스앤에스텍,411048,2025,CFS,CIS,포괄손익계산서,당기순이익,58092807910.0,30313647619.0,25854851119.0,33.0,
34230,에스앤에스텍,411048,2025,CFS,CIS,포괄손익계산서,매출액,243733252593.0,176013891367.0,150320408224.0,42.0,에스앤에스텍_2025_매출액
34230,에스앤에스텍,411048,2025,CFS,CIS,포괄손익계산서,매출원가,159114538317.0,116520463645.0,103672662880.0,22.0,
34230,에스앤에스텍,411048,2025,CFS,BS,재무상태표,매출채권,58129754567.0,,,,
34230,에스앤에스텍,411048,2025,CFS,BS,재무상태표,무형자산,2163506427.0,1732894837.0,1896194370.0,26.0,
34230,에스앤에스텍,411048,2025,CFS,CF,현금흐름표,무형자산의 취득,1085609400.0,61400000.0,225128350.0,38.0,
34230,에스앤에스텍,411048,2025,CFS,CF,현금흐름표,배당금지급,3124440600.0,3154540500.0,3124540500.0,20.0,
34230,에스앤에스텍,411048,2025,CFS,BS,재무상태표,부채총계,88783777330.0,50184639632.0,35959971560.0,50.0,
34230,에스앤에스텍,411048,2025,CFS,BS,재무상태표,비유동부채,36870352352.0,10508113904.0,6772750777.0,51.0,
34230,에스앤에스텍,411048,2025,CFS,CIS,포괄손익계산서,영업이익,50389752346.0,29478688017.0,25039402690.0,12.0,
34230,에스앤에스텍,411048,2025,CFS,CF,현금흐름표,영업활동현금흐름,46882046173.0,36048329089.0,25557706196.0,41.0,에스앤에스텍_2025_영업활동현금흐름
34230,에스앤에스텍,411048,2025,CFS,BS,재무상태표,유형자산,179914595811.0,125181813458.0,115977166699.0,29.0,
34230,에스앤에스텍,411048,2025,CFS,CF,현금흐름표,유형자산의 취득,63387681905.0,19789678112.0,21107977043.0,40.0,
34230,에스앤에스텍,411048,2025,CFS,BS,재무상태표,자본총계,304257904926.0,246847048853.0,220798777193.0,31.0,
34230,에스앤에스텍,411048,2025,CFS,BS,재무상태표,재고자산,32367075675.0,31457220104.0,19786858017.0,17.0,
34230,에스앤에스텍,411048,2025,CFS,CF,현금흐름표,재무활동현금흐름,27452649115.0,-1132736634.0,7923624224.0,8.0,
34230,에스앤에스텍,411048,2025,CFS,BS,재무상태표,총자산,393041682256.0,297031688485.0,256758748753.0,7.0,
34230,에스앤에스텍,411048,2025,CFS,CF,현금흐름표,투자활동현금흐름,-69628134216.0,-19205897085.0,-20773895211.0,23.0,에스앤에스텍_2025_투자활동현금흐름
34230,에스앤에스텍,411048,2025,CFS,CIS,포괄손익계산서,판매비와관리비,34228961930.0,30014739705.0,21608342654.0,13.0,
34230,에스앤에스텍,411048,2024,CFS,CIS,포괄손익계산서,금융비용,2770606863.0,3323610177.0,2926750545.0,19.0,
34230,에스앤에스텍,411048,2024,CFS,CIS,포괄손익계산서,당기순이익,30313647619.0,25854851119.0,17464205801.0,29.0,
34230,에스앤에스텍,411048,2024,CFS,CIS,포괄손익계산서,매출액,176013891367.0,150320408224.0,123506695451.0,36.0,에스앤에스텍_2024_수익(매출액)
34230,에스앤에스텍,411048,2024,CFS,CIS,포괄손익계산서,매출원가,116520463645.0,103672662880.0,89653594771.0,15.0,
34230,에스앤에스텍,411048,2024,CFS,BS,재무상태표,매출채권,37351662475.0,,,,
34230,에스앤에스텍,411048,2024,CFS,BS,재무상태표,무형자산,1732894837.0,1896194370.0,2260705288.0,26.0,
34230,에스앤에스텍,411048,2024,CFS,CF,현금흐름표,무형자산의 취득,61400000.0,225128350.0,327020600.0,35.0,
34230,에스앤에스텍,411048,2024,CFS,CF,현금흐름표,배당금지급,3154540500.0,3124540500.0,2083027000.0,16.0,
34230,에스앤에스텍,411048,2024,CFS,BS,재무상태표,부채총계,50184639632.0,35959971560.0,36358827310.0,53.0,
34230,에스앤에스텍,411048,2024,CFS,BS,재무상태표,비유동부채,10508113904.0,6772750777.0,5897700292.0,54.0,
34230,에스앤에스텍,411048,2024,CFS,CIS,포괄손익계산서,영업이익,29478688017.0,25039402690.0,16012815858.0,6.0,
34230,에스앤에스텍,411048,2024,CFS,CF,현금흐름표,영업활동현금흐름,36048329089.0,25557706196.0,24922484577.0,37.0,에스앤에스텍_2024_영업활동현금흐름
34230,에스앤에스텍,411048,2024,CFS,BS,재무상태표,유형자산,125181813458.0,115977166699.0,108504045241.0,31.0,
34230,에스앤에스텍,411048,2024,CFS,CF,현금흐름표,유형자산의 취득,19789678112.0,21107977043.0,31948608124.0,36.0,
34230,에스앤에스텍,411048,2024,CFS,BS,재무상태표,자본총계,246847048853.0,220798777193.0,190391469119.0,33.0,
34230,에스앤에스텍,411048,2024,CFS,BS,재무상태표,재고자산,31457220104.0,19786858017.0,18835517541.0,18.0,
34230,에스앤에스텍,411048,2024,CFS,CF,현금흐름표,재무활동현금흐름,-1132736634.0,7923624224.0,3216107774.0,8.0,
34230,에스앤에스텍,411048,2024,CFS,BS,재무상태표,총자산,297031688485.0,256758748753.0,226750296429.0,7.0,
34230,에스앤에스텍,411048,2024,CFS,CF,현금흐름표,투자활동현금흐름,-19205897085.0,-20773895211.0,-33375747763.0,19.0,에스앤에스텍_2024_투자활동현금흐름
34230,에스앤에스텍,411048,2024,CFS,CIS,포괄손익계산서,판매비와관리비,30014739705.0,21608342654.0,17840284822.0,9.0,
34230,에스앤에스텍,411048,2023,CFS,CIS,포괄손익계산서,금융비용,3323610177.0,2926750545.0,1823405008.0,19.0,
34230,에스앤에스텍,411048,2023,CFS,CIS,포괄손익계산서,당기순이익,25854851119.0,17464205801.0,11499406880.0,29.0,
34230,에스앤에스텍,411048,2023,CFS,CIS,포괄손익계산서,매출액,150320408224.0,123506695451.0,98842798689.0,36.0,에스앤에스텍_2023_수익(매출액)
34230,에스앤에스텍,411048,2023,CFS,CIS,포괄손익계산서,매출원가,103672662880.0,89653594771.0,72784526341.0,15.0,
34230,에스앤에스텍,411048,2023,CFS,BS,재무상태표,매출채권,33740639609.0,,,,
34230,에스앤에스텍,411048,2023,CFS,BS,재무상태표,무형자산,1896194370.0,2260705288.0,2757440931.0,27.0,
34230,에스앤에스텍,411048,2023,CFS,CF,현금흐름표,무형자산의 취득,225128350.0,327020600.0,15000000.0,40.0,
34230,에스앤에스텍,411048,2023,CFS,CF,현금흐름표,배당금지급,3124540500.0,2083027000.0,1666421600.0,20.0,
34230,에스앤에스텍,411048,2023,CFS,BS,재무상태표,부채총계,35959971560.0,36358827310.0,23013583392.0,55.0,
34230,에스앤에스텍,411048,2023,CFS,BS,재무상태표,비유동부채,6772750777.0,5897700292.0,5921171101.0,56.0,
34230,에스앤에스텍,411048,2023,CFS,CIS,포괄손익계산서,영업이익,25039402690.0,16012815858.0,12610883776.0,6.0,
34230,에스앤에스텍,411048,2023,CFS,CF,현금흐름표,영업활동현금흐름,25557706196.0,24922484577.0,12643708559.0,42.0,에스앤에스텍_2023_영업활동현금흐름
34230,에스앤에스텍,411048,2023,CFS,BS,재무상태표,유형자산,115977166699.0,108504045241.0,82016186162.0,32.0,
34230,에스앤에스텍,411048,2023,CFS,CF,현금흐름표,유형자산의 취득,21107977043.0,31948608124.0,14102896982.0,41.0,
34230,에스앤에스텍,411048,2023,CFS,BS,재무상태표,자본총계,220798777193.0,190391469119.0,174425177332.0,34.0,
34230,에스앤에스텍,411048,2023,CFS,BS,재무상태표,재고자산,19786858017.0,18835517541.0,16825277939.0,18.0,
34230,에스앤에스텍,411048,2023,CFS,CF,현금흐름표,재무활동현금흐름,7923624224.0,3216107774.0,-5096450889.0,8.0,
34230,에스앤에스텍,411048,2023,CFS,BS,재무상태표,총자산,256758748753.0,226750296429.0,197438760724.0,7.0,
34230,에스앤에스텍,411048,2023,CFS,CF,현금흐름표,투자활동현금흐름,-20773895211.0,-33375747763.0,13813256065.0,23.0,에스앤에스텍_2023_투자활동현금흐름
34230,에스앤에스텍,411048,2023,CFS,CIS,포괄손익계산서,판매비와관리비,21608342654.0,17840284822.0,13447388572.0,9.0,
41920,와이씨,1109539,2025,CFS,CIS,포괄손익계산서,금융비용,11042127575.0,14827660949.0,3896567182.0,17.0,
41920,와이씨,1109539,2025,CFS,CIS,포괄손익계산서,당기순이익,28984367217.0,12926037556.0,12879225237.0,29.0,
41920,와이씨,1109539,2025,CFS,CIS,포괄손익계산서,매출액,272629978227.0,211241210832.0,255182306180.0,34.0,와이씨_2025_수익(매출액)
41920,와이씨,1109539,2025,CFS,CIS,포괄손익계산서,매출원가,201000007307.0,152792998218.0,205806523132.0,13.0,
41920,와이씨,1109539,2025,CFS,BS,재무상태표,매출채권,13094819960.0,,,,
41920,와이씨,1109539,2025,CFS,BS,재무상태표,무형자산,24200224931.0,23822785953.0,24105529835.0,17.0,
41920,와이씨,1109539,2025,CFS,CF,현금흐름표,무형자산의 취득,637679505.0,222795014.0,606770844.0,39.0,
41920,와이씨,1109539,2025,CFS,CF,현금흐름표,배당금지급,0.0,0.0,0.0,,
41920,와이씨,1109539,2025,CFS,BS,재무상태표,부채총계,130992662031.0,158643144911.0,114468752526.0,47.0,
41920,와이씨,1109539,2025,CFS,BS,재무상태표,비유동부채,56868787222.0,57387705593.0,37805247773.0,48.0,
41920,와이씨,1109539,2025,CFS,CIS,포괄손익계산서,영업이익,16989848287.0,10599506307.0,8571578913.0,8.0,
41920,와이씨,1109539,2025,CFS,CF,현금흐름표,영업활동현금흐름,41192786217.0,-23552771223.0,24081727880.0,42.0,와이씨_2025_영업활동현금흐름
41920,와이씨,1109539,2025,CFS,BS,재무상태표,유형자산,222850763455.0,222202785315.0,203649742058.0,26.0,
41920,와이씨,1109539,2025,CFS,CF,현금흐름표,유형자산의 취득,16006710569.0,26761270283.0,83273367653.0,41.0,
41920,와이씨,1109539,2025,CFS,BS,재무상태표,자본총계,476196299410.0,418212295510.0,365804448525.0,28.0,
41920,와이씨,1109539,2025,CFS,BS,재무상태표,재고자산,83880343465.0,129256184043.0,63180273022.0,13.0,
41920,와이씨,1109539,2025,CFS,CF,현금흐름표,재무활동현금흐름,28210748837.0,59626915260.0,1832723357.0,8.0,
41920,와이씨,1109539,2025,CFS,BS,재무상태표,총자산,607188961441.0,576855440421.0,480273201051.0,7.0,
41920,와이씨,1109539,2025,CFS,CF,현금흐름표,투자활동현금흐름,10045981704.0,-38552642943.0,-27949820176.0,18.0,와이씨_2025_투자활동현금흐름
41920,와이씨,1109539,2025,CFS,CIS,포괄손익계산서,판매비와관리비,54640122633.0,47848706307.0,40804204135.0,35.0,
41920,와이씨,1109539,2024,CFS,CIS,포괄손익계산서,금융비용,14827660949.0,3896567182.0,1068276822.0,19.0,
41920,와이씨,1109539,2024,CFS,CIS,포괄손익계산서,당기순이익,12926037556.0,12879225237.0,34351072916.0,30.0,
41920,와이씨,1109539,2024,CFS,CIS,포괄손익계산서,매출액,211241210832.0,255182306180.0,285267759686.0,35.0,와이씨_2024_수익(매출액)
41920,와이씨,1109539,2024,CFS,CIS,포괄손익계산서,매출원가,152792998218.0,205806523132.0,210351583965.0,15.0,
41920,와이씨,1109539,2024,CFS,BS,재무상태표,매출채권,13813991552.0,,,,
41920,와이씨,1109539,2024,CFS,BS,재무상태표,무형자산,23822785953.0,24105529835.0,23950425164.0,21.0,
41920,와이씨,1109539,2024,CFS,CF,현금흐름표,무형자산의 취득,222795014.0,606770844.0,417204100.0,38.0,
41920,와이씨,1109539,2024,CFS,CF,현금흐름표,배당금지급,0.0,0.0,0.0,,
41920,와이씨,1109539,2024,CFS,BS,재무상태표,부채총계,158643144911.0,114468752526.0,164468338499.0,49.0,
41920,와이씨,1109539,2024,CFS,BS,재무상태표,비유동부채,57387705593.0,37805247773.0,78301204344.0,50.0,
41920,와이씨,1109539,2024,CFS,CIS,포괄손익계산서,영업이익,10599506307.0,8571578913.0,36409046432.0,6.0,
41920,와이씨,1109539,2024,CFS,CF,현금흐름표,영업활동현금흐름,-23552771223.0,24081727880.0,30020435086.0,40.0,와이씨_2024_영업활동현금흐름
41920,와이씨,1109539,2024,CFS,BS,재무상태표,유형자산,222202785315.0,203649742058.0,125887667405.0,28.0,
41920,와이씨,1109539,2024,CFS,CF,현금흐름표,유형자산의 취득,26761270283.0,83273367653.0,17650884038.0,39.0,
41920,와이씨,1109539,2024,CFS,BS,재무상태표,자본총계,418212295510.0,365804448525.0,354629698116.0,30.0,
41920,와이씨,1109539,2024,CFS,BS,재무상태표,재고자산,129256184043.0,63180273022.0,117823920828.0,12.0,
41920,와이씨,1109539,2024,CFS,CF,현금흐름표,재무활동현금흐름,59626915260.0,1832723357.0,13277005667.0,8.0,
41920,와이씨,1109539,2024,CFS,BS,재무상태표,총자산,576855440421.0,480273201051.0,519098036615.0,7.0,
41920,와이씨,1109539,2024,CFS,CF,현금흐름표,투자활동현금흐름,-38552642943.0,-27949820176.0,-86231388751.0,18.0,와이씨_2024_투자활동현금흐름
41920,와이씨,1109539,2024,CFS,CIS,포괄손익계산서,판매비와관리비,47848706307.0,40804204135.0,38507129289.0,9.0,
41920,와이씨,1109539,2023,CFS,CIS,포괄손익계산서,금융비용,3896567182.0,1068276822.0,717350470.0,19.0,
41920,와이씨,1109539,2023,CFS,CIS,포괄손익계산서,당기순이익,12879225237.0,34351072916.0,50930747858.0,30.0,
41920,와이씨,1109539,2023,CFS,CIS,포괄손익계산서,매출액,255182306180.0,285267759686.0,311270371895.0,35.0,와이씨_2023_매출액
41920,와이씨,1109539,2023,CFS,CIS,포괄손익계산서,매출원가,205806523132.0,210351583965.0,229110512898.0,15.0,
41920,와이씨,1109539,2023,CFS,BS,재무상태표,매출채권,7000375665.0,,,,
41920,와이씨,1109539,2023,CFS,BS,재무상태표,무형자산,24105529835.0,23950425164.0,23693506688.0,18.0,
41920,와이씨,1109539,2023,CFS,CF,현금흐름표,무형자산의 취득,606770844.0,417204100.0,45823800.0,38.0,
41920,와이씨,1109539,2023,CFS,CF,현금흐름표,배당금지급,0.0,0.0,0.0,,
41920,와이씨,1109539,2023,CFS,BS,재무상태표,부채총계,114468752526.0,164468338499.0,121023618555.0,45.0,
41920,와이씨,1109539,2023,CFS,BS,재무상태표,비유동부채,37805247773.0,78301204344.0,58184148039.0,46.0,
41920,와이씨,1109539,2023,CFS,CIS,포괄손익계산서,영업이익,8571578913.0,36409046432.0,54621634142.0,6.0,
41920,와이씨,1109539,2023,CFS,CF,현금흐름표,영업활동현금흐름,24081727880.0,30020435086.0,50525949459.0,40.0,와이씨_2023_영업활동현금흐름
41920,와이씨,1109539,2023,CFS,BS,재무상태표,유형자산,203649742058.0,125887667405.0,102338931137.0,25.0,
41920,와이씨,1109539,2023,CFS,CF,현금흐름표,유형자산의 취득,83273367653.0,17650884038.0,76413084296.0,39.0,
41920,와이씨,1109539,2023,CFS,BS,재무상태표,자본총계,365804448525.0,354629698116.0,338864522005.0,27.0,
41920,와이씨,1109539,2023,CFS,BS,재무상태표,재고자산,63180273022.0,117823920828.0,97780577313.0,11.0,
41920,와이씨,1109539,2023,CFS,CF,현금흐름표,재무활동현금흐름,1832723357.0,13277005667.0,107581346206.0,8.0,
41920,와이씨,1109539,2023,CFS,BS,재무상태표,총자산,480273201051.0,519098036615.0,459888140560.0,7.0,
41920,와이씨,1109539,2023,CFS,CF,현금흐름표,투자활동현금흐름,-27949820176.0,-86231388751.0,-174042861373.0,17.0,와이씨_2023_투자활동현금흐름
41920,와이씨,1109539,2023,CFS,CIS,포괄손익계산서,판매비와관리비,40804204135.0,38507129289.0,27538224855.0,9.0,
240810,원익IPS,1135941,2025,CFS,CIS,포괄손익계산서,금융비용,688901031.0,11452628025.0,3919074534.0,17.0,
240810,원익IPS,1135941,2025,CFS,CIS,포괄손익계산서,당기순이익,84028556164.0,20748346848.0,-13507700947.0,27.0,
240810,원익IPS,1135941,2025,CFS,CIS,포괄손익계산서,매출액,909795691103.0,748176487524.0,690337586778.0,32.0,원익IPS_2025_수익(매출액)
240810,원익IPS,1135941,2025,CFS,CIS,포괄손익계산서,매출원가,526952084731.0,455849202744.0,414407177962.0,13.0,
240810,원익IPS,1135941,2025,CFS,BS,재무상태표,매출채권,71798915737.0,,,,
240810,원익IPS,1135941,2025,CFS,BS,재무상태표,무형자산,27679385978.0,27100166351.0,22290789947.0,18.0,
240810,원익IPS,1135941,2025,CFS,CF,현금흐름표,무형자산의 취득,6342191451.0,10323329995.0,5052692784.0,30.0,
240810,원익IPS,1135941,2025,CFS,CF,현금흐름표,배당금지급,2432778850.0,0.0,9581070390.0,13.0,
240810,원익IPS,1135941,2025,CFS,BS,재무상태표,부채총계,194620663488.0,236686893210.0,218160246280.0,46.0,
240810,원익IPS,1135941,2025,CFS,BS,재무상태표,비유동부채,6510992189.0,7716651551.0,8604802323.0,47.0,
240810,원익IPS,1135941,2025,CFS,CIS,포괄손익계산서,영업이익,73814129967.0,10641636214.0,-18074991250.0,8.0,
240810,원익IPS,1135941,2025,CFS,CF,현금흐름표,영업활동현금흐름,156607028356.0,78280504451.0,-12315183037.0,33.0,원익IPS_2025_영업활동현금흐름
240810,원익IPS,1135941,2025,CFS,BS,재무상태표,유형자산,322582791922.0,334233349351.0,353690379851.0,26.0,
240810,원익IPS,1135941,2025,CFS,CF,현금흐름표,유형자산의 취득,25661159526.0,21432773671.0,59514153913.0,32.0,
240810,원익IPS,1135941,2025,CFS,BS,재무상태표,자본총계,970015555952.0,887460172581.0,866702595508.0,29.0,
240810,원익IPS,1135941,2025,CFS,BS,재무상태표,재고자산,272698619374.0,337663829800.0,340987647423.0,13.0,
240810,원익IPS,1135941,2025,CFS,CF,현금흐름표,재무활동현금흐름,-5649629550.0,-3469412940.0,13815950359.0,8.0,
240810,원익IPS,1135941,2025,CFS,BS,재무상태표,총자산,1164636219440.0,1124147065791.0,1084862841788.0,7.0,
240810,원익IPS,1135941,2025,CFS,CF,현금흐름표,투자활동현금흐름,-178509048975.0,5495162371.0,-46027866311.0,16.0,원익IPS_2025_투자활동현금흐름
240810,원익IPS,1135941,2025,CFS,CIS,포괄손익계산서,판매비와관리비,141574473205.0,125493130741.0,129425432685.0,9.0,
240810,원익IPS,1135941,2024,CFS,CIS,포괄손익계산서,금융비용,11452628025.0,3919074534.0,2038540638.0,17.0,
240810,원익IPS,1135941,2024,CFS,CIS,포괄손익계산서,당기순이익,20748346848.0,-13507700947.0,89438212718.0,27.0,
240810,원익IPS,1135941,2024,CFS,CIS,포괄손익계산서,매출액,748176487524.0,690337586778.0,1011484981702.0,32.0,원익IPS_2024_수익(매출액)
240810,원익IPS,1135941,2024,CFS,CIS,포괄손익계산서,매출원가,455849202744.0,414407177962.0,599227531521.0,13.0,
240810,원익IPS,1135941,2024,CFS,BS,재무상태표,매출채권,99682100565.0,,,,
240810,원익IPS,1135941,2024,CFS,BS,재무상태표,무형자산,27100166351.0,22290789947.0,34128765684.0,18.0,
240810,원익IPS,1135941,2024,CFS,CF,현금흐름표,무형자산의 취득,10323329995.0,5052692784.0,5350892438.0,30.0,
240810,원익IPS,1135941,2024,CFS,CF,현금흐름표,배당금지급,0.0,9581070390.0,14479240530.0,13.0,
240810,원익IPS,1135941,2024,CFS,BS,재무상태표,부채총계,236686893210.0,218160246280.0,251943234499.0,46.0,
240810,원익IPS,1135941,2024,CFS,BS,재무상태표,비유동부채,7716651551.0,8604802323.0,3041211501.0,47.0,
240810,원익IPS,1135941,2024,CFS,CIS,포괄손익계산서,영업이익,10641636214.0,-18074991250.0,97554876588.0,8.0,
240810,원익IPS,1135941,2024,CFS,CF,현금흐름표,영업활동현금흐름,78280504451.0,-12315183037.0,28026783322.0,32.0,원익IPS_2024_영업활동현금흐름
240810,원익IPS,1135941,2024,CFS,BS,재무상태표,유형자산,334233349351.0,353690379851.0,367567426771.0,26.0,
240810,원익IPS,1135941,2024,CFS,CF,현금흐름표,유형자산의 취득,21432773671.0,59514153913.0,70027267638.0,31.0,
240810,원익IPS,1135941,2024,CFS,BS,재무상태표,자본총계,887460172581.0,866702595508.0,869727304162.0,29.0,
240810,원익IPS,1135941,2024,CFS,BS,재무상태표,재고자산,337663829800.0,340987647423.0,327143396542.0,13.0,
240810,원익IPS,1135941,2024,CFS,CF,현금흐름표,재무활동현금흐름,-3469412940.0,13815950359.0,-27904041972.0,8.0,
240810,원익IPS,1135941,2024,CFS,BS,재무상태표,총자산,1124147065791.0,1084862841788.0,1121670538661.0,7.0,
240810,원익IPS,1135941,2024,CFS,CF,현금흐름표,투자활동현금흐름,5495162371.0,-46027866311.0,60744469876.0,16.0,원익IPS_2024_투자활동현금흐름
240810,원익IPS,1135941,2024,CFS,CIS,포괄손익계산서,판매비와관리비,125493130741.0,129425432685.0,162287293195.0,9.0,
240810,원익IPS,1135941,2023,CFS,CIS,포괄손익계산서,금융비용,3919074534.0,2038540638.0,103354424.0,20.0,
240810,원익IPS,1135941,2023,CFS,CIS,포괄손익계산서,당기순이익,-13507700947.0,89438212718.0,145116947236.0,30.0,
240810,원익IPS,1135941,2023,CFS,CIS,포괄손익계산서,매출액,690337586778.0,1011484981702.0,1232302198954.0,34.0,원익IPS_2023_매출액
240810,원익IPS,1135941,2023,CFS,CIS,포괄손익계산서,매출원가,414407177962.0,599227531521.0,760681824125.0,16.0,
240810,원익IPS,1135941,2023,CFS,BS,재무상태표,매출채권,73850852902.0,,,,
240810,원익IPS,1135941,2023,CFS,BS,재무상태표,무형자산,22290789947.0,34128765684.0,42986995501.0,19.0,
240810,원익IPS,1135941,2023,CFS,CF,현금흐름표,무형자산의 취득,5052692784.0,5350892438.0,3397835332.0,29.0,
240810,원익IPS,1135941,2023,CFS,CF,현금흐름표,배당금지급,9581070390.0,14479240530.0,9652826000.0,13.0,
240810,원익IPS,1135941,2023,CFS,BS,재무상태표,부채총계,218160246280.0,251943234499.0,366545866913.0,45.0,
240810,원익IPS,1135941,2023,CFS,BS,재무상태표,비유동부채,8604802323.0,3041211501.0,7148857783.0,46.0,
240810,원익IPS,1135941,2023,CFS,CIS,포괄손익계산서,영업이익,-18074991250.0,97554876588.0,164128988758.0,6.0,
240810,원익IPS,1135941,2023,CFS,CF,현금흐름표,영업활동현금흐름,-12315183037.0,28026783322.0,137290457928.0,32.0,원익IPS_2023_영업활동현금흐름
240810,원익IPS,1135941,2023,CFS,BS,재무상태표,유형자산,353690379851.0,367567426771.0,333622496749.0,25.0,
240810,원익IPS,1135941,2023,CFS,CF,현금흐름표,유형자산의 취득,59514153913.0,70027267638.0,97465364012.0,31.0,
240810,원익IPS,1135941,2023,CFS,BS,재무상태표,자본총계,866702595508.0,869727304162.0,801039724502.0,28.0,
240810,원익IPS,1135941,2023,CFS,BS,재무상태표,재고자산,340987647423.0,327143396542.0,330091795160.0,12.0,
240810,원익IPS,1135941,2023,CFS,CF,현금흐름표,재무활동현금흐름,13815950359.0,-27904041972.0,-11025495966.0,8.0,
240810,원익IPS,1135941,2023,CFS,BS,재무상태표,총자산,1084862841788.0,1121670538661.0,1167585591415.0,7.0,
240810,원익IPS,1135941,2023,CFS,CF,현금흐름표,투자활동현금흐름,-46027866311.0,60744469876.0,-223783631960.0,15.0,원익IPS_2023_투자활동현금흐름
240810,원익IPS,1135941,2023,CFS,CIS,포괄손익계산서,판매비와관리비,129425432685.0,162287293195.0,161312029849.0,9.0,
39440,유진테크,531014,2025,CFS,IS,손익계산서,금융비용,1465548901.0,1573232992.0,489919646.0,13.0,
39440,유진테크,531014,2025,CFS,CIS,포괄손익계산서,당기순이익,44481997780.0,65440277257.0,25397015593.0,16.0,
39440,유진테크,531014,2025,CFS,IS,손익계산서,매출액,350324287104.0,338067812312.0,276533350776.0,22.0,유진테크_2025_수익(매출액)
39440,유진테크,531014,2025,CFS,IS,손익계산서,매출원가,179375081597.0,172365011847.0,150882618208.0,9.0,
39440,유진테크,531014,2025,CFS,BS,재무상태표,매출채권,40274185255.0,,,,
39440,유진테크,531014,2025,CFS,BS,재무상태표,무형자산,42292652301.0,39167128049.0,35504158289.0,16.0,
39440,유진테크,531014,2025,CFS,CF,현금흐름표,무형자산의 취득,8411854577.0,8097126872.0,4808351032.0,21.0,
39440,유진테크,531014,2025,CFS,CF,현금흐름표,배당금지급,5112974350.0,4441464650.0,5994627270.0,13.0,
39440,유진테크,531014,2025,CFS,BS,재무상태표,부채총계,89220820383.0,103757408575.0,68514428187.0,43.0,
39440,유진테크,531014,2025,CFS,BS,재무상태표,비유동부채,22305208045.0,20373767638.0,11752114395.0,44.0,
39440,유진테크,531014,2025,CFS,IS,손익계산서,영업이익,51671713116.0,61177012897.0,24325728964.0,6.0,
39440,유진테크,531014,2025,CFS,CF,현금흐름표,영업활동현금흐름,66476818240.0,61502669541.0,47693888794.0,31.0,유진테크_2025_영업활동현금흐름
39440,유진테크,531014,2025,CFS,BS,재무상태표,유형자산,93307768126.0,90945476015.0,92246974103.0,21.0,
39440,유진테크,531014,2025,CFS,CF,현금흐름표,유형자산의 취득,13388716620.0,9115931685.0,11767134802.0,30.0,
39440,유진테크,531014,2025,CFS,BS,재무상태표,자본총계,491392923336.0,435742335000.0,368475409140.0,24.0,
39440,유진테크,531014,2025,CFS,BS,재무상태표,재고자산,91438516149.0,107466325393.0,102172034234.0,11.0,
39440,유진테크,531014,2025,CFS,CF,현금흐름표,재무활동현금흐름,13915177327.0,2912309931.0,-7212064571.0,8.0,
39440,유진테크,531014,2025,CFS,BS,재무상태표,총자산,580613743719.0,539499743575.0,436989837327.0,7.0,
39440,유진테크,531014,2025,CFS,CF,현금흐름표,투자활동현금흐름,-55048153074.0,-75827511736.0,-43146128894.0,15.0,유진테크_2025_투자활동현금흐름
39440,유진테크,531014,2025,CFS,IS,손익계산서,판매비와관리비,119277492391.0,104525787568.0,101325003604.0,23.0,
39440,유진테크,531014,2024,CFS,IS,손익계산서,금융비용,1573232992.0,489919646.0,472215805.0,14.0,
39440,유진테크,531014,2024,CFS,CIS,포괄손익계산서,당기순이익,65440277257.0,25397015593.0,42595162228.0,16.0,
39440,유진테크,531014,2024,CFS,IS,손익계산서,매출액,338067812312.0,276533350776.0,310632917779.0,23.0,유진테크_2024_수익(매출액)
39440,유진테크,531014,2024,CFS,IS,손익계산서,매출원가,172365011847.0,150882618208.0,158927042938.0,10.0,
39440,유진테크,531014,2024,CFS,BS,재무상태표,매출채권,44774580715.0,,,,
39440,유진테크,531014,2024,CFS,BS,재무상태표,무형자산,39167128049.0,35504158289.0,36690931612.0,16.0,
39440,유진테크,531014,2024,CFS,CF,현금흐름표,무형자산의 취득,1425872026.0,955167300.0,123553611.0,24.0,
39440,유진테크,531014,2024,CFS,CF,현금흐름표,배당금지급,4441464650.0,5994627270.0,6049756680.0,13.0,
39440,유진테크,531014,2024,CFS,BS,재무상태표,부채총계,103757408575.0,68514428187.0,87311770380.0,43.0,
39440,유진테크,531014,2024,CFS,BS,재무상태표,비유동부채,20373767638.0,11752114395.0,9741591101.0,44.0,
39440,유진테크,531014,2024,CFS,IS,손익계산서,영업이익,61177012897.0,24325728964.0,53640954367.0,6.0,
39440,유진테크,531014,2024,CFS,CF,현금흐름표,영업활동현금흐름,61502669541.0,47693888794.0,38949017461.0,35.0,유진테크_2024_영업활동현금흐름
39440,유진테크,531014,2024,CFS,BS,재무상태표,유형자산,90945476015.0,92246974103.0,91007507173.0,20.0,
39440,유진테크,531014,2024,CFS,CF,현금흐름표,유형자산의 취득,9115931685.0,11767134802.0,7431321191.0,34.0,
39440,유진테크,531014,2024,CFS,BS,재무상태표,자본총계,435742335000.0,368475409140.0,346702038418.0,23.0,
39440,유진테크,531014,2024,CFS,BS,재무상태표,재고자산,107466325393.0,102172034234.0,117124632525.0,10.0,
39440,유진테크,531014,2024,CFS,CF,현금흐름표,재무활동현금흐름,2912309931.0,-7212064571.0,-12835634754.0,8.0,
39440,유진테크,531014,2024,CFS,BS,재무상태표,총자산,539499743575.0,436989837327.0,434013808798.0,7.0,
39440,유진테크,531014,2024,CFS,CF,현금흐름표,투자활동현금흐름,-75827511736.0,-43146128894.0,-12203339671.0,16.0,유진테크_2024_투자활동현금흐름
39440,유진테크,531014,2024,CFS,IS,손익계산서,판매비와관리비,104525787568.0,101325003604.0,98064920474.0,9.0,
39440,유진테크,531014,2023,CFS,IS,손익계산서,금융비용,489919646.0,472215805.0,352760088.0,14.0,
39440,유진테크,531014,2023,CFS,CIS,포괄손익계산서,당기순이익,25397015593.0,42595162228.0,63193771953.0,16.0,
39440,유진테크,531014,2023,CFS,IS,손익계산서,매출액,276533350776.0,310632917779.0,324575857261.0,23.0,유진테크_2023_수익(매출액)
39440,유진테크,531014,2023,CFS,IS,손익계산서,매출원가,150882618208.0,158927042938.0,170061327901.0,10.0,
39440,유진테크,531014,2023,CFS,BS,재무상태표,매출채권,8324659029.0,,,,
39440,유진테크,531014,2023,CFS,BS,재무상태표,무형자산,35504158289.0,36690931612.0,37962596547.0,16.0,
39440,유진테크,531014,2023,CFS,CF,현금흐름표,무형자산의 취득,80000000.0,123553611.0,211225000.0,23.0,
39440,유진테크,531014,2023,CFS,CF,현금흐름표,배당금지급,5994627270.0,6049756680.0,5141996440.0,13.0,
39440,유진테크,531014,2023,CFS,BS,재무상태표,부채총계,68514428187.0,87311770380.0,72151255240.0,43.0,
39440,유진테크,531014,2023,CFS,BS,재무상태표,비유동부채,11752114395.0,9741591101.0,10350788828.0,44.0,
39440,유진테크,531014,2023,CFS,IS,손익계산서,영업이익,24325728964.0,53640954367.0,73911986136.0,6.0,
39440,유진테크,531014,2023,CFS,CF,현금흐름표,영업활동현금흐름,47693888794.0,38949017461.0,72457608239.0,33.0,유진테크_2023_영업활동현금흐름
39440,유진테크,531014,2023,CFS,BS,재무상태표,유형자산,92246974103.0,91007507173.0,92457030202.0,20.0,
39440,유진테크,531014,2023,CFS,CF,현금흐름표,유형자산의 취득,11767134802.0,7431321191.0,14713619411.0,32.0,
39440,유진테크,531014,2023,CFS,BS,재무상태표,자본총계,368475409140.0,346702038418.0,310740586788.0,23.0,
39440,유진테크,531014,2023,CFS,BS,재무상태표,재고자산,102172034234.0,117124632525.0,78436611157.0,10.0,
39440,유진테크,531014,2023,CFS,CF,현금흐름표,재무활동현금흐름,-7212064571.0,-12835634754.0,715680075.0,8.0,
39440,유진테크,531014,2023,CFS,BS,재무상태표,총자산,436989837327.0,434013808798.0,382891842028.0,7.0,
39440,유진테크,531014,2023,CFS,CF,현금흐름표,투자활동현금흐름,-43146128894.0,-12203339671.0,-66066025501.0,15.0,유진테크_2023_투자활동현금흐름
39440,유진테크,531014,2023,CFS,IS,손익계산서,판매비와관리비,101325003604.0,98064920474.0,80602543224.0,9.0,
11930,이오테크닉스,246417,2025,CFS,CIS,포괄손익계산서,금융비용,18442407493.0,8111438729.0,11546073212.0,23.0,
11930,이오테크닉스,246417,2025,CFS,CIS,포괄손익계산서,당기순이익,57564773290.0,42670270031.0,36393252840.0,32.0,
11930,이오테크닉스,246417,2025,CFS,CIS,포괄손익계산서,매출액,380890608578.0,320945496298.0,316339650431.0,39.0,이오테크닉스_2025_매출액
11930,이오테크닉스,246417,2025,CFS,CIS,포괄손익계산서,매출원가,241791765522.0,231920107107.0,229324513988.0,17.0,
11930,이오테크닉스,246417,2025,CFS,BS,재무상태표,매출채권,87962350487.0,,,,
11930,이오테크닉스,246417,2025,CFS,BS,재무상태표,무형자산,4005488440.0,4777812572.0,5126005757.0,17.0,
11930,이오테크닉스,246417,2025,CFS,CF,현금흐름표,무형자산의 취득,174067717.0,300496653.0,1234302255.0,39.0,
11930,이오테크닉스,246417,2025,CFS,CF,현금흐름표,배당금지급,6051076500.0,5445968850.0,12102153000.0,18.0,
11930,이오테크닉스,246417,2025,CFS,BS,재무상태표,부채총계,89852215834.0,49983890382.0,49219483901.0,39.0,
11930,이오테크닉스,246417,2025,CFS,BS,재무상태표,비유동부채,2027293314.0,1877641956.0,2198012325.0,40.0,
11930,이오테크닉스,246417,2025,CFS,CIS,포괄손익계산서,영업이익,80753274993.0,31201085341.0,30942827030.0,6.0,
11930,이오테크닉스,246417,2025,CFS,CF,현금흐름표,영업활동현금흐름,100287776582.0,55361110767.0,31583430990.0,43.0,이오테크닉스_2025_영업활동현금흐름
11930,이오테크닉스,246417,2025,CFS,BS,재무상태표,유형자산,150316845920.0,134118242370.0,107289088103.0,22.0,
11930,이오테크닉스,246417,2025,CFS,CF,현금흐름표,유형자산의 취득,3906067446.0,63708398226.0,4999568208.0,42.0,
11930,이오테크닉스,246417,2025,CFS,BS,재무상태표,자본총계,687899216493.0,603031420844.0,562459514548.0,24.0,
11930,이오테크닉스,246417,2025,CFS,BS,재무상태표,재고자산,115259279438.0,112465762788.0,134965817874.0,10.0,
11930,이오테크닉스,246417,2025,CFS,CF,현금흐름표,재무활동현금흐름,31690700144.0,-6357568850.0,-15652947543.0,8.0,
11930,이오테크닉스,246417,2025,CFS,BS,재무상태표,총자산,777751432327.0,653015311226.0,611678998449.0,7.0,
11930,이오테크닉스,246417,2025,CFS,CF,현금흐름표,투자활동현금흐름,-115567294480.0,-37576788470.0,25560486612.0,21.0,이오테크닉스_2025_투자활동현금흐름
11930,이오테크닉스,246417,2025,CFS,CIS,포괄손익계산서,판매비와관리비,58345568063.0,57824303850.0,56072309413.0,9.0,
11930,이오테크닉스,246417,2024,CFS,CIS,포괄손익계산서,금융비용,8111438729.0,11546073212.0,19870292144.0,23.0,
11930,이오테크닉스,246417,2024,CFS,CIS,포괄손익계산서,당기순이익,42670270031.0,36393252840.0,77243298170.0,33.0,
11930,이오테크닉스,246417,2024,CFS,CIS,포괄손익계산서,매출액,320945496298.0,316339650431.0,446966212139.0,40.0,이오테크닉스_2024_매출액
11930,이오테크닉스,246417,2024,CFS,CIS,포괄손익계산서,매출원가,231920107107.0,229324513988.0,289624004290.0,17.0,
11930,이오테크닉스,246417,2024,CFS,BS,재무상태표,매출채권,100786950507.0,,,,
11930,이오테크닉스,246417,2024,CFS,BS,재무상태표,무형자산,4777812572.0,5126005757.0,4577619496.0,17.0,
11930,이오테크닉스,246417,2024,CFS,CF,현금흐름표,무형자산의 취득,300496653.0,1234302255.0,133765635.0,37.0,
11930,이오테크닉스,246417,2024,CFS,CF,현금흐름표,배당금지급,5445968850.0,12102153000.0,10998839700.0,18.0,
11930,이오테크닉스,246417,2024,CFS,BS,재무상태표,부채총계,49983890382.0,49219483901.0,76752866702.0,40.0,
11930,이오테크닉스,246417,2024,CFS,BS,재무상태표,비유동부채,1877641956.0,2198012325.0,569239301.0,41.0,
11930,이오테크닉스,246417,2024,CFS,CIS,포괄손익계산서,영업이익,31201085341.0,30942827030.0,97870680608.0,6.0,
11930,이오테크닉스,246417,2024,CFS,CF,현금흐름표,영업활동현금흐름,55361110767.0,31583430990.0,92745130018.0,41.0,이오테크닉스_2024_영업활동현금흐름
11930,이오테크닉스,246417,2024,CFS,BS,재무상태표,유형자산,134118242370.0,107289088103.0,122276822214.0,22.0,
11930,이오테크닉스,246417,2024,CFS,CF,현금흐름표,유형자산의 취득,63708398226.0,4999568208.0,3763326656.0,40.0,
11930,이오테크닉스,246417,2024,CFS,BS,재무상태표,자본총계,603031420844.0,562459514548.0,539114525299.0,24.0,
11930,이오테크닉스,246417,2024,CFS,BS,재무상태표,재고자산,112465762788.0,134965817874.0,161484002115.0,10.0,
11930,이오테크닉스,246417,2024,CFS,CF,현금흐름표,재무활동현금흐름,-6357568850.0,-15652947543.0,-21146395955.0,8.0,
11930,이오테크닉스,246417,2024,CFS,BS,재무상태표,총자산,653015311226.0,611678998449.0,615867392001.0,7.0,
11930,이오테크닉스,246417,2024,CFS,CF,현금흐름표,투자활동현금흐름,-37576788470.0,25560486612.0,-5843240872.0,20.0,이오테크닉스_2024_투자활동현금흐름
11930,이오테크닉스,246417,2024,CFS,CIS,포괄손익계산서,판매비와관리비,57824303850.0,56072309413.0,59471527241.0,9.0,
11930,이오테크닉스,246417,2023,CFS,CIS,포괄손익계산서,금융비용,11546073212.0,19870292144.0,4450768578.0,19.0,
11930,이오테크닉스,246417,2023,CFS,CIS,포괄손익계산서,당기순이익,36393252840.0,77243298170.0,72349781263.0,29.0,
11930,이오테크닉스,246417,2023,CFS,CIS,포괄손익계산서,매출액,316384019477.0,447157589742.0,390860189675.0,34.0,이오테크닉스_2023_수익(매출액)
11930,이오테크닉스,246417,2023,CFS,CIS,포괄손익계산서,매출원가,231243276445.0,294390765507.0,260175874923.0,15.0,
11930,이오테크닉스,246417,2023,CFS,BS,재무상태표,매출채권,83501574936.0,,,,
11930,이오테크닉스,246417,2023,CFS,BS,재무상태표,무형자산,5126005757.0,4577619496.0,5217289961.0,17.0,
11930,이오테크닉스,246417,2023,CFS,CF,현금흐름표,무형자산의 취득,1234302255.0,133765635.0,479675249.0,37.0,
11930,이오테크닉스,246417,2023,CFS,CF,현금흐름표,배당금지급,12102153000.0,10998839700.0,3666279900.0,18.0,
11930,이오테크닉스,246417,2023,CFS,BS,재무상태표,부채총계,49219483901.0,76752866702.0,81264752770.0,39.0,
11930,이오테크닉스,246417,2023,CFS,BS,재무상태표,비유동부채,2198012325.0,569239301.0,598394506.0,40.0,
11930,이오테크닉스,246417,2023,CFS,CIS,포괄손익계산서,영업이익,28334755251.0,92798680886.0,78136358339.0,6.0,
11930,이오테크닉스,246417,2023,CFS,CF,현금흐름표,영업활동현금흐름,31583430990.0,92745130018.0,1562854076.0,39.0,이오테크닉스_2023_영업활동현금흐름
11930,이오테크닉스,246417,2023,CFS,BS,재무상태표,유형자산,107289088103.0,122276822214.0,129289721020.0,21.0,
11930,이오테크닉스,246417,2023,CFS,CF,현금흐름표,유형자산의 취득,4999568208.0,3763326656.0,5190909383.0,38.0,
11930,이오테크닉스,246417,2023,CFS,BS,재무상태표,자본총계,562459514548.0,539114525299.0,484779830689.0,23.0,
11930,이오테크닉스,246417,2023,CFS,BS,재무상태표,재고자산,134965817874.0,161484002115.0,147092523237.0,10.0,
11930,이오테크닉스,246417,2023,CFS,CF,현금흐름표,재무활동현금흐름,-15652947543.0,-21146395955.0,-3196720846.0,8.0,
11930,이오테크닉스,246417,2023,CFS,BS,재무상태표,총자산,611678998449.0,615867392001.0,566044583459.0,7.0,
11930,이오테크닉스,246417,2023,CFS,CF,현금흐름표,투자활동현금흐름,25560486612.0,-5843240872.0,-6890070591.0,19.0,이오테크닉스_2023_투자활동현금흐름
11930,이오테크닉스,246417,2023,CFS,CIS,포괄손익계산서,판매비와관리비,56805987781.0,59968143349.0,52547956413.0,9.0,
90460,제주반도체,447487,2025,CFS,CIS,포괄손익계산서,금융비용,1512495505.0,807426436.0,771517789.0,23.0,
90460,제주반도체,447487,2025,CFS,CIS,포괄손익계산서,당기순이익,39499088944.0,19405207353.0,16919765330.0,32.0,
90460,제주반도체,447487,2025,CFS,CIS,포괄손익계산서,매출액,302230571186.0,162349945455.0,145899793599.0,43.0,제주반도체_2025_수익(매출액)
90460,제주반도체,447487,2025,CFS,CIS,포괄손익계산서,매출원가,238271136814.0,126942043607.0,108282685489.0,15.0,
90460,제주반도체,447487,2025,CFS,BS,재무상태표,매출채권,99655779518.0,,,,
90460,제주반도체,447487,2025,CFS,BS,재무상태표,무형자산,1166012526.0,932922145.0,926236262.0,19.0,
90460,제주반도체,447487,2025,CFS,CF,현금흐름표,무형자산의 취득,200000000.0,262549090.0,4881200.0,33.0,
90460,제주반도체,447487,2025,CFS,CF,현금흐름표,배당금지급,0.0,1080000000.0,,17.0,
90460,제주반도체,447487,2025,CFS,BS,재무상태표,부채총계,108883598978.0,41193831641.0,40104977649.0,44.0,
90460,제주반도체,447487,2025,CFS,BS,재무상태표,비유동부채,9900650875.0,2934276123.0,2501960281.0,45.0,
90460,제주반도체,447487,2025,CFS,CIS,포괄손익계산서,영업이익,35873972312.0,9581360274.0,17838425308.0,6.0,
90460,제주반도체,447487,2025,CFS,CF,현금흐름표,영업활동현금흐름,25554903161.0,-9682087226.0,2510859925.0,35.0,제주반도체_2025_영업활동현금흐름
90460,제주반도체,447487,2025,CFS,BS,재무상태표,유형자산,5402056339.0,4742231292.0,3815573803.0,24.0,
90460,제주반도체,447487,2025,CFS,CF,현금흐름표,유형자산의 취득,2524757610.0,2591267073.0,1865308613.0,34.0,
90460,제주반도체,447487,2025,CFS,BS,재무상태표,자본총계,227104505361.0,184233770184.0,158568405147.0,27.0,
90460,제주반도체,447487,2025,CFS,BS,재무상태표,재고자산,94675960893.0,100119776057.0,72776992063.0,12.0,
90460,제주반도체,447487,2025,CFS,CF,현금흐름표,재무활동현금흐름,35475132531.0,10017987915.0,1345669255.0,8.0,
90460,제주반도체,447487,2025,CFS,BS,재무상태표,총자산,335988104339.0,225427601825.0,198673382796.0,7.0,
90460,제주반도체,447487,2025,CFS,CF,현금흐름표,투자활동현금흐름,4591699774.0,-1113592600.0,-3028003579.0,18.0,제주반도체_2025_투자활동현금흐름
90460,제주반도체,447487,2025,CFS,CIS,포괄손익계산서,판매비와관리비,28085462060.0,25826541574.0,19778682802.0,9.0,
90460,제주반도체,447487,2024,CFS,CIS,포괄손익계산서,금융비용,807426436.0,771517789.0,472360163.0,23.0,
90460,제주반도체,447487,2024,CFS,CIS,포괄손익계산서,당기순이익,19405207353.0,16919765330.0,24706325265.0,32.0,
90460,제주반도체,447487,2024,CFS,CIS,포괄손익계산서,매출액,162349945455.0,145899793599.0,158258062887.0,43.0,제주반도체_2024_수익(매출액)
90460,제주반도체,447487,2024,CFS,CIS,포괄손익계산서,매출원가,126942043607.0,108282685489.0,114129708015.0,15.0,
90460,제주반도체,447487,2024,CFS,BS,재무상태표,매출채권,65241815468.0,,,,
90460,제주반도체,447487,2024,CFS,BS,재무상태표,무형자산,932922145.0,926236262.0,1083215500.0,18.0,
90460,제주반도체,447487,2024,CFS,CF,현금흐름표,무형자산의 취득,262549090.0,4881200.0,311006853.0,30.0,
90460,제주반도체,447487,2024,CFS,CF,현금흐름표,배당금지급,1080000000.0,,,16.0,
90460,제주반도체,447487,2024,CFS,BS,재무상태표,부채총계,41193831641.0,40104977649.0,33296879479.0,42.0,
90460,제주반도체,447487,2024,CFS,BS,재무상태표,비유동부채,2934276123.0,2501960281.0,1339179813.0,43.0,
90460,제주반도체,447487,2024,CFS,CIS,포괄손익계산서,영업이익,9581360274.0,17838425308.0,26316133964.0,6.0,
90460,제주반도체,447487,2024,CFS,CF,현금흐름표,영업활동현금흐름,-9682087226.0,2510859925.0,-2177606726.0,32.0,제주반도체_2024_영업활동현금흐름
90460,제주반도체,447487,2024,CFS,BS,재무상태표,유형자산,4742231292.0,3815573803.0,4628822451.0,22.0,
90460,제주반도체,447487,2024,CFS,CF,현금흐름표,유형자산의 취득,2591267073.0,1865308613.0,867195216.0,31.0,
90460,제주반도체,447487,2024,CFS,BS,재무상태표,자본총계,184233770184.0,158568405147.0,142701993193.0,25.0,
90460,제주반도체,447487,2024,CFS,BS,재무상태표,재고자산,100119776057.0,72776992063.0,75640275110.0,12.0,
90460,제주반도체,447487,2024,CFS,CF,현금흐름표,재무활동현금흐름,10017987915.0,1345669255.0,-156267348.0,8.0,
90460,제주반도체,447487,2024,CFS,BS,재무상태표,총자산,225427601825.0,198673382796.0,175998872672.0,7.0,
90460,제주반도체,447487,2024,CFS,CF,현금흐름표,투자활동현금흐름,-1113592600.0,-3028003579.0,-2847881243.0,17.0,제주반도체_2024_투자활동현금흐름
90460,제주반도체,447487,2024,CFS,CIS,포괄손익계산서,판매비와관리비,25826541574.0,19778682802.0,17812220908.0,9.0,
90460,제주반도체,447487,2023,CFS,CIS,포괄손익계산서,금융비용,771517789.0,472360163.0,6227101896.0,23.0,
90460,제주반도체,447487,2023,CFS,CIS,포괄손익계산서,당기순이익,16919765330.0,24706325265.0,12801281459.0,32.0,
90460,제주반도체,447487,2023,CFS,CIS,포괄손익계산서,매출액,145899793599.0,158258062887.0,176599277559.0,43.0,제주반도체_2023_수익(매출액)
90460,제주반도체,447487,2023,CFS,CIS,포괄손익계산서,매출원가,108282685489.0,114129708015.0,138511826703.0,15.0,
90460,제주반도체,447487,2023,CFS,BS,재무상태표,매출채권,65253385400.0,,,,
90460,제주반도체,447487,2023,CFS,BS,재무상태표,무형자산,926236262.0,1083215500.0,911161134.0,18.0,
90460,제주반도체,447487,2023,CFS,CF,현금흐름표,무형자산의 취득,4881200.0,311006853.0,682770364.0,34.0,
90460,제주반도체,447487,2023,CFS,CF,현금흐름표,배당금지급,0.0,0.0,0.0,,
90460,제주반도체,447487,2023,CFS,BS,재무상태표,부채총계,40104977649.0,33296879479.0,50856121687.0,44.0,
90460,제주반도체,447487,2023,CFS,BS,재무상태표,비유동부채,2501960281.0,1339179813.0,5143609683.0,45.0,
90460,제주반도체,447487,2023,CFS,CIS,포괄손익계산서,영업이익,17838425308.0,26316133964.0,18848017337.0,6.0,
90460,제주반도체,447487,2023,CFS,CF,현금흐름표,영업활동현금흐름,2510859925.0,-2177606726.0,7283157207.0,36.0,제주반도체_2023_영업활동현금흐름
90460,제주반도체,447487,2023,CFS,BS,재무상태표,유형자산,3815573803.0,4628822451.0,7592162813.0,23.0,
90460,제주반도체,447487,2023,CFS,CF,현금흐름표,유형자산의 취득,1865308613.0,867195216.0,3324936960.0,35.0,
90460,제주반도체,447487,2023,CFS,BS,재무상태표,자본총계,158568405147.0,142701993193.0,117098919409.0,26.0,
90460,제주반도체,447487,2023,CFS,BS,재무상태표,재고자산,72776992063.0,75640275110.0,56609670050.0,12.0,
90460,제주반도체,447487,2023,CFS,CF,현금흐름표,재무활동현금흐름,1345669255.0,-156267348.0,-10514606888.0,8.0,
90460,제주반도체,447487,2023,CFS,BS,재무상태표,총자산,198673382796.0,175998872672.0,167955041096.0,7.0,
90460,제주반도체,447487,2023,CFS,CF,현금흐름표,투자활동현금흐름,-3028003579.0,-2847881243.0,-4673129593.0,20.0,제주반도체_2023_투자활동현금흐름
90460,제주반도체,447487,2023,CFS,CIS,포괄손익계산서,판매비와관리비,19778682802.0,17812220908.0,19239433519.0,9.0,
36930,주성엔지니어링,252135,2025,CFS,CIS,포괄손익계산서,금융비용,3889397070.0,3644086629.0,4010267729.0,17.0,
36930,주성엔지니어링,252135,2025,CFS,CIS,포괄손익계산서,당기순이익,35693416702.0,106814110967.0,34000802285.0,28.0,
36930,주성엔지니어링,252135,2025,CFS,CIS,포괄손익계산서,매출액,310692584812.0,409393371588.0,284745246660.0,32.0,주성엔지니어링_2025_수익(매출액)
36930,주성엔지니어링,252135,2025,CFS,CIS,포괄손익계산서,매출원가,133384151221.0,160426587805.0,134641732223.0,13.0,
36930,주성엔지니어링,252135,2025,CFS,BS,재무상태표,매출채권,12044838454.0,,,,
36930,주성엔지니어링,252135,2025,CFS,BS,재무상태표,무형자산,8066677120.0,7827628032.0,6507633257.0,19.0,
36930,주성엔지니어링,252135,2025,CFS,CF,현금흐름표,무형자산의 취득,,,,,
36930,주성엔지니어링,252135,2025,CFS,CF,현금흐름표,배당금지급,13114155614.0,2363416050.0,9231716034.0,98.0,
36930,주성엔지니어링,252135,2025,CFS,BS,재무상태표,부채총계,297436347858.0,420234495676.0,290513573540.0,45.0,
36930,주성엔지니어링,252135,2025,CFS,BS,재무상태표,비유동부채,229387382970.0,228529567825.0,228965242758.0,46.0,
36930,주성엔지니어링,252135,2025,CFS,CIS,포괄손익계산서,영업이익,31257811742.0,97196211588.0,28937462812.0,6.0,
36930,주성엔지니어링,252135,2025,CFS,CF,현금흐름표,영업활동현금흐름,-30678160138.0,224672730163.0,886629703.0,46.0,주성엔지니어링_2025_영업활동현금흐름
36930,주성엔지니어링,252135,2025,CFS,BS,재무상태표,유형자산,325891187527.0,305672976464.0,289692065567.0,25.0,
36930,주성엔지니어링,252135,2025,CFS,CF,현금흐름표,유형자산의 취득,39882652553.0,30999739416.0,14431416647.0,31.0,
36930,주성엔지니어링,252135,2025,CFS,BS,재무상태표,자본총계,590456566398.0,566590299600.0,514747817845.0,28.0,
36930,주성엔지니어링,252135,2025,CFS,BS,재무상태표,재고자산,59944509109.0,100631506244.0,81347141954.0,13.0,
36930,주성엔지니어링,252135,2025,CFS,CF,현금흐름표,재무활동현금흐름,-828559000.0,-50682778850.0,-10166855840.0,8.0,
36930,주성엔지니어링,252135,2025,CFS,BS,재무상태표,총자산,887892914256.0,986824795276.0,805261391385.0,7.0,
36930,주성엔지니어링,252135,2025,CFS,CF,현금흐름표,투자활동현금흐름,-53872736602.0,-40332274846.0,-1171928652.0,13.0,주성엔지니어링_2025_투자활동현금흐름
36930,주성엔지니어링,252135,2025,CFS,CIS,포괄손익계산서,판매비와관리비,146050621849.0,151770572195.0,121166051625.0,9.0,
36930,주성엔지니어링,252135,2024,CFS,CIS,포괄손익계산서,금융비용,3644086629.0,4010267729.0,3565107825.0,17.0,
36930,주성엔지니어링,252135,2024,CFS,CIS,포괄손익계산서,당기순이익,106814110967.0,34000802285.0,106171290850.0,28.0,
36930,주성엔지니어링,252135,2024,CFS,CIS,포괄손익계산서,매출액,409393371588.0,284745246660.0,437938720318.0,32.0,주성엔지니어링_2024_수익(매출액)
36930,주성엔지니어링,252135,2024,CFS,CIS,포괄손익계산서,매출원가,160426587805.0,134641732223.0,190361927771.0,13.0,
36930,주성엔지니어링,252135,2024,CFS,BS,재무상태표,매출채권,28679281912.0,,,,
36930,주성엔지니어링,252135,2024,CFS,BS,재무상태표,무형자산,7827628032.0,6507633257.0,6222934885.0,19.0,
36930,주성엔지니어링,252135,2024,CFS,CF,현금흐름표,무형자산의 취득,,,,,
36930,주성엔지니어링,252135,2024,CFS,CF,현금흐름표,배당금지급,2363416050.0,9231716034.0,7478627860.0,97.0,
36930,주성엔지니어링,252135,2024,CFS,BS,재무상태표,부채총계,420234495676.0,290513573540.0,348454879955.0,46.0,
36930,주성엔지니어링,252135,2024,CFS,BS,재무상태표,비유동부채,228529567825.0,228965242758.0,221177962580.0,47.0,
36930,주성엔지니어링,252135,2024,CFS,CIS,포괄손익계산서,영업이익,97196211588.0,28937462812.0,123884000542.0,6.0,
36930,주성엔지니어링,252135,2024,CFS,CF,현금흐름표,영업활동현금흐름,224672730163.0,886629703.0,100995569624.0,48.0,주성엔지니어링_2024_영업활동현금흐름
36930,주성엔지니어링,252135,2024,CFS,BS,재무상태표,유형자산,305672976464.0,289692065567.0,283001522140.0,26.0,
36930,주성엔지니어링,252135,2024,CFS,CF,현금흐름표,유형자산의 취득,30999739416.0,14431416647.0,36664052962.0,32.0,
36930,주성엔지니어링,252135,2024,CFS,BS,재무상태표,자본총계,566590299600.0,514747817845.0,484608319076.0,29.0,
36930,주성엔지니어링,252135,2024,CFS,BS,재무상태표,재고자산,100631506244.0,81347141954.0,99152944370.0,14.0,
36930,주성엔지니어링,252135,2024,CFS,CF,현금흐름표,재무활동현금흐름,-50682778850.0,-10166855840.0,-48392963980.0,8.0,
36930,주성엔지니어링,252135,2024,CFS,BS,재무상태표,총자산,986824795276.0,805261391385.0,833063199031.0,7.0,
36930,주성엔지니어링,252135,2024,CFS,CF,현금흐름표,투자활동현금흐름,-40332274846.0,-1171928652.0,-48396816601.0,13.0,주성엔지니어링_2024_투자활동현금흐름
36930,주성엔지니어링,252135,2024,CFS,CIS,포괄손익계산서,판매비와관리비,151770572195.0,121166051625.0,123692792005.0,9.0,
36930,주성엔지니어링,252135,2023,CFS,CIS,포괄손익계산서,금융비용,4010267729.0,3565107825.0,5934943419.0,18.0,
36930,주성엔지니어링,252135,2023,CFS,CIS,포괄손익계산서,당기순이익,34000802285.0,106171290850.0,145503481733.0,29.0,
36930,주성엔지니어링,252135,2023,CFS,CIS,포괄손익계산서,매출액,284745246660.0,437938720318.0,377294631076.0,33.0,주성엔지니어링_2023_매출액
36930,주성엔지니어링,252135,2023,CFS,CIS,포괄손익계산서,매출원가,134641732223.0,190361927771.0,183611737071.0,14.0,
36930,주성엔지니어링,252135,2023,CFS,BS,재무상태표,매출채권,17044011686.0,,,,
36930,주성엔지니어링,252135,2023,CFS,BS,재무상태표,무형자산,6507633257.0,6222934885.0,5416707869.0,18.0,
36930,주성엔지니어링,252135,2023,CFS,CF,현금흐름표,무형자산의 취득,,,,,
36930,주성엔지니어링,252135,2023,CFS,CF,현금흐름표,배당금지급,9231716034.0,7478627860.0,-1539072000.0,104.0,
36930,주성엔지니어링,252135,2023,CFS,BS,재무상태표,부채총계,290513573540.0,348454879955.0,342264093986.0,46.0,
36930,주성엔지니어링,252135,2023,CFS,BS,재무상태표,비유동부채,228965242758.0,221177962580.0,207397835376.0,47.0,
36930,주성엔지니어링,252135,2023,CFS,CIS,포괄손익계산서,영업이익,28937462812.0,123884000542.0,102611062636.0,6.0,
36930,주성엔지니어링,252135,2023,CFS,CF,현금흐름표,영업활동현금흐름,886629703.0,100995569624.0,110703979209.0,54.0,주성엔지니어링_2023_영업활동현금흐름
36930,주성엔지니어링,252135,2023,CFS,BS,재무상태표,유형자산,289692065567.0,283001522140.0,235086404219.0,25.0,
36930,주성엔지니어링,252135,2023,CFS,CF,현금흐름표,유형자산의 취득,14431416647.0,36664052962.0,23337242137.0,36.0,
36930,주성엔지니어링,252135,2023,CFS,BS,재무상태표,자본총계,514747817845.0,484608319076.0,369635316368.0,28.0,
36930,주성엔지니어링,252135,2023,CFS,BS,재무상태표,재고자산,81347141954.0,99152944370.0,58645155635.0,14.0,
36930,주성엔지니어링,252135,2023,CFS,CF,현금흐름표,재무활동현금흐름,-10166855840.0,-48392963980.0,-18027143092.0,8.0,
36930,주성엔지니어링,252135,2023,CFS,BS,재무상태표,총자산,805261391385.0,833063199031.0,711899410354.0,7.0,
36930,주성엔지니어링,252135,2023,CFS,CF,현금흐름표,투자활동현금흐름,-1171928652.0,-48396816601.0,6947517717.0,18.0,주성엔지니어링_2023_투자활동현금흐름
36930,주성엔지니어링,252135,2023,CFS,CIS,포괄손익계산서,판매비와관리비,121166051625.0,123692792005.0,91071831369.0,10.0,
63770,케이씨텍,1261893,2025,CFS,CIS,포괄손익계산서,금융비용,127929945.0,190212444.0,205642879.0,17.0,
63770,케이씨텍,1261893,2025,CFS,CIS,포괄손익계산서,당기순이익,53392149112.0,52685900043.0,31700589259.0,24.0,
63770,케이씨텍,1261893,2025,CFS,CIS,포괄손익계산서,매출액,382856574357.0,385433971366.0,286909703428.0,28.0,케이씨텍_2025_수익(매출액)
63770,케이씨텍,1261893,2025,CFS,CIS,포괄손익계산서,매출원가,240360746101.0,261642260644.0,188541203716.0,13.0,
63770,케이씨텍,1261893,2025,CFS,BS,재무상태표,매출채권,27321240452.0,,,,
63770,케이씨텍,1261893,2025,CFS,BS,재무상태표,무형자산,6797197792.0,6706743304.0,6301141382.0,20.0,
63770,케이씨텍,1261893,2025,CFS,CF,현금흐름표,무형자산의 취득,1092199303.0,1836872179.0,799103282.0,24.0,
63770,케이씨텍,1261893,2025,CFS,CF,현금흐름표,배당금지급,5326738470.0,3652210980.0,5072515250.0,10.0,
63770,케이씨텍,1261893,2025,CFS,BS,재무상태표,부채총계,70239710112.0,67292470772.0,47337825408.0,43.0,
63770,케이씨텍,1261893,2025,CFS,BS,재무상태표,비유동부채,4661568726.0,5402589307.0,5247671120.0,44.0,
63770,케이씨텍,1261893,2025,CFS,CIS,포괄손익계산서,영업이익,59965538593.0,49783492468.0,32703769328.0,6.0,
63770,케이씨텍,1261893,2025,CFS,CF,현금흐름표,영업활동현금흐름,60157388920.0,99914197521.0,26586463049.0,26.0,케이씨텍_2025_영업활동현금흐름
63770,케이씨텍,1261893,2025,CFS,BS,재무상태표,유형자산,110063472842.0,93854435894.0,97432358264.0,24.0,
63770,케이씨텍,1261893,2025,CFS,CF,현금흐름표,유형자산의 취득,27532447916.0,10143694553.0,12914522361.0,25.0,
63770,케이씨텍,1261893,2025,CFS,BS,재무상태표,자본총계,530239452127.0,481848727958.0,452613440707.0,29.0,
63770,케이씨텍,1261893,2025,CFS,BS,재무상태표,재고자산,83793544849.0,64923822305.0,83490176900.0,13.0,
63770,케이씨텍,1261893,2025,CFS,CF,현금흐름표,재무활동현금흐름,-7649989333.0,-26092237792.0,-7233001460.0,8.0,
63770,케이씨텍,1261893,2025,CFS,BS,재무상태표,총자산,600479162239.0,549141198730.0,499951266115.0,7.0,
63770,케이씨텍,1261893,2025,CFS,CF,현금흐름표,투자활동현금흐름,-105657096284.0,-49105252703.0,18144211143.0,12.0,케이씨텍_2025_투자활동현금흐름
63770,케이씨텍,1261893,2025,CFS,CIS,포괄손익계산서,판매비와관리비,82530289663.0,74008218254.0,65664730384.0,9.0,
63770,케이씨텍,1261893,2024,OFS,CIS,포괄손익계산서,금융비용,190212444.0,205642879.0,134174351.0,15.0,
63770,케이씨텍,1261893,2024,OFS,CIS,포괄손익계산서,당기순이익,52685900043.0,31700589259.0,55385938675.0,20.0,
63770,케이씨텍,1261893,2024,OFS,CIS,포괄손익계산서,매출액,385433971366.0,286909703428.0,378192950172.0,22.0,케이씨텍_2024_매출
63770,케이씨텍,1261893,2024,OFS,CIS,포괄손익계산서,매출원가,261642260644.0,188541203716.0,247096356388.0,11.0,
63770,케이씨텍,1261893,2024,OFS,BS,재무상태표,매출채권,30882685899.0,,,,
63770,케이씨텍,1261893,2024,OFS,BS,재무상태표,무형자산,6706743304.0,6301141382.0,6427050983.0,21.0,
63770,케이씨텍,1261893,2024,OFS,CF,현금흐름표,무형자산의 취득,1836872179.0,799103282.0,1108517196.0,23.0,
63770,케이씨텍,1261893,2024,OFS,CF,현금흐름표,배당금지급,3652210980.0,5072515250.0,4588491160.0,11.0,
63770,케이씨텍,1261893,2024,OFS,BS,재무상태표,부채총계,67292470772.0,47337825408.0,57327965096.0,42.0,
63770,케이씨텍,1261893,2024,OFS,BS,재무상태표,비유동부채,5402589307.0,5247671120.0,5001499088.0,43.0,
63770,케이씨텍,1261893,2024,OFS,CIS,포괄손익계산서,영업이익,49783492468.0,32703769328.0,60336560528.0,6.0,
63770,케이씨텍,1261893,2024,OFS,CF,현금흐름표,영업활동현금흐름,99914197521.0,26586463049.0,55463848484.0,25.0,케이씨텍_2024_영업활동현금흐름
63770,케이씨텍,1261893,2024,OFS,BS,재무상태표,유형자산,93854435894.0,97432358264.0,96312385976.0,24.0,
63770,케이씨텍,1261893,2024,OFS,CF,현금흐름표,유형자산의 취득,10143694553.0,12914522361.0,13854710613.0,24.0,
63770,케이씨텍,1261893,2024,OFS,BS,재무상태표,자본총계,481848727958.0,452613440707.0,425985366698.0,28.0,
63770,케이씨텍,1261893,2024,OFS,BS,재무상태표,재고자산,64923822305.0,83490176900.0,58102534254.0,13.0,
63770,케이씨텍,1261893,2024,OFS,CF,현금흐름표,재무활동현금흐름,-26092237792.0,-7233001460.0,-16069964967.0,8.0,
63770,케이씨텍,1261893,2024,OFS,BS,재무상태표,총자산,549141198730.0,499951266115.0,483313331794.0,7.0,
63770,케이씨텍,1261893,2024,OFS,CF,현금흐름표,투자활동현금흐름,-49105252703.0,18144211143.0,-67981740896.0,12.0,케이씨텍_2024_투자활동현금흐름
63770,케이씨텍,1261893,2024,OFS,CIS,포괄손익계산서,판매비와관리비,74008218254.0,65664730384.0,70760033256.0,9.0,
63770,케이씨텍,1261893,2023,OFS,CIS,포괄손익계산서,금융비용,205642879.0,134174351.0,53101042.0,14.0,
63770,케이씨텍,1261893,2023,OFS,CIS,포괄손익계산서,당기순이익,31700589259.0,55385938675.0,41946593487.0,19.0,
63770,케이씨텍,1261893,2023,OFS,CIS,포괄손익계산서,매출액,286909703428.0,378192950172.0,344546239687.0,21.0,케이씨텍_2023_매출
63770,케이씨텍,1261893,2023,OFS,CIS,포괄손익계산서,매출원가,188541203716.0,247096356388.0,237853302972.0,11.0,
63770,케이씨텍,1261893,2023,OFS,BS,재무상태표,매출채권,23596344373.0,,,,
63770,케이씨텍,1261893,2023,OFS,BS,재무상태표,무형자산,6301141382.0,6427050983.0,5779130369.0,19.0,
63770,케이씨텍,1261893,2023,OFS,CF,현금흐름표,무형자산의 취득,799103282.0,1108517196.0,1347145506.0,20.0,
63770,케이씨텍,1261893,2023,OFS,CF,현금흐름표,배당금지급,5072515250.0,4588491160.0,4588491160.0,11.0,
63770,케이씨텍,1261893,2023,OFS,BS,재무상태표,부채총계,47337825408.0,57327965096.0,67862265059.0,41.0,
63770,케이씨텍,1261893,2023,OFS,BS,재무상태표,비유동부채,5247671120.0,5001499088.0,3826062125.0,42.0,
63770,케이씨텍,1261893,2023,OFS,CIS,포괄손익계산서,영업이익,32703769328.0,60336560528.0,52101772598.0,6.0,
63770,케이씨텍,1261893,2023,OFS,CF,현금흐름표,영업활동현금흐름,26586463049.0,55463848484.0,41084412719.0,22.0,케이씨텍_2023_영업활동현금흐름
63770,케이씨텍,1261893,2023,OFS,BS,재무상태표,유형자산,97432358264.0,96312385976.0,98251539063.0,23.0,
63770,케이씨텍,1261893,2023,OFS,CF,현금흐름표,유형자산의 취득,12914522361.0,13854710613.0,23355929726.0,21.0,
63770,케이씨텍,1261893,2023,OFS,BS,재무상태표,자본총계,452613440707.0,425985366698.0,385163372483.0,27.0,
63770,케이씨텍,1261893,2023,OFS,BS,재무상태표,재고자산,83490176900.0,58102534254.0,54894220976.0,13.0,
63770,케이씨텍,1261893,2023,OFS,CF,현금흐름표,재무활동현금흐름,-7233001460.0,-16069964967.0,-5641249299.0,8.0,
63770,케이씨텍,1261893,2023,OFS,BS,재무상태표,총자산,499951266115.0,483313331794.0,453025637542.0,7.0,
63770,케이씨텍,1261893,2023,OFS,CF,현금흐름표,투자활동현금흐름,18144211143.0,-67981740896.0,-13303683294.0,12.0,케이씨텍_2023_투자활동현금흐름
63770,케이씨텍,1261893,2023,OFS,CIS,포괄손익계산서,판매비와관리비,65664730384.0,70760033256.0,54591164117.0,9.0,
54450,코미코,997812,2025,CFS,CIS,포괄손익계산서,금융비용,29411978673.0,15234422155.0,10764957664.0,20.0,
54450,코미코,997812,2025,CFS,CIS,포괄손익계산서,당기순이익,77237204024.0,87845843289.0,45511244117.0,31.0,
54450,코미코,997812,2025,CFS,CIS,포괄손익계산서,매출액,604110117086.0,507138644286.0,307266896921.0,36.0,코미코_2025_매출액
54450,코미코,997812,2025,CFS,CIS,포괄손익계산서,매출원가,343492078624.0,272328834755.0,190582534093.0,16.0,
54450,코미코,997812,2025,CFS,BS,재무상태표,매출채권,84131497430.0,,,,
54450,코미코,997812,2025,CFS,BS,재무상태표,무형자산,13118805603.0,10529672629.0,7289766182.0,19.0,
54450,코미코,997812,2025,CFS,CF,현금흐름표,무형자산의 취득,2051404908.0,2434571791.0,733741034.0,42.0,
54450,코미코,997812,2025,CFS,CF,현금흐름표,배당금지급,15854315810.0,6993809400.0,9940569000.0,20.0,
54450,코미코,997812,2025,CFS,BS,재무상태표,부채총계,660430838015.0,424624460497.0,305922619817.0,47.0,
54450,코미코,997812,2025,CFS,BS,재무상태표,비유동부채,333196097405.0,148565055414.0,154946099933.0,48.0,
54450,코미코,997812,2025,CFS,CIS,포괄손익계산서,영업이익,110992280574.0,112461653836.0,33028446745.0,7.0,
54450,코미코,997812,2025,CFS,CF,현금흐름표,영업활동현금흐름,38221369716.0,115629051097.0,65166242206.0,45.0,코미코_2025_영업활동현금흐름
54450,코미코,997812,2025,CFS,BS,재무상태표,유형자산,639019680081.0,402924648050.0,276799284258.0,24.0,
54450,코미코,997812,2025,CFS,CF,현금흐름표,유형자산의 취득,217670719233.0,153372481050.0,32876785043.0,44.0,
54450,코미코,997812,2025,CFS,BS,재무상태표,자본총계,369806052244.0,375718062479.0,287980197096.0,26.0,
54450,코미코,997812,2025,CFS,BS,재무상태표,재고자산,58605927048.0,44661443147.0,34691056013.0,12.0,
54450,코미코,997812,2025,CFS,CF,현금흐름표,재무활동현금흐름,155572314769.0,61040453560.0,106483944844.0,8.0,
54450,코미코,997812,2025,CFS,BS,재무상태표,총자산,1030236890259.0,800342522976.0,593902816913.0,7.0,
54450,코미코,997812,2025,CFS,CF,현금흐름표,투자활동현금흐름,-254008859517.0,-148527123147.0,-105292714093.0,25.0,코미코_2025_투자활동현금흐름
54450,코미코,997812,2025,CFS,CIS,포괄손익계산서,판매비와관리비,148025692578.0,121923981855.0,83519591378.0,11.0,
54450,코미코,997812,2024,CFS,CIS,포괄손익계산서,금융비용,15234422155.0,10764957664.0,6351026673.0,30.0,
54450,코미코,997812,2024,CFS,CIS,포괄손익계산서,당기순이익,87845843289.0,45511244117.0,41966780348.0,31.0,
54450,코미코,997812,2024,CFS,CIS,포괄손익계산서,매출액,507138644286.0,307266896921.0,288376003971.0,36.0,
54450,코미코,997812,2024,CFS,CIS,포괄손익계산서,매출원가,272328834755.0,190582534093.0,161865183969.0,16.0,
54450,코미코,997812,2024,CFS,BS,재무상태표,매출채권,65973072544.0,,,,
54450,코미코,997812,2024,CFS,BS,재무상태표,무형자산,10529672629.0,7289766182.0,4259817989.0,18.0,
54450,코미코,997812,2024,CFS,CF,현금흐름표,무형자산의 취득,2434571791.0,733741034.0,32189258.0,41.0,
54450,코미코,997812,2024,CFS,CF,현금흐름표,배당금지급,6993809400.0,9940569000.0,5490662100.0,20.0,
54450,코미코,997812,2024,CFS,BS,재무상태표,부채총계,424624460497.0,305922619817.0,130129928564.0,47.0,
54450,코미코,997812,2024,CFS,BS,재무상태표,비유동부채,148565055414.0,154946099933.0,44188789048.0,48.0,
54450,코미코,997812,2024,CFS,CIS,포괄손익계산서,영업이익,112461653836.0,33028446745.0,55397524906.0,7.0,
54450,코미코,997812,2024,CFS,CF,현금흐름표,영업활동현금흐름,115629051097.0,65166242206.0,78653491845.0,44.0,코미코_2024_영업활동현금흐름
54450,코미코,997812,2024,CFS,BS,재무상태표,유형자산,402924648050.0,276799284258.0,213371254134.0,24.0,
54450,코미코,997812,2024,CFS,CF,현금흐름표,유형자산의 취득,153372481050.0,32876785043.0,29007973002.0,43.0,
54450,코미코,997812,2024,CFS,BS,재무상태표,자본총계,375718062479.0,287980197096.0,257666575978.0,26.0,
54450,코미코,997812,2024,CFS,BS,재무상태표,재고자산,44661443147.0,34691056013.0,8451025941.0,11.0,
54450,코미코,997812,2024,CFS,CF,현금흐름표,재무활동현금흐름,61040453560.0,106483944844.0,-49816516444.0,8.0,
54450,코미코,997812,2024,CFS,BS,재무상태표,총자산,800342522976.0,593902816913.0,387796504542.0,7.0,
54450,코미코,997812,2024,CFS,CF,현금흐름표,투자활동현금흐름,-148527123147.0,-105292714093.0,-56894520244.0,24.0,코미코_2024_투자활동현금흐름
54450,코미코,997812,2024,CFS,CIS,포괄손익계산서,판매비와관리비,121923981855.0,83519591378.0,71191086503.0,9.0,
54450,코미코,997812,2023,CFS,CIS,포괄손익계산서,금융비용,10764957664.0,6351026673.0,2744804786.0,19.0,
54450,코미코,997812,2023,CFS,CIS,포괄손익계산서,당기순이익,45511244117.0,41966780348.0,47150017421.0,29.0,
54450,코미코,997812,2023,CFS,CIS,포괄손익계산서,매출액,307266896921.0,288376003971.0,257041930051.0,34.0,코미코_2023_수익(매출액)
54450,코미코,997812,2023,CFS,CIS,포괄손익계산서,매출원가,190582534093.0,161865183969.0,138975250603.0,15.0,
54450,코미코,997812,2023,CFS,BS,재무상태표,매출채권,40005055741.0,,,,
54450,코미코,997812,2023,CFS,BS,재무상태표,무형자산,7289766182.0,4259817989.0,4467807936.0,20.0,
54450,코미코,997812,2023,CFS,CF,현금흐름표,무형자산의 취득,733741034.0,32189258.0,1725270550.0,36.0,
54450,코미코,997812,2023,CFS,CF,현금흐름표,배당금지급,9940569000.0,5490662100.0,3482603600.0,19.0,
54450,코미코,997812,2023,CFS,BS,재무상태표,부채총계,305922619817.0,130129928564.0,154068927663.0,42.0,
54450,코미코,997812,2023,CFS,BS,재무상태표,비유동부채,154946099933.0,44188789048.0,65737024558.0,43.0,
54450,코미코,997812,2023,CFS,CIS,포괄손익계산서,영업이익,33028446745.0,55397524906.0,58833840737.0,6.0,
54450,코미코,997812,2023,CFS,CF,현금흐름표,영업활동현금흐름,65166242206.0,78653491845.0,65334009496.0,38.0,코미코_2023_영업활동현금흐름
54450,코미코,997812,2023,CFS,BS,재무상태표,유형자산,276799284258.0,213371254134.0,209488214489.0,24.0,
54450,코미코,997812,2023,CFS,CF,현금흐름표,유형자산의 취득,32876785043.0,29007973002.0,54072570119.0,37.0,
54450,코미코,997812,2023,CFS,BS,재무상태표,자본총계,287980197096.0,257666575978.0,222018078607.0,26.0,
54450,코미코,997812,2023,CFS,BS,재무상태표,재고자산,34691056013.0,8451025941.0,9444239199.0,10.0,
54450,코미코,997812,2023,CFS,CF,현금흐름표,재무활동현금흐름,106483944844.0,-49816516444.0,-4972681874.0,8.0,
54450,코미코,997812,2023,CFS,BS,재무상태표,총자산,593902816913.0,387796504542.0,376087006270.0,7.0,
54450,코미코,997812,2023,CFS,CF,현금흐름표,투자활동현금흐름,-105292714093.0,-56894520244.0,-57603202428.0,22.0,코미코_2023_투자활동현금흐름
54450,코미코,997812,2023,CFS,CIS,포괄손익계산서,판매비와관리비,83519591378.0,71191086503.0,61834744254.0,9.0,
323280,태성,1366000,2025,CFS,CIS,포괄손익계산서,금융비용,293256175.0,543885583.0,639611378.0,15.0,
323280,태성,1366000,2025,CFS,CIS,포괄손익계산서,당기순이익,-2537179508.0,5968175094.0,-1416588755.0,23.0,
323280,태성,1366000,2025,CFS,CIS,포괄손익계산서,매출액,37859245040.0,59212420040.0,33338955327.0,25.0,태성_2025_수익(매출액)
323280,태성,1366000,2025,CFS,CIS,포괄손익계산서,매출원가,30219619004.0,44653200507.0,28124854715.0,11.0,
323280,태성,1366000,2025,CFS,BS,재무상태표,매출채권,13286440648.0,,,,
323280,태성,1366000,2025,CFS,BS,재무상태표,무형자산,6141147352.0,4397332042.0,1920751550.0,17.0,
323280,태성,1366000,2025,CFS,CF,현금흐름표,무형자산의 취득,2571981321.0,2720537037.0,1348194490.0,24.0,
323280,태성,1366000,2025,CFS,CF,현금흐름표,배당금지급,0.0,0.0,0.0,,
323280,태성,1366000,2025,CFS,BS,재무상태표,부채총계,44451711006.0,38631625665.0,26085358556.0,36.0,
323280,태성,1366000,2025,CFS,BS,재무상태표,비유동부채,58264134.0,16501904610.0,1207618113.0,37.0,
323280,태성,1366000,2025,CFS,CIS,포괄손익계산서,영업이익,-2506348104.0,6037657086.0,-685706946.0,6.0,
323280,태성,1366000,2025,CFS,CF,현금흐름표,영업활동현금흐름,-9748725998.0,4486848260.0,7883989852.0,26.0,태성_2025_영업활동현금흐름
323280,태성,1366000,2025,CFS,BS,재무상태표,유형자산,86103979783.0,40967874264.0,23498747558.0,20.0,
323280,태성,1366000,2025,CFS,CF,현금흐름표,유형자산의 취득,37517754965.0,18536834552.0,2811677832.0,25.0,
323280,태성,1366000,2025,CFS,BS,재무상태표,자본총계,128084777866.0,40982352292.0,30890434691.0,22.0,
323280,태성,1366000,2025,CFS,BS,재무상태표,재고자산,12254601433.0,7750390172.0,11093275226.0,11.0,
323280,태성,1366000,2025,CFS,CF,현금흐름표,재무활동현금흐름,88648816933.0,17421837211.0,-1530719334.0,8.0,
323280,태성,1366000,2025,CFS,BS,재무상태표,총자산,172536488872.0,79613977957.0,56975793247.0,7.0,
323280,태성,1366000,2025,CFS,CF,현금흐름표,투자활동현금흐름,-40769921726.0,-21126526792.0,-859871884.0,17.0,태성_2025_투자활동현금흐름
323280,태성,1366000,2025,CFS,CIS,포괄손익계산서,판매비와관리비,10145974140.0,8521562447.0,5899807558.0,9.0,
323280,태성,1366000,2024,CFS,CIS,포괄손익계산서,금융비용,543885583.0,639611378.0,991236373.0,15.0,
323280,태성,1366000,2024,CFS,CIS,포괄손익계산서,당기순이익,5968175094.0,-1416588755.0,-457379020.0,23.0,
323280,태성,1366000,2024,CFS,CIS,포괄손익계산서,매출액,59212420040.0,33338955327.0,61247953344.0,25.0,태성_2024_수익(매출액)
323280,태성,1366000,2024,CFS,CIS,포괄손익계산서,매출원가,44653200507.0,28124854715.0,50560184727.0,11.0,
323280,태성,1366000,2024,CFS,BS,재무상태표,매출채권,12471648236.0,,,,
323280,태성,1366000,2024,CFS,BS,재무상태표,무형자산,4397332042.0,1920751550.0,738538273.0,17.0,
323280,태성,1366000,2024,CFS,CF,현금흐름표,무형자산의 취득,2720537037.0,1348194490.0,392243735.0,25.0,
323280,태성,1366000,2024,CFS,CF,현금흐름표,배당금지급,0.0,0.0,0.0,,
323280,태성,1366000,2024,CFS,BS,재무상태표,부채총계,38631625665.0,26085358556.0,23440639577.0,37.0,
323280,태성,1366000,2024,CFS,BS,재무상태표,비유동부채,16501904610.0,1207618113.0,1275231721.0,38.0,
323280,태성,1366000,2024,CFS,CIS,포괄손익계산서,영업이익,6037657086.0,-685706946.0,2313546898.0,6.0,
323280,태성,1366000,2024,CFS,CF,현금흐름표,영업활동현금흐름,4486848260.0,7883989852.0,-2325719016.0,27.0,태성_2024_영업활동현금흐름
323280,태성,1366000,2024,CFS,BS,재무상태표,유형자산,40967874264.0,23498747558.0,21483129979.0,21.0,
323280,태성,1366000,2024,CFS,CF,현금흐름표,유형자산의 취득,18536834552.0,2811677832.0,2494633271.0,26.0,
323280,태성,1366000,2024,CFS,BS,재무상태표,자본총계,40982352292.0,30890434691.0,32393504296.0,23.0,
323280,태성,1366000,2024,CFS,BS,재무상태표,재고자산,7750390172.0,11093275226.0,6856670412.0,11.0,
323280,태성,1366000,2024,CFS,CF,현금흐름표,재무활동현금흐름,17421837211.0,-1530719334.0,-761476142.0,8.0,
323280,태성,1366000,2024,CFS,BS,재무상태표,총자산,79613977957.0,56975793247.0,55834143873.0,7.0,
323280,태성,1366000,2024,CFS,CF,현금흐름표,투자활동현금흐름,-21126526792.0,-859871884.0,1693136778.0,16.0,태성_2024_투자활동현금흐름
323280,태성,1366000,2024,CFS,CIS,포괄손익계산서,판매비와관리비,8521562447.0,5899807558.0,8374221719.0,9.0,
323280,태성,1366000,2023,CFS,CIS,포괄손익계산서,금융비용,639611378.0,991236373.0,1799305250.0,15.0,
323280,태성,1366000,2023,CFS,CIS,포괄손익계산서,당기순이익,-1416588755.0,-457379020.0,9250507768.0,23.0,
323280,태성,1366000,2023,CFS,CIS,포괄손익계산서,매출액,33338955327.0,61247953344.0,43940060310.0,25.0,태성_2023_수익(매출액)
323280,태성,1366000,2023,CFS,CIS,포괄손익계산서,매출원가,28124854715.0,50560184727.0,34482994763.0,11.0,
323280,태성,1366000,2023,CFS,BS,재무상태표,매출채권,8961293216.0,,,,
323280,태성,1366000,2023,CFS,BS,재무상태표,무형자산,1920751550.0,738538273.0,564546620.0,17.0,
323280,태성,1366000,2023,CFS,CF,현금흐름표,무형자산의 취득,1348194490.0,392243735.0,15560211.0,25.0,
323280,태성,1366000,2023,CFS,CF,현금흐름표,배당금지급,0.0,0.0,0.0,,
323280,태성,1366000,2023,CFS,BS,재무상태표,부채총계,26085358556.0,23440639577.0,28794607228.0,37.0,
323280,태성,1366000,2023,CFS,BS,재무상태표,비유동부채,1207618113.0,1275231721.0,638760902.0,38.0,
323280,태성,1366000,2023,CFS,CIS,포괄손익계산서,영업이익,-685706946.0,2313546898.0,4624802988.0,6.0,
323280,태성,1366000,2023,CFS,CF,현금흐름표,영업활동현금흐름,7883989852.0,-2325719016.0,7061523245.0,27.0,태성_2023_영업활동현금흐름
323280,태성,1366000,2023,CFS,BS,재무상태표,유형자산,23498747558.0,21483129979.0,19833446676.0,21.0,
323280,태성,1366000,2023,CFS,CF,현금흐름표,유형자산의 취득,2811677832.0,2494633271.0,277438463.0,26.0,
323280,태성,1366000,2023,CFS,BS,재무상태표,자본총계,30890434691.0,32393504296.0,20984793505.0,23.0,
323280,태성,1366000,2023,CFS,BS,재무상태표,재고자산,11093275226.0,6856670412.0,6770320728.0,11.0,
323280,태성,1366000,2023,CFS,CF,현금흐름표,재무활동현금흐름,-1530719334.0,-761476142.0,-4485126545.0,8.0,
323280,태성,1366000,2023,CFS,BS,재무상태표,총자산,56975793247.0,55834143873.0,49779400733.0,7.0,
323280,태성,1366000,2023,CFS,CF,현금흐름표,투자활동현금흐름,-859871884.0,1693136778.0,-39927344.0,14.0,태성_2023_투자활동현금흐름
323280,태성,1366000,2023,CFS,CIS,포괄손익계산서,판매비와관리비,5899807558.0,8374221719.0,4832262559.0,9.0,
204940,테크윙,535676,2025,CFS,CIS,포괄손익계산서,금융비용,13807146092.0,15993573637.0,6512542044.0,18.0,
204940,테크윙,535676,2025,CFS,CIS,포괄손익계산서,당기순이익,8996126448.0,-21970453220.0,-11097331447.0,28.0,
204940,테크윙,535676,2025,CFS,CIS,포괄손익계산서,매출액,159128398402.0,185507171034.0,133604260260.0,33.0,테크윙_2025_매출액
204940,테크윙,535676,2025,CFS,CIS,포괄손익계산서,매출원가,91933305151.0,114021534378.0,84056217530.0,14.0,
204940,테크윙,535676,2025,CFS,BS,재무상태표,매출채권,41230399860.0,,,,
204940,테크윙,535676,2025,CFS,BS,재무상태표,무형자산,14957453549.0,11735797857.0,20950303880.0,18.0,
204940,테크윙,535676,2025,CFS,CF,현금흐름표,무형자산의 취득,3510577557.0,1791717696.0,9087206668.0,20.0,
204940,테크윙,535676,2025,CFS,CF,현금흐름표,배당금지급,4646261620.0,4646261620.0,4646261620.0,14.0,
204940,테크윙,535676,2025,CFS,BS,재무상태표,부채총계,421579670529.0,317917190961.0,270300485244.0,46.0,
204940,테크윙,535676,2025,CFS,BS,재무상태표,비유동부채,267784744236.0,99411627230.0,131086600100.0,47.0,
204940,테크윙,535676,2025,CFS,CIS,포괄손익계산서,영업이익,15837572847.0,23411077264.0,3160487054.0,6.0,
204940,테크윙,535676,2025,CFS,CF,현금흐름표,영업활동현금흐름,-16089053787.0,32722277624.0,20371517264.0,29.0,테크윙_2025_영업활동현금흐름
204940,테크윙,535676,2025,CFS,BS,재무상태표,유형자산,252183391737.0,232023074952.0,270618683389.0,24.0,
204940,테크윙,535676,2025,CFS,CF,현금흐름표,유형자산의 취득,27349177047.0,52217702300.0,44069515328.0,28.0,
204940,테크윙,535676,2025,CFS,BS,재무상태표,자본총계,212119683580.0,188303434692.0,215586935429.0,26.0,
204940,테크윙,535676,2025,CFS,BS,재무상태표,재고자산,113305861181.0,79265623368.0,81331310562.0,13.0,
204940,테크윙,535676,2025,CFS,CF,현금흐름표,재무활동현금흐름,142550366492.0,8481189743.0,37353228618.0,8.0,
204940,테크윙,535676,2025,CFS,BS,재무상태표,총자산,633699354109.0,506220625653.0,485887420673.0,7.0,
204940,테크윙,535676,2025,CFS,CF,현금흐름표,투자활동현금흐름,-109263739041.0,-29905589196.0,-67217103146.0,17.0,테크윙_2025_투자활동현금흐름
204940,테크윙,535676,2025,CFS,CIS,포괄손익계산서,판매비와관리비,51357520404.0,48074559392.0,46387555676.0,9.0,
204940,테크윙,535676,2024,CFS,CIS,포괄손익계산서,금융비용,15993573637.0,6512542044.0,11789681079.0,18.0,
204940,테크윙,535676,2024,CFS,CIS,포괄손익계산서,당기순이익,-21970453220.0,-11097331447.0,33237861105.0,28.0,
204940,테크윙,535676,2024,CFS,CIS,포괄손익계산서,매출액,185507171034.0,133604260260.0,267491091324.0,33.0,테크윙_2024_수익(매출액)
204940,테크윙,535676,2024,CFS,CIS,포괄손익계산서,매출원가,114021534378.0,84056217530.0,158043943726.0,14.0,
204940,테크윙,535676,2024,CFS,BS,재무상태표,매출채권,44114030758.0,,,,
204940,테크윙,535676,2024,CFS,BS,재무상태표,무형자산,11735797857.0,20950303880.0,18200066617.0,19.0,
204940,테크윙,535676,2024,CFS,CF,현금흐름표,무형자산의 취득,1791717696.0,9087206668.0,4563540392.0,26.0,
204940,테크윙,535676,2024,CFS,CF,현금흐름표,배당금지급,4646261620.0,4646261620.0,4322275690.0,14.0,
204940,테크윙,535676,2024,CFS,BS,재무상태표,부채총계,317917190961.0,270300485244.0,242694770306.0,45.0,
204940,테크윙,535676,2024,CFS,BS,재무상태표,비유동부채,99411627230.0,131086600100.0,65782145676.0,46.0,
204940,테크윙,535676,2024,CFS,CIS,포괄손익계산서,영업이익,23411077264.0,3160487054.0,57672910686.0,6.0,
204940,테크윙,535676,2024,CFS,CF,현금흐름표,영업활동현금흐름,32722277624.0,20371517264.0,68170988306.0,29.0,테크윙_2024_영업활동현금흐름
204940,테크윙,535676,2024,CFS,BS,재무상태표,유형자산,232023074952.0,270618683389.0,242657172058.0,23.0,
204940,테크윙,535676,2024,CFS,CF,현금흐름표,유형자산의 취득,52217702300.0,44069515328.0,9594369663.0,28.0,
204940,테크윙,535676,2024,CFS,BS,재무상태표,자본총계,188303434692.0,215586935429.0,245557585185.0,25.0,
204940,테크윙,535676,2024,CFS,BS,재무상태표,재고자산,79265623368.0,81331310562.0,86833365984.0,13.0,
204940,테크윙,535676,2024,CFS,CF,현금흐름표,재무활동현금흐름,8481189743.0,37353228618.0,-40044588152.0,8.0,
204940,테크윙,535676,2024,CFS,BS,재무상태표,총자산,506220625653.0,485887420673.0,488252355491.0,7.0,
204940,테크윙,535676,2024,CFS,CF,현금흐름표,투자활동현금흐름,-29905589196.0,-67217103146.0,-24877006267.0,16.0,테크윙_2024_투자활동현금흐름
204940,테크윙,535676,2024,CFS,CIS,포괄손익계산서,판매비와관리비,48074559392.0,46387555676.0,51774236912.0,9.0,
204940,테크윙,535676,2023,CFS,CIS,포괄손익계산서,금융비용,6512542044.0,11789681079.0,6569966406.0,18.0,
204940,테크윙,535676,2023,CFS,CIS,포괄손익계산서,당기순이익,-11097331447.0,33237861105.0,17110463460.0,29.0,
204940,테크윙,535676,2023,CFS,CIS,포괄손익계산서,매출액,133604260260.0,267491091324.0,255915216713.0,34.0,테크윙_2023_수익(매출액)
204940,테크윙,535676,2023,CFS,CIS,포괄손익계산서,매출원가,84056217530.0,158043943726.0,168903379405.0,14.0,
204940,테크윙,535676,2023,CFS,BS,재무상태표,매출채권,40748422509.0,,,,
204940,테크윙,535676,2023,CFS,BS,재무상태표,무형자산,20950303880.0,18200066617.0,19902386351.0,20.0,
204940,테크윙,535676,2023,CFS,CF,현금흐름표,무형자산의 취득,9087206668.0,4563540392.0,4732596576.0,31.0,
204940,테크윙,535676,2023,CFS,CF,현금흐름표,배당금지급,4646261620.0,4322275690.0,4306271830.0,18.0,
204940,테크윙,535676,2023,CFS,BS,재무상태표,부채총계,270300485244.0,242694770306.0,278333001237.0,45.0,
204940,테크윙,535676,2023,CFS,BS,재무상태표,비유동부채,131086600100.0,65782145676.0,131462152546.0,46.0,
204940,테크윙,535676,2023,CFS,CIS,포괄손익계산서,영업이익,3160487054.0,57672910686.0,36219406193.0,6.0,
204940,테크윙,535676,2023,CFS,CF,현금흐름표,영업활동현금흐름,20371517264.0,68170988306.0,2406698360.0,34.0,테크윙_2023_영업활동현금흐름
204940,테크윙,535676,2023,CFS,BS,재무상태표,유형자산,270618683389.0,242657172058.0,241595909065.0,23.0,
204940,테크윙,535676,2023,CFS,CF,현금흐름표,유형자산의 취득,44069515328.0,9594369663.0,55031045614.0,33.0,
204940,테크윙,535676,2023,CFS,BS,재무상태표,자본총계,215586935429.0,245557585185.0,230438974498.0,25.0,
204940,테크윙,535676,2023,CFS,BS,재무상태표,재고자산,81331310562.0,86833365984.0,85101343265.0,13.0,
204940,테크윙,535676,2023,CFS,CF,현금흐름표,재무활동현금흐름,37353228618.0,-40044588152.0,52768612470.0,8.0,
204940,테크윙,535676,2023,CFS,BS,재무상태표,총자산,485887420673.0,488252355491.0,508771975735.0,7.0,
204940,테크윙,535676,2023,CFS,CF,현금흐름표,투자활동현금흐름,-67217103146.0,-24877006267.0,-64687859770.0,19.0,테크윙_2023_투자활동현금흐름
204940,테크윙,535676,2023,CFS,CIS,포괄손익계산서,판매비와관리비,46387555676.0,51774236912.0,50792431115.0,9.0,
36620,티씨케이,245472,2025,OFS,CIS,포괄손익계산서,금융비용,37081976.0,31971330.0,27593519.0,15.0,
36620,티씨케이,245472,2025,OFS,CIS,포괄손익계산서,당기순이익,69902724552.0,71994036570.0,61244566663.0,22.0,
36620,티씨케이,245472,2025,OFS,CIS,포괄손익계산서,매출액,301334302844.0,275724843444.0,226652881531.0,24.0,티씨케이_2025_매출액
36620,티씨케이,245472,2025,OFS,CIS,포괄손익계산서,매출원가,191572140758.0,171586098400.0,134720764588.0,11.0,
36620,티씨케이,245472,2025,OFS,BS,재무상태표,매출채권,45750431146.0,,,,
36620,티씨케이,245472,2025,OFS,BS,재무상태표,무형자산,2190979406.0,2398506411.0,2174613478.0,16.0,
36620,티씨케이,245472,2025,OFS,CF,현금흐름표,무형자산의 취득,81937721.0,433979393.0,509749324.0,23.0,
36620,티씨케이,245472,2025,OFS,CF,현금흐름표,배당금지급,16461750000.0,14010000000.0,19847500000.0,34.0,
36620,티씨케이,245472,2025,OFS,BS,재무상태표,부채총계,48313763573.0,47264861755.0,37233039232.0,39.0,
36620,티씨케이,245472,2025,OFS,BS,재무상태표,비유동부채,3456260411.0,2689967210.0,2054279383.0,40.0,
36620,티씨케이,245472,2025,OFS,CIS,포괄손익계산서,영업이익,83887319363.0,80747924196.0,66702958305.0,6.0,
36620,티씨케이,245472,2025,OFS,CF,현금흐름표,영업활동현금흐름,54111434312.0,74417172514.0,20979642673.0,29.0,티씨케이_2025_영업활동현금흐름
36620,티씨케이,245472,2025,OFS,BS,재무상태표,유형자산,141537538770.0,150021993969.0,157206129237.0,20.0,
36620,티씨케이,245472,2025,OFS,CF,현금흐름표,유형자산의 취득,4496721586.0,7565682486.0,47434204412.0,28.0,
36620,티씨케이,245472,2025,OFS,BS,재무상태표,자본총계,519302794390.0,516254748314.0,458270711744.0,26.0,
36620,티씨케이,245472,2025,OFS,BS,재무상태표,재고자산,85141670269.0,68818777821.0,65910914615.0,12.0,
36620,티씨케이,245472,2025,OFS,CF,현금흐름표,재무활동현금흐름,-50508261180.0,-286677204.0,-308705985.0,8.0,
36620,티씨케이,245472,2025,OFS,BS,재무상태표,총자산,567616557963.0,563519610069.0,495503750976.0,7.0,
36620,티씨케이,245472,2025,OFS,CF,현금흐름표,투자활동현금흐름,4361225849.0,-72043319977.0,-33572720459.0,13.0,티씨케이_2025_투자활동현금흐름
36620,티씨케이,245472,2025,OFS,CIS,포괄손익계산서,판매비와관리비,25874842723.0,23390820848.0,25229158638.0,9.0,
36620,티씨케이,245472,2024,OFS,CIS,포괄손익계산서,금융비용,31971330.0,27593519.0,19491840.0,16.0,
36620,티씨케이,245472,2024,OFS,CIS,포괄손익계산서,당기순이익,71994036570.0,61244566663.0,94056447998.0,21.0,
36620,티씨케이,245472,2024,OFS,CIS,포괄손익계산서,매출액,275724843444.0,226652881531.0,319562836196.0,23.0,티씨케이_2024_Ⅰ. 매출액
36620,티씨케이,245472,2024,OFS,CIS,포괄손익계산서,매출원가,171586098400.0,134720764588.0,168677585875.0,12.0,
36620,티씨케이,245472,2024,OFS,BS,재무상태표,매출채권,47615537055.0,,,,
36620,티씨케이,245472,2024,OFS,BS,재무상태표,무형자산,2398506411.0,2174613478.0,1841733375.0,17.0,
36620,티씨케이,245472,2024,OFS,CF,현금흐름표,무형자산의 취득,-433979393.0,-509749324.0,-223856281.0,26.0,
36620,티씨케이,245472,2024,OFS,CF,현금흐름표,배당금지급,14010000000.0,19847500000.0,16695250000.0,33.0,
36620,티씨케이,245472,2024,OFS,BS,재무상태표,부채총계,47264861755.0,37233039232.0,63669414182.0,37.0,
36620,티씨케이,245472,2024,OFS,BS,재무상태표,비유동부채,2689967210.0,2054279383.0,1414467851.0,38.0,
36620,티씨케이,245472,2024,OFS,CIS,포괄손익계산서,영업이익,80747924196.0,66702958305.0,127026641350.0,7.0,
36620,티씨케이,245472,2024,OFS,CF,현금흐름표,영업활동현금흐름,74417172514.0,20979642673.0,87311102557.0,28.0,티씨케이_2024_영업활동현금흐름
36620,티씨케이,245472,2024,OFS,BS,재무상태표,유형자산,150021993969.0,157206129237.0,128885878090.0,19.0,
36620,티씨케이,245472,2024,OFS,CF,현금흐름표,유형자산의 취득,7565682486.0,47434204412.0,35525133026.0,27.0,
36620,티씨케이,245472,2024,OFS,BS,재무상태표,자본총계,516254748314.0,458270711744.0,416873645081.0,24.0,
36620,티씨케이,245472,2024,OFS,BS,재무상태표,재고자산,68818777821.0,65910914615.0,50149157934.0,12.0,
36620,티씨케이,245472,2024,OFS,CF,현금흐름표,재무활동현금흐름,-286677204.0,-308705985.0,-316495086.0,8.0,
36620,티씨케이,245472,2024,OFS,BS,재무상태표,총자산,563519610069.0,495503750976.0,480543059263.0,7.0,
36620,티씨케이,245472,2024,OFS,CF,현금흐름표,투자활동현금흐름,-72043319977.0,-33572720459.0,-96045963737.0,12.0,티씨케이_2024_투자활동현금흐름
36620,티씨케이,245472,2024,OFS,CIS,포괄손익계산서,판매비와관리비,23305156004.0,25151003939.0,23827832354.0,10.0,
36620,티씨케이,245472,2023,OFS,CIS,포괄손익계산서,금융비용,27593519.0,19491840.0,16635921.0,16.0,
36620,티씨케이,245472,2023,OFS,CIS,포괄손익계산서,당기순이익,61244566663.0,94056447998.0,81890628054.0,21.0,
36620,티씨케이,245472,2023,OFS,CIS,포괄손익계산서,매출액,226652881531.0,319562836196.0,270766567696.0,23.0,티씨케이_2023_Ⅰ. 매출액
36620,티씨케이,245472,2023,OFS,CIS,포괄손익계산서,매출원가,134720764588.0,168677585875.0,146642802049.0,12.0,
36620,티씨케이,245472,2023,OFS,BS,재무상태표,매출채권,40603999385.0,,,,
36620,티씨케이,245472,2023,OFS,BS,재무상태표,무형자산,2174613478.0,1841733375.0,1866147369.0,17.0,
36620,티씨케이,245472,2023,OFS,CF,현금흐름표,무형자산의 취득,-509749324.0,-223856281.0,-572218960.0,26.0,
36620,티씨케이,245472,2023,OFS,CF,현금흐름표,배당금지급,19847500000.0,16695250000.0,12842500000.0,33.0,
36620,티씨케이,245472,2023,OFS,BS,재무상태표,부채총계,37233039232.0,63669414182.0,50193523554.0,37.0,
36620,티씨케이,245472,2023,OFS,BS,재무상태표,비유동부채,2054279383.0,1414467851.0,1425258330.0,38.0,
36620,티씨케이,245472,2023,OFS,CIS,포괄손익계산서,영업이익,66702958305.0,127026641350.0,103400361685.0,7.0,
36620,티씨케이,245472,2023,OFS,CF,현금흐름표,영업활동현금흐름,20979642673.0,87311102557.0,78650104268.0,28.0,티씨케이_2023_영업활동현금흐름
36620,티씨케이,245472,2023,OFS,BS,재무상태표,유형자산,157206129237.0,128885878090.0,108428359196.0,19.0,
36620,티씨케이,245472,2023,OFS,CF,현금흐름표,유형자산의 취득,47434204412.0,35525133026.0,13578370128.0,27.0,
36620,티씨케이,245472,2023,OFS,BS,재무상태표,자본총계,458270711744.0,416873645081.0,339512447083.0,24.0,
36620,티씨케이,245472,2023,OFS,BS,재무상태표,재고자산,65910914615.0,50149157934.0,35161186733.0,12.0,
36620,티씨케이,245472,2023,OFS,CF,현금흐름표,재무활동현금흐름,-308705985.0,-316495086.0,-298710033.0,8.0,
36620,티씨케이,245472,2023,OFS,BS,재무상태표,총자산,495503750976.0,480543059263.0,389705970637.0,7.0,
36620,티씨케이,245472,2023,OFS,CF,현금흐름표,투자활동현금흐름,-33572720459.0,-96045963737.0,-63738558950.0,12.0,티씨케이_2023_투자활동현금흐름
36620,티씨케이,245472,2023,OFS,CIS,포괄손익계산서,판매비와관리비,25151003939.0,23827832354.0,20723897030.0,10.0,
224110,파두,1292291,2025,CFS,CIS,포괄손익계산서,금융비용,15295848343.0,3451780435.0,2376869335.0,18.0,
224110,파두,1292291,2025,CFS,CIS,포괄손익계산서,당기순이익,-76218175613.0,-91508531301.0,-56832521397.0,27.0,
224110,파두,1292291,2025,CFS,CIS,포괄손익계산서,매출액,92419333233.0,43502744974.0,22470905715.0,32.0,파두_2025_매출액
224110,파두,1292291,2025,CFS,CIS,포괄손익계산서,매출원가,48760917939.0,37733546496.0,11375113614.0,14.0,
224110,파두,1292291,2025,CFS,BS,재무상태표,매출채권,5735267524.0,,,,
224110,파두,1292291,2025,CFS,BS,재무상태표,무형자산,1240960834.0,1539154419.0,738106785.0,20.0,
224110,파두,1292291,2025,CFS,CF,현금흐름표,무형자산의 취득,-75900000.0,-1176711000.0,-349691160.0,31.0,
224110,파두,1292291,2025,CFS,CF,현금흐름표,배당금지급,0.0,0.0,0.0,,
224110,파두,1292291,2025,CFS,BS,재무상태표,부채총계,102632856004.0,36480472542.0,57313618158.0,45.0,
224110,파두,1292291,2025,CFS,BS,재무상태표,비유동부채,12565056744.0,5217447922.0,7101460392.0,46.0,
224110,파두,1292291,2025,CFS,CIS,포괄손익계산서,영업이익,-65469985712.0,-95048300908.0,-58569439226.0,6.0,
224110,파두,1292291,2025,CFS,CF,현금흐름표,영업활동현금흐름,-3703541869.0,-108840321560.0,-42164830339.0,33.0,파두_2025_영업활동현금흐름
224110,파두,1292291,2025,CFS,BS,재무상태표,유형자산,13568336168.0,20060469551.0,22415274249.0,23.0,
224110,파두,1292291,2025,CFS,CF,현금흐름표,유형자산의 취득,4061919991.0,6041333867.0,10577037212.0,32.0,
224110,파두,1292291,2025,CFS,BS,재무상태표,자본총계,19794311089.0,97946870542.0,186348175638.0,26.0,
224110,파두,1292291,2025,CFS,BS,재무상태표,재고자산,41168517812.0,31366715979.0,17438725834.0,12.0,
224110,파두,1292291,2025,CFS,CF,현금흐름표,재무활동현금흐름,3637204912.0,-21789530560.0,225264735464.0,8.0,
224110,파두,1292291,2025,CFS,BS,재무상태표,총자산,122427167093.0,134427343084.0,243661793796.0,7.0,
224110,파두,1292291,2025,CFS,CF,현금흐름표,투자활동현금흐름,9693007263.0,66450409902.0,-97710804308.0,17.0,파두_2025_투자활동현금흐름
224110,파두,1292291,2025,CFS,CIS,포괄손익계산서,판매비와관리비,109128401006.0,100817499386.0,69665231327.0,9.0,
224110,파두,1292291,2024,CFS,CIS,포괄손익계산서,금융비용,3451780435.0,2376869335.0,230610178098.0,18.0,
224110,파두,1292291,2024,CFS,CIS,포괄손익계산서,당기순이익,-91508531301.0,-56832521397.0,-227459980077.0,28.0,
224110,파두,1292291,2024,CFS,CIS,포괄손익계산서,매출액,43502744974.0,22470905715.0,56401518172.0,33.0,파두_2024_매출액
224110,파두,1292291,2024,CFS,CIS,포괄손익계산서,매출원가,37733546496.0,11375113614.0,11870786133.0,14.0,
224110,파두,1292291,2024,CFS,BS,재무상태표,매출채권,13891950860.0,,,,
224110,파두,1292291,2024,CFS,BS,재무상태표,무형자산,1539154419.0,738106785.0,610093332.0,20.0,
224110,파두,1292291,2024,CFS,CF,현금흐름표,무형자산의 취득,-1176711000.0,-349691160.0,-370781014.0,28.0,
224110,파두,1292291,2024,CFS,CF,현금흐름표,배당금지급,0.0,0.0,0.0,,
224110,파두,1292291,2024,CFS,BS,재무상태표,부채총계,36480472542.0,57313618158.0,27240478290.0,43.0,
224110,파두,1292291,2024,CFS,BS,재무상태표,비유동부채,5217447922.0,7101460392.0,21790945523.0,44.0,
224110,파두,1292291,2024,CFS,CIS,포괄손익계산서,영업이익,-95048300908.0,-58569439226.0,1507325359.0,6.0,
224110,파두,1292291,2024,CFS,CF,현금흐름표,영업활동현금흐름,-108840321560.0,-42164830339.0,-6504941540.0,30.0,파두_2024_영업활동현금흐름
224110,파두,1292291,2024,CFS,BS,재무상태표,유형자산,20060469551.0,22415274249.0,17297154019.0,23.0,
224110,파두,1292291,2024,CFS,CF,현금흐름표,유형자산의 취득,6041333867.0,10597037212.0,12211511779.0,29.0,
224110,파두,1292291,2024,CFS,BS,재무상태표,자본총계,97946870542.0,186348175638.0,41025269900.0,26.0,
224110,파두,1292291,2024,CFS,BS,재무상태표,재고자산,31366715979.0,17438725834.0,9928306651.0,12.0,
224110,파두,1292291,2024,CFS,CF,현금흐름표,재무활동현금흐름,-21789530560.0,225264735464.0,26885755608.0,8.0,
224110,파두,1292291,2024,CFS,BS,재무상태표,총자산,134427343084.0,243661793796.0,68265748190.0,7.0,
224110,파두,1292291,2024,CFS,CF,현금흐름표,투자활동현금흐름,66450409902.0,-97710804308.0,-17615834391.0,14.0,파두_2024_투자활동현금흐름
224110,파두,1292291,2024,CFS,CIS,포괄손익계산서,판매비와관리비,100817499386.0,69665231327.0,43023406680.0,9.0,
224110,파두,1292291,2023,CFS,CIS,포괄손익계산서,금융비용,2376869335.0,230610178098.0,9847257928.0,18.0,
224110,파두,1292291,2023,CFS,CIS,포괄손익계산서,당기순이익,-56832521397.0,-227459980077.0,-43340650215.0,28.0,
224110,파두,1292291,2023,CFS,CIS,포괄손익계산서,매출액,22470905715.0,56401518172.0,5156816449.0,33.0,파두_2023_매출액
224110,파두,1292291,2023,CFS,CIS,포괄손익계산서,매출원가,11375113614.0,11870786133.0,6157164187.0,14.0,
224110,파두,1292291,2023,CFS,BS,재무상태표,매출채권,1616328667.0,,,,
224110,파두,1292291,2023,CFS,BS,재무상태표,무형자산,738106785.0,610093332.0,386310806.0,20.0,
224110,파두,1292291,2023,CFS,CF,현금흐름표,무형자산의 취득,349691160.0,370781014.0,0.0,27.0,
224110,파두,1292291,2023,CFS,CF,현금흐름표,배당금지급,0.0,0.0,0.0,,
224110,파두,1292291,2023,CFS,BS,재무상태표,부채총계,57313618158.0,27240478290.0,187892403012.0,47.0,
224110,파두,1292291,2023,CFS,BS,재무상태표,비유동부채,7101460392.0,21790945523.0,40061846596.0,48.0,
224110,파두,1292291,2023,CFS,CIS,포괄손익계산서,영업이익,-58569439226.0,1507325359.0,-33674192798.0,6.0,
224110,파두,1292291,2023,CFS,CF,현금흐름표,영업활동현금흐름,-42164830339.0,-6504941540.0,-25239763167.0,29.0,파두_2023_영업활동현금흐름
224110,파두,1292291,2023,CFS,BS,재무상태표,유형자산,32475761545.0,27349392237.0,9417263678.0,22.0,
224110,파두,1292291,2023,CFS,CF,현금흐름표,유형자산의 취득,10577037212.0,12211511779.0,4429840595.0,28.0,
224110,파두,1292291,2023,CFS,BS,재무상태표,자본총계,186348175638.0,41025269900.0,-160675980694.0,24.0,
224110,파두,1292291,2023,CFS,BS,재무상태표,재고자산,17438725834.0,9928306651.0,4425889362.0,12.0,
224110,파두,1292291,2023,CFS,CF,현금흐름표,재무활동현금흐름,225264735464.0,26890058762.0,28449984484.0,8.0,
224110,파두,1292291,2023,CFS,BS,재무상태표,총자산,243661793796.0,68265748190.0,27216422318.0,7.0,
224110,파두,1292291,2023,CFS,CF,현금흐름표,투자활동현금흐름,-97710804308.0,-17620137545.0,-4813803949.0,15.0,파두_2023_투자활동현금흐름
224110,파두,1292291,2023,CFS,CIS,포괄손익계산서,판매비와관리비,69665231327.0,43023406680.0,32673845060.0,9.0,
66800,피에스케이,1365825,2025,CFS,CIS,포괄손익계산서,금융비용,16150015108.0,11436347154.0,10908075036.0,9.0,
66800,피에스케이,1365825,2025,CFS,CIS,포괄손익계산서,당기순이익,78545663379.0,79128216285.0,52520188202.0,25.0,
66800,피에스케이,1365825,2025,CFS,CIS,포괄손익계산서,매출액,457213151918.0,398050977575.0,351863805650.0,27.0,피에스케이_2025_매출액
66800,피에스케이,1365825,2025,CFS,CIS,포괄손익계산서,매출원가,233984668943.0,188456987944.0,187262999789.0,14.0,
66800,피에스케이,1365825,2025,CFS,BS,재무상태표,매출채권,99832573758.0,,,,
66800,피에스케이,1365825,2025,CFS,BS,재무상태표,무형자산,10089200026.0,10064001118.0,9916528235.0,17.0,
66800,피에스케이,1365825,2025,CFS,CF,현금흐름표,무형자산의 취득,2000000.0,122720000.0,142483000.0,29.0,
66800,피에스케이,1365825,2025,CFS,CF,현금흐름표,배당금지급,11586685600.0,5793342800.0,11586685600.0,11.0,
66800,피에스케이,1365825,2025,CFS,BS,재무상태표,부채총계,106961955599.0,97639459052.0,101823749358.0,41.0,
66800,피에스케이,1365825,2025,CFS,BS,재무상태표,비유동부채,17579505005.0,16485146108.0,15701255440.0,42.0,
66800,피에스케이,1365825,2025,CFS,CIS,포괄손익계산서,영업이익,88494057075.0,83924423263.0,54118591422.0,11.0,
66800,피에스케이,1365825,2025,CFS,CF,현금흐름표,영업활동현금흐름,61731136881.0,67531924428.0,51482064273.0,31.0,피에스케이_2025_영업활동현금흐름
66800,피에스케이,1365825,2025,CFS,BS,재무상태표,유형자산,102298682061.0,92635598884.0,71590181740.0,22.0,
66800,피에스케이,1365825,2025,CFS,CF,현금흐름표,유형자산의 취득,18531513572.0,27192602203.0,25981919786.0,30.0,
66800,피에스케이,1365825,2025,CFS,BS,재무상태표,자본총계,539036262184.0,471716805682.0,392569607133.0,25.0,
66800,피에스케이,1365825,2025,CFS,BS,재무상태표,재고자산,104213583798.0,108346942948.0,116713437321.0,11.0,
66800,피에스케이,1365825,2025,CFS,CF,현금흐름표,재무활동현금흐름,-20241932191.0,-9249244373.0,-4067183666.0,8.0,
66800,피에스케이,1365825,2025,CFS,BS,재무상태표,총자산,645998217783.0,569356264734.0,494393356491.0,7.0,
66800,피에스케이,1365825,2025,CFS,CF,현금흐름표,투자활동현금흐름,-17161223038.0,-34424696928.0,-36436599654.0,15.0,피에스케이_2025_투자활동현금흐름
66800,피에스케이,1365825,2025,CFS,CIS,포괄손익계산서,판매비와관리비,134734425900.0,125669566368.0,110482214439.0,12.0,
66800,피에스케이,1365825,2024,CFS,CIS,포괄손익계산서,금융비용,11436347154.0,10908075036.0,18324428228.0,12.0,
66800,피에스케이,1365825,2024,CFS,CIS,포괄손익계산서,당기순이익,79128216285.0,52520188202.0,77443254531.0,21.0,
66800,피에스케이,1365825,2024,CFS,CIS,포괄손익계산서,매출액,398050977575.0,351863805650.0,460909201007.0,23.0,피에스케이_2024_수익(매출액)
66800,피에스케이,1365825,2024,CFS,CIS,포괄손익계산서,매출원가,188456987944.0,187262999789.0,247558039884.0,11.0,
66800,피에스케이,1365825,2024,CFS,BS,재무상태표,매출채권,59816220643.0,,,,
66800,피에스케이,1365825,2024,CFS,BS,재무상태표,무형자산,10064001118.0,9916528235.0,10543011087.0,18.0,
66800,피에스케이,1365825,2024,CFS,CF,현금흐름표,무형자산의 취득,122720000.0,142483000.0,2215885686.0,31.0,
66800,피에스케이,1365825,2024,CFS,CF,현금흐름표,배당금지급,5793342800.0,11586685600.0,8770449600.0,14.0,
66800,피에스케이,1365825,2024,CFS,BS,재무상태표,부채총계,97639459052.0,101823749358.0,119341821898.0,39.0,
66800,피에스케이,1365825,2024,CFS,BS,재무상태표,비유동부채,16485146108.0,15701255440.0,18424170909.0,40.0,
66800,피에스케이,1365825,2024,CFS,CIS,포괄손익계산서,영업이익,83924423263.0,54118591422.0,91842998729.0,6.0,
66800,피에스케이,1365825,2024,CFS,CF,현금흐름표,영업활동현금흐름,67241427193.0,50281470015.0,46284494056.0,33.0,피에스케이_2024_영업활동현금흐름
66800,피에스케이,1365825,2024,CFS,BS,재무상태표,유형자산,92635598884.0,71590181740.0,47536928356.0,21.0,
66800,피에스케이,1365825,2024,CFS,CF,현금흐름표,유형자산의 취득,27192602203.0,25981919786.0,12904503550.0,32.0,
66800,피에스케이,1365825,2024,CFS,BS,재무상태표,자본총계,471716805682.0,392569607133.0,353307517966.0,24.0,
66800,피에스케이,1365825,2024,CFS,BS,재무상태표,재고자산,108346942948.0,116713437321.0,117092467913.0,10.0,
66800,피에스케이,1365825,2024,CFS,CF,현금흐름표,재무활동현금흐름,-9249244373.0,-4067183666.0,-18286752569.0,8.0,
66800,피에스케이,1365825,2024,CFS,BS,재무상태표,총자산,569356264734.0,494393356491.0,472649339864.0,7.0,
66800,피에스케이,1365825,2024,CFS,CF,현금흐름표,투자활동현금흐름,-34424696928.0,-36436599654.0,-36165066547.0,17.0,피에스케이_2024_투자활동현금흐름
66800,피에스케이,1365825,2024,CFS,CIS,포괄손익계산서,판매비와관리비,125669566368.0,110482214439.0,121508162394.0,9.0,
66800,피에스케이,1365825,2023,CFS,CIS,포괄손익계산서,금융비용,10908075036.0,18324428228.0,4838718244.0,12.0,
66800,피에스케이,1365825,2023,CFS,CIS,포괄손익계산서,당기순이익,52520188202.0,77443254531.0,76728411521.0,21.0,
66800,피에스케이,1365825,2023,CFS,CIS,포괄손익계산서,매출액,351863805650.0,460909201007.0,445803726054.0,23.0,피에스케이_2023_수익(매출액)
66800,피에스케이,1365825,2023,CFS,CIS,포괄손익계산서,매출원가,187262999789.0,247558039884.0,244890416739.0,11.0,
66800,피에스케이,1365825,2023,CFS,BS,재무상태표,매출채권,37987710842.0,,,,
66800,피에스케이,1365825,2023,CFS,BS,재무상태표,무형자산,8815335592.0,9441818444.0,4854848989.0,20.0,
66800,피에스케이,1365825,2023,CFS,CF,현금흐름표,무형자산의 취득,142483000.0,2215885686.0,917830848.0,32.0,
66800,피에스케이,1365825,2023,CFS,CF,현금흐름표,배당금지급,11586685600.0,8770449600.0,4395528300.0,13.0,
66800,피에스케이,1365825,2023,CFS,BS,재무상태표,부채총계,101823749358.0,119341821898.0,124191260092.0,42.0,
66800,피에스케이,1365825,2023,CFS,BS,재무상태표,비유동부채,15701255440.0,18424170909.0,13060193242.0,43.0,
66800,피에스케이,1365825,2023,CFS,CIS,포괄손익계산서,영업이익,54118591422.0,91842998729.0,94084940603.0,6.0,
66800,피에스케이,1365825,2023,CFS,CF,현금흐름표,영업활동현금흐름,50281470015.0,46284494056.0,114603470770.0,34.0,피에스케이_2023_영업활동현금흐름
66800,피에스케이,1365825,2023,CFS,BS,재무상태표,유형자산,71590181740.0,47536928356.0,39677166014.0,23.0,
66800,피에스케이,1365825,2023,CFS,CF,현금흐름표,유형자산의 취득,25981919786.0,12904503550.0,8658250423.0,33.0,
66800,피에스케이,1365825,2023,CFS,BS,재무상태표,자본총계,392569607133.0,353307517966.0,289070957803.0,26.0,
66800,피에스케이,1365825,2023,CFS,BS,재무상태표,재고자산,116713437321.0,117092467913.0,78530771371.0,11.0,
66800,피에스케이,1365825,2023,CFS,CF,현금흐름표,재무활동현금흐름,-4067183666.0,-18286752569.0,3956188075.0,8.0,
66800,피에스케이,1365825,2023,CFS,BS,재무상태표,총자산,494393356491.0,472649339864.0,413262217895.0,7.0,
66800,피에스케이,1365825,2023,CFS,CF,현금흐름표,투자활동현금흐름,-36436599654.0,-36165066547.0,-91865718494.0,17.0,피에스케이_2023_투자활동현금흐름
66800,피에스케이,1365825,2023,CFS,CIS,포괄손익계산서,판매비와관리비,110482214439.0,121508162394.0,106828368712.0,9.0,
20960,피에스케이홀딩스,208444,2025,CFS,CIS,포괄손익계산서,금융비용,7097675554.0,8871692046.0,2117601103.0,9.0,
20960,피에스케이홀딩스,208444,2025,CFS,CIS,포괄손익계산서,당기순이익,91684937183.0,95820109996.0,42696378649.0,31.0,
20960,피에스케이홀딩스,208444,2025,CFS,CIS,포괄손익계산서,매출액,207764042799.0,215508095005.0,94716683944.0,36.0,피에스케이홀딩스_2025_매출액
20960,피에스케이홀딩스,208444,2025,CFS,CIS,포괄손익계산서,매출원가,77183969626.0,79701857380.0,36850212610.0,18.0,
20960,피에스케이홀딩스,208444,2025,CFS,BS,재무상태표,매출채권,27457280529.0,,,,
20960,피에스케이홀딩스,208444,2025,CFS,BS,재무상태표,무형자산,9709743398.0,10726361728.0,11229755735.0,17.0,
20960,피에스케이홀딩스,208444,2025,CFS,CF,현금흐름표,무형자산의 취득,687555590.0,285104432.0,547449200.0,27.0,
20960,피에스케이홀딩스,208444,2025,CFS,CF,현금흐름표,배당금지급,15093676500.0,12937437000.0,10187398000.0,13.0,
20960,피에스케이홀딩스,208444,2025,CFS,BS,재무상태표,부채총계,78501446934.0,82100998394.0,60129472727.0,43.0,
20960,피에스케이홀딩스,208444,2025,CFS,BS,재무상태표,비유동부채,30131521569.0,30362727096.0,25035137469.0,44.0,
20960,피에스케이홀딩스,208444,2025,CFS,CIS,포괄손익계산서,영업이익,73400914769.0,88482980891.0,26970755131.0,12.0,
20960,피에스케이홀딩스,208444,2025,CFS,CF,현금흐름표,영업활동현금흐름,81417272271.0,66625215940.0,32458332894.0,29.0,피에스케이홀딩스_2025_영업활동현금흐름
20960,피에스케이홀딩스,208444,2025,CFS,BS,재무상태표,유형자산,68799967926.0,72309459679.0,48935656616.0,24.0,
20960,피에스케이홀딩스,208444,2025,CFS,CF,현금흐름표,유형자산의 취득,1501257665.0,17483217716.0,17819340924.0,28.0,
20960,피에스케이홀딩스,208444,2025,CFS,BS,재무상태표,자본총계,506377712478.0,431463424801.0,341312404466.0,27.0,
20960,피에스케이홀딩스,208444,2025,CFS,BS,재무상태표,재고자산,26527847729.0,28552490470.0,17706980162.0,11.0,
20960,피에스케이홀딩스,208444,2025,CFS,CF,현금흐름표,재무활동현금흐름,-17536627375.0,-17030997586.0,23481977932.0,8.0,
20960,피에스케이홀딩스,208444,2025,CFS,BS,재무상태표,총자산,584879159412.0,513564423195.0,401441877193.0,7.0,
20960,피에스케이홀딩스,208444,2025,CFS,CF,현금흐름표,투자활동현금흐름,-833158771.0,-23949808588.0,-15036163087.0,16.0,피에스케이홀딩스_2025_투자활동현금흐름
20960,피에스케이홀딩스,208444,2025,CFS,CIS,포괄손익계산서,판매비와관리비,57179158404.0,47323256734.0,30895716203.0,13.0,
20960,피에스케이홀딩스,208444,2024,CFS,CIS,포괄손익계산서,금융비용,8871692046.0,2117601103.0,12521614460.0,12.0,
20960,피에스케이홀딩스,208444,2024,CFS,CIS,포괄손익계산서,당기순이익,95820109996.0,42696378649.0,40757933000.0,24.0,
20960,피에스케이홀딩스,208444,2024,CFS,CIS,포괄손익계산서,매출액,215508095005.0,94716683944.0,72790993366.0,26.0,피에스케이홀딩스_2024_수익(매출액)
20960,피에스케이홀딩스,208444,2024,CFS,CIS,포괄손익계산서,매출원가,79701857380.0,36850212610.0,30276143185.0,11.0,
20960,피에스케이홀딩스,208444,2024,CFS,BS,재무상태표,매출채권,38379344101.0,,,,
20960,피에스케이홀딩스,208444,2024,CFS,BS,재무상태표,무형자산,10726361728.0,11229755735.0,13386735297.0,18.0,
20960,피에스케이홀딩스,208444,2024,CFS,CF,현금흐름표,무형자산의 취득,285104432.0,547449200.0,104056790.0,34.0,
20960,피에스케이홀딩스,208444,2024,CFS,CF,현금흐름표,배당금지급,12937437000.0,10187398000.0,8286559600.0,17.0,
20960,피에스케이홀딩스,208444,2024,CFS,BS,재무상태표,부채총계,82100998394.0,60129472727.0,46254379594.0,42.0,
20960,피에스케이홀딩스,208444,2024,CFS,BS,재무상태표,비유동부채,30362727096.0,25035137469.0,24056905451.0,43.0,
20960,피에스케이홀딩스,208444,2024,CFS,CIS,포괄손익계산서,영업이익,88482980891.0,26970755131.0,16902902739.0,6.0,
20960,피에스케이홀딩스,208444,2024,CFS,CF,현금흐름표,영업활동현금흐름,66625215940.0,32458332894.0,19108647640.0,36.0,피에스케이홀딩스_2024_영업활동현금흐름
20960,피에스케이홀딩스,208444,2024,CFS,BS,재무상태표,유형자산,72309459679.0,48935656616.0,32027277546.0,24.0,
20960,피에스케이홀딩스,208444,2024,CFS,CF,현금흐름표,유형자산의 취득,0.0,-40815005.0,0.0,35.0,
20960,피에스케이홀딩스,208444,2024,CFS,BS,재무상태표,자본총계,431463424801.0,341312404466.0,282176616066.0,27.0,
20960,피에스케이홀딩스,208444,2024,CFS,BS,재무상태표,재고자산,28552490470.0,17706980162.0,15730289940.0,11.0,
20960,피에스케이홀딩스,208444,2024,CFS,CF,현금흐름표,재무활동현금흐름,-17030997586.0,23481977932.0,-10130114460.0,8.0,
20960,피에스케이홀딩스,208444,2024,CFS,BS,재무상태표,총자산,513564423195.0,401441877193.0,328430995660.0,7.0,
20960,피에스케이홀딩스,208444,2024,CFS,CF,현금흐름표,투자활동현금흐름,-23949808588.0,-15036163087.0,-17441955479.0,19.0,피에스케이홀딩스_2024_투자활동현금흐름
20960,피에스케이홀딩스,208444,2024,CFS,CIS,포괄손익계산서,판매비와관리비,47323256734.0,30895716203.0,25611947442.0,9.0,
20960,피에스케이홀딩스,208444,2023,CFS,CIS,포괄손익계산서,금융비용,2117601103.0,12521614460.0,973135809.0,16.0,
20960,피에스케이홀딩스,208444,2023,CFS,CIS,포괄손익계산서,당기순이익,42696378649.0,40757933000.0,46616689014.0,27.0,
20960,피에스케이홀딩스,208444,2023,CFS,CIS,포괄손익계산서,매출액,94716683944.0,72790993366.0,81623934759.0,29.0,피에스케이홀딩스_2023_수익(매출액)
20960,피에스케이홀딩스,208444,2023,CFS,CIS,포괄손익계산서,매출원가,36850212610.0,30276143185.0,31911886233.0,12.0,
20960,피에스케이홀딩스,208444,2023,CFS,BS,재무상태표,매출채권,16037712347.0,,,,
20960,피에스케이홀딩스,208444,2023,CFS,BS,재무상태표,무형자산,11229755735.0,13386735297.0,14576974848.0,20.0,
20960,피에스케이홀딩스,208444,2023,CFS,CF,현금흐름표,무형자산의 취득,547449200.0,104056790.0,175680900.0,37.0,
20960,피에스케이홀딩스,208444,2023,CFS,CF,현금흐름표,배당금지급,10187398000.0,8286559600.0,3913976000.0,18.0,
20960,피에스케이홀딩스,208444,2023,CFS,BS,재무상태표,부채총계,60129472727.0,46254379594.0,54300013379.0,43.0,
20960,피에스케이홀딩스,208444,2023,CFS,BS,재무상태표,비유동부채,25035137469.0,24056905451.0,31057706146.0,44.0,
20960,피에스케이홀딩스,208444,2023,CFS,CIS,포괄손익계산서,영업이익,26970755131.0,16902902739.0,22626646738.0,6.0,
20960,피에스케이홀딩스,208444,2023,CFS,CF,현금흐름표,영업활동현금흐름,32458332894.0,19108647640.0,28477069630.0,40.0,피에스케이홀딩스_2023_영업활동현금흐름
20960,피에스케이홀딩스,208444,2023,CFS,BS,재무상태표,유형자산,48935656616.0,32027277546.0,23232676276.0,25.0,
20960,피에스케이홀딩스,208444,2023,CFS,CF,현금흐름표,유형자산의 취득,17819340924.0,10860106793.0,5658908731.0,39.0,
20960,피에스케이홀딩스,208444,2023,CFS,BS,재무상태표,자본총계,341312404466.0,282176616066.0,251539081531.0,28.0,
20960,피에스케이홀딩스,208444,2023,CFS,BS,재무상태표,재고자산,17706980162.0,15730289940.0,9172849576.0,11.0,
20960,피에스케이홀딩스,208444,2023,CFS,CF,현금흐름표,재무활동현금흐름,23481977932.0,-10130114460.0,5292768966.0,8.0,
20960,피에스케이홀딩스,208444,2023,CFS,BS,재무상태표,총자산,401441877193.0,328430995660.0,305839094910.0,7.0,
20960,피에스케이홀딩스,208444,2023,CFS,CF,현금흐름표,투자활동현금흐름,-15036163087.0,-17441955479.0,-17058956932.0,20.0,피에스케이홀딩스_2023_투자활동현금흐름
20960,피에스케이홀딩스,208444,2023,CFS,CIS,포괄손익계산서,판매비와관리비,30895716203.0,25611947442.0,27085401788.0,9.0,
39030,필옵틱스,938721,2025,CFS,CIS,포괄손익계산서,금융비용,4552771975.0,3726643052.0,59735289963.0,19.0,
39030,필옵틱스,938721,2025,CFS,CIS,포괄손익계산서,당기순이익,-26429550668.0,28841292819.0,-43359457048.0,26.0,
39030,필옵틱스,938721,2025,CFS,CIS,포괄손익계산서,매출액,103440867014.0,410893768511.0,300001066109.0,31.0,필옵틱스_2025_매출액
39030,필옵틱스,938721,2025,CFS,CIS,포괄손익계산서,매출원가,95463393109.0,341347950334.0,256357728762.0,15.0,
39030,필옵틱스,938721,2025,CFS,BS,재무상태표,매출채권,23122808662.0,,,,
39030,필옵틱스,938721,2025,CFS,BS,재무상태표,무형자산,6902380651.0,7355285309.0,7588030662.0,18.0,
39030,필옵틱스,938721,2025,CFS,CF,현금흐름표,무형자산의 취득,720175572.0,465960528.0,3544449807.0,39.0,
39030,필옵틱스,938721,2025,CFS,CF,현금흐름표,배당금지급,828560860.0,3220547584.0,3654690714.0,22.0,
39030,필옵틱스,938721,2025,CFS,BS,재무상태표,부채총계,191827667186.0,183263878461.0,274054933670.0,48.0,
39030,필옵틱스,938721,2025,CFS,BS,재무상태표,비유동부채,22477350364.0,7284880298.0,66699734122.0,49.0,
39030,필옵틱스,938721,2025,CFS,CIS,포괄손익계산서,영업이익,-34892060535.0,13796035047.0,10265296884.0,7.0,
39030,필옵틱스,938721,2025,CFS,CF,현금흐름표,영업활동현금흐름,9523880996.0,-39394562544.0,111093907453.0,41.0,필옵틱스_2025_영업활동현금흐름
39030,필옵틱스,938721,2025,CFS,BS,재무상태표,유형자산,143027288120.0,135903132794.0,129475456015.0,24.0,
39030,필옵틱스,938721,2025,CFS,CF,현금흐름표,유형자산의 취득,13547785414.0,11500649037.0,28797983153.0,40.0,
39030,필옵틱스,938721,2025,CFS,BS,재무상태표,자본총계,191655444897.0,199484190326.0,176856436271.0,27.0,
39030,필옵틱스,938721,2025,CFS,BS,재무상태표,재고자산,57566288612.0,66009146584.0,119332909730.0,11.0,
39030,필옵틱스,938721,2025,CFS,CF,현금흐름표,재무활동현금흐름,40692651852.0,-3871341208.0,53811151217.0,8.0,
39030,필옵틱스,938721,2025,CFS,BS,재무상태표,총자산,383483112083.0,382748068787.0,450911369941.0,7.0,
39030,필옵틱스,938721,2025,CFS,CF,현금흐름표,투자활동현금흐름,-20687565306.0,-20538453747.0,-35177679327.0,24.0,필옵틱스_2025_투자활동현금흐름
39030,필옵틱스,938721,2025,CFS,CIS,포괄손익계산서,판매비와관리비,42869534440.0,55749783130.0,33378040463.0,10.0,
39030,필옵틱스,938721,2024,CFS,CIS,포괄손익계산서,금융비용,3726643052.0,59735289963.0,23727007362.0,19.0,
39030,필옵틱스,938721,2024,CFS,CIS,포괄손익계산서,당기순이익,28841292819.0,-43359457048.0,-5154412365.0,26.0,
39030,필옵틱스,938721,2024,CFS,CIS,포괄손익계산서,매출액,410893768511.0,300001066109.0,303987727889.0,31.0,필옵틱스_2024_매출액
39030,필옵틱스,938721,2024,CFS,CIS,포괄손익계산서,매출원가,341347950334.0,256357728762.0,248970900937.0,15.0,
39030,필옵틱스,938721,2024,CFS,BS,재무상태표,매출채권,24386857179.0,,,,
39030,필옵틱스,938721,2024,CFS,BS,재무상태표,무형자산,7355285309.0,7588030662.0,4504205308.0,19.0,
39030,필옵틱스,938721,2024,CFS,CF,현금흐름표,무형자산의 취득,465960528.0,3544449807.0,380386148.0,39.0,
39030,필옵틱스,938721,2024,CFS,CF,현금흐름표,배당금지급,3220547584.0,3654690714.0,,22.0,
39030,필옵틱스,938721,2024,CFS,BS,재무상태표,부채총계,183263878461.0,274054933670.0,241763000970.0,48.0,
39030,필옵틱스,938721,2024,CFS,BS,재무상태표,비유동부채,7284880298.0,66699734122.0,68145525207.0,49.0,
39030,필옵틱스,938721,2024,CFS,CIS,포괄손익계산서,영업이익,13796035047.0,10265296884.0,18085152488.0,6.0,
39030,필옵틱스,938721,2024,CFS,CF,현금흐름표,영업활동현금흐름,-39394562544.0,111093907453.0,-28725534420.0,41.0,필옵틱스_2024_영업활동현금흐름
39030,필옵틱스,938721,2024,CFS,BS,재무상태표,유형자산,135903132794.0,129475456015.0,105489320152.0,24.0,
39030,필옵틱스,938721,2024,CFS,CF,현금흐름표,유형자산의 취득,11500649037.0,28797983153.0,7880958288.0,40.0,
39030,필옵틱스,938721,2024,CFS,BS,재무상태표,자본총계,199484190326.0,176856436271.0,81585555097.0,27.0,
39030,필옵틱스,938721,2024,CFS,BS,재무상태표,재고자산,66009146584.0,119332909730.0,100471902973.0,11.0,
39030,필옵틱스,938721,2024,CFS,CF,현금흐름표,재무활동현금흐름,-3871341208.0,53811151217.0,22690148565.0,8.0,
39030,필옵틱스,938721,2024,CFS,BS,재무상태표,총자산,382748068787.0,450911369941.0,323348556067.0,7.0,
39030,필옵틱스,938721,2024,CFS,CF,현금흐름표,투자활동현금흐름,-20538453747.0,-35177679327.0,-6706152424.0,24.0,필옵틱스_2024_투자활동현금흐름
39030,필옵틱스,938721,2024,CFS,CIS,포괄손익계산서,판매비와관리비,55749783130.0,33378040463.0,36931674464.0,9.0,
39030,필옵틱스,938721,2023,CFS,CIS,포괄손익계산서,금융비용,59735289963.0,23727007362.0,11350992339.0,19.0,
39030,필옵틱스,938721,2023,CFS,CIS,포괄손익계산서,당기순이익,-43359457048.0,-5154412365.0,-10288532930.0,26.0,
39030,필옵틱스,938721,2023,CFS,CIS,포괄손익계산서,매출액,300001066109.0,303987727889.0,230791827975.0,31.0,필옵틱스_2023_매출액
39030,필옵틱스,938721,2023,CFS,CIS,포괄손익계산서,매출원가,256357728762.0,248970900937.0,208649446712.0,15.0,
39030,필옵틱스,938721,2023,CFS,BS,재무상태표,매출채권,15856491612.0,,,,
39030,필옵틱스,938721,2023,CFS,BS,재무상태표,무형자산,7588030662.0,4504205308.0,5273672174.0,18.0,
39030,필옵틱스,938721,2023,CFS,CF,현금흐름표,무형자산의 취득,3544449807.0,380386148.0,532547295.0,40.0,
39030,필옵틱스,938721,2023,CFS,CF,현금흐름표,배당금지급,3654690714.0,,,23.0,
39030,필옵틱스,938721,2023,CFS,BS,재무상태표,부채총계,274054933670.0,241763000970.0,190702398661.0,47.0,
39030,필옵틱스,938721,2023,CFS,BS,재무상태표,비유동부채,66699734122.0,68145525207.0,46881162863.0,48.0,
39030,필옵틱스,938721,2023,CFS,CIS,포괄손익계산서,영업이익,10265296884.0,18085152488.0,-10525310027.0,6.0,
39030,필옵틱스,938721,2023,CFS,CF,현금흐름표,영업활동현금흐름,111093907453.0,-28725534420.0,-67705504482.0,42.0,필옵틱스_2023_영업활동현금흐름
39030,필옵틱스,938721,2023,CFS,BS,재무상태표,유형자산,129475456015.0,105489320152.0,100026807954.0,23.0,
39030,필옵틱스,938721,2023,CFS,CF,현금흐름표,유형자산의 취득,28797983153.0,7880958288.0,22547158324.0,41.0,
39030,필옵틱스,938721,2023,CFS,BS,재무상태표,자본총계,176856436271.0,81585555097.0,86318114691.0,26.0,
39030,필옵틱스,938721,2023,CFS,BS,재무상태표,재고자산,119332909730.0,100471902973.0,72233998422.0,10.0,
39030,필옵틱스,938721,2023,CFS,CF,현금흐름표,재무활동현금흐름,53811151217.0,22690148565.0,-372377540.0,8.0,
39030,필옵틱스,938721,2023,CFS,BS,재무상태표,총자산,450911369941.0,323348556067.0,277020513352.0,7.0,
39030,필옵틱스,938721,2023,CFS,CF,현금흐름표,투자활동현금흐름,-35177679327.0,-6706152424.0,16639128711.0,24.0,필옵틱스_2023_투자활동현금흐름
39030,필옵틱스,938721,2023,CFS,CIS,포괄손익계산서,판매비와관리비,33378040463.0,36931674464.0,32667691290.0,9.0,
81370,하나마이크론,445054,2025,CFS,CIS,포괄손익계산서,금융비용,88049737271.0,122870998360.0,58281566564.0,19.0,
81370,하나마이크론,445054,2025,CFS,CIS,포괄손익계산서,당기순이익,65578519945.0,-11157290055.0,963094987.0,31.0,
81370,하나마이크론,445054,2025,CFS,CIS,포괄손익계산서,매출액,1534418874072.0,1250692575645.0,967971484717.0,35.0,하나마이크론_2025_매출
81370,하나마이크론,445054,2025,CFS,CIS,포괄손익계산서,매출원가,1322125987936.0,1060534661197.0,841029213765.0,15.0,
81370,하나마이크론,445054,2025,CFS,BS,재무상태표,매출채권,259162963862.0,,,,
81370,하나마이크론,445054,2025,CFS,BS,재무상태표,무형자산,32606194804.0,35267940074.0,35898064966.0,22.0,
81370,하나마이크론,445054,2025,CFS,CF,현금흐름표,무형자산의 취득,7717332025.0,8084902270.0,23423391138.0,51.0,
81370,하나마이크론,445054,2025,CFS,CF,현금흐름표,배당금지급,7448200680.0,4780167350.0,6086456750.0,23.0,
81370,하나마이크론,445054,2025,CFS,BS,재무상태표,부채총계,1365163250751.0,1338819768429.0,1180702762437.0,53.0,
81370,하나마이크론,445054,2025,CFS,BS,재무상태표,비유동부채,538012816744.0,718571746249.0,536020568287.0,54.0,
81370,하나마이크론,445054,2025,CFS,CIS,포괄손익계산서,영업이익,127689329155.0,106792878899.0,57904676214.0,6.0,
81370,하나마이크론,445054,2025,CFS,CF,현금흐름표,영업활동현금흐름,174918894576.0,40971029889.0,83115094568.0,56.0,하나마이크론_2025_영업활동현금흐름
81370,하나마이크론,445054,2025,CFS,BS,재무상태표,유형자산,1025551104472.0,1037705308316.0,1002455955877.0,30.0,
81370,하나마이크론,445054,2025,CFS,CF,현금흐름표,유형자산의 취득,142911917976.0,144766610811.0,307561643698.0,55.0,
81370,하나마이크론,445054,2025,CFS,BS,재무상태표,자본총계,652675603467.0,605829084189.0,544387369437.0,34.0,
81370,하나마이크론,445054,2025,CFS,BS,재무상태표,재고자산,247059318411.0,165227226732.0,169749546371.0,16.0,
81370,하나마이크론,445054,2025,CFS,CF,현금흐름표,재무활동현금흐름,-70955529049.0,146651822202.0,330697252819.0,8.0,
81370,하나마이크론,445054,2025,CFS,BS,재무상태표,총자산,2017838854218.0,1944648852618.0,1725090131874.0,7.0,
81370,하나마이크론,445054,2025,CFS,CF,현금흐름표,투자활동현금흐름,-156830059010.0,-146143913739.0,-408102565655.0,29.0,하나마이크론_2025_투자활동현금흐름
81370,하나마이크론,445054,2025,CFS,CIS,포괄손익계산서,판매비와관리비,84603556981.0,83365035549.0,69037594738.0,9.0,
81370,하나마이크론,445054,2024,CFS,CIS,포괄손익계산서,금융비용,122870998360.0,58281566564.0,30324151829.0,16.0,
81370,하나마이크론,445054,2024,CFS,CIS,포괄손익계산서,당기순이익,-11157290055.0,963094987.0,58230571627.0,28.0,
81370,하나마이크론,445054,2024,CFS,CIS,포괄손익계산서,매출액,1250692575645.0,967971484717.0,894395892458.0,32.0,하나마이크론_2024_수익(매출액)
81370,하나마이크론,445054,2024,CFS,CIS,포괄손익계산서,매출원가,1060534661197.0,841029213765.0,722154738394.0,12.0,
81370,하나마이크론,445054,2024,CFS,BS,재무상태표,매출채권,217184477698.0,,,,
81370,하나마이크론,445054,2024,CFS,BS,재무상태표,무형자산,35267940074.0,35898064966.0,20939320538.0,21.0,
81370,하나마이크론,445054,2024,CFS,CF,현금흐름표,무형자산의 취득,8084902270.0,23423391138.0,7118371870.0,47.0,
81370,하나마이크론,445054,2024,CFS,CF,현금흐름표,배당금지급,4780167350.0,6086456750.0,7854067800.0,24.0,
81370,하나마이크론,445054,2024,CFS,BS,재무상태표,부채총계,1338819768429.0,1180702762437.0,920833274905.0,52.0,
81370,하나마이크론,445054,2024,CFS,BS,재무상태표,비유동부채,718571746249.0,536020568287.0,478749143996.0,53.0,
81370,하나마이크론,445054,2024,CFS,CIS,포괄손익계산서,영업이익,106792878899.0,57904676214.0,103548271876.0,6.0,
81370,하나마이크론,445054,2024,CFS,CF,현금흐름표,영업활동현금흐름,40971029889.0,83115094568.0,129955135752.0,51.0,하나마이크론_2024_영업활동현금흐름
81370,하나마이크론,445054,2024,CFS,BS,재무상태표,유형자산,1037705308316.0,1002455955877.0,807665218785.0,29.0,
81370,하나마이크론,445054,2024,CFS,CF,현금흐름표,유형자산의 취득,144766610811.0,307561643698.0,326406771740.0,50.0,
81370,하나마이크론,445054,2024,CFS,BS,재무상태표,자본총계,605829084189.0,544387369437.0,488215520054.0,33.0,
81370,하나마이크론,445054,2024,CFS,BS,재무상태표,재고자산,165227226732.0,169749546371.0,180636939858.0,15.0,
81370,하나마이크론,445054,2024,CFS,CF,현금흐름표,재무활동현금흐름,146651822202.0,330697252819.0,245332836919.0,8.0,
81370,하나마이크론,445054,2024,CFS,BS,재무상태표,총자산,1944648852618.0,1725090131874.0,1409048794959.0,7.0,
81370,하나마이크론,445054,2024,CFS,CF,현금흐름표,투자활동현금흐름,-146143913739.0,-408102565655.0,-398886577162.0,28.0,하나마이크론_2024_투자활동현금흐름
81370,하나마이크론,445054,2024,CFS,CIS,포괄손익계산서,판매비와관리비,83365035549.0,69037594738.0,68692882188.0,33.0,
81370,하나마이크론,445054,2023,CFS,CIS,포괄손익계산서,금융비용,58281566564.0,30324151829.0,26917796915.0,20.0,
81370,하나마이크론,445054,2023,CFS,CIS,포괄손익계산서,당기순이익,963094987.0,58230571627.0,67157827803.0,32.0,
81370,하나마이크론,445054,2023,CFS,CIS,포괄손익계산서,매출액,967971484717.0,894395892458.0,669511962324.0,37.0,하나마이크론_2023_매출
81370,하나마이크론,445054,2023,CFS,CIS,포괄손익계산서,매출원가,841029213765.0,722154738394.0,513194368613.0,16.0,
81370,하나마이크론,445054,2023,CFS,BS,재무상태표,매출채권,80582932855.0,,,,
81370,하나마이크론,445054,2023,CFS,BS,재무상태표,무형자산,35898064966.0,20939320538.0,18914288062.0,23.0,
81370,하나마이크론,445054,2023,CFS,CF,현금흐름표,무형자산의 취득,23423391138.0,7118371870.0,5799240512.0,45.0,
81370,하나마이크론,445054,2023,CFS,CF,현금흐름표,배당금지급,6086456750.0,7854067800.0,7817899200.0,23.0,
81370,하나마이크론,445054,2023,CFS,BS,재무상태표,부채총계,1180702762437.0,920833274905.0,602627869530.0,52.0,
81370,하나마이크론,445054,2023,CFS,BS,재무상태표,비유동부채,536020568287.0,478749143996.0,263448023640.0,53.0,
81370,하나마이크론,445054,2023,CFS,CIS,포괄손익계산서,영업이익,57904676214.0,103548271876.0,104938649978.0,6.0,
81370,하나마이크론,445054,2023,CFS,CF,현금흐름표,영업활동현금흐름,83115094568.0,129955135752.0,149226058931.0,48.0,하나마이크론_2023_영업활동현금흐름
81370,하나마이크론,445054,2023,CFS,BS,재무상태표,유형자산,1002455955877.0,807665218785.0,610524154040.0,31.0,
81370,하나마이크론,445054,2023,CFS,CF,현금흐름표,유형자산의 취득,307561643698.0,326406771740.0,178616465651.0,47.0,
81370,하나마이크론,445054,2023,CFS,BS,재무상태표,자본총계,544387369437.0,488215520054.0,448412026842.0,34.0,
81370,하나마이크론,445054,2023,CFS,BS,재무상태표,재고자산,169749546371.0,180636939858.0,103516292169.0,15.0,
81370,하나마이크론,445054,2023,CFS,CF,현금흐름표,재무활동현금흐름,330697252819.0,245332836919.0,105854327401.0,8.0,
81370,하나마이크론,445054,2023,CFS,BS,재무상태표,총자산,1725090131874.0,1409048794959.0,1051039896372.0,8.0,
81370,하나마이크론,445054,2023,CFS,CF,현금흐름표,투자활동현금흐름,-408102565655.0,-398886577162.0,-184330955892.0,27.0,하나마이크론_2023_투자활동현금흐름
81370,하나마이크론,445054,2023,CFS,CIS,포괄손익계산서,판매비와관리비,69037594738.0,68692882188.0,51378943733.0,10.0,
205470,하나머티리얼즈,660750,2025,CFS,CIS,포괄손익계산서,금융비용,3532603131.0,7890785839.0,4041252013.0,20.0,
205470,하나머티리얼즈,660750,2025,CFS,CIS,포괄손익계산서,당기순이익,38375641020.0,31756594796.0,34193789438.0,29.0,
205470,하나머티리얼즈,660750,2025,CFS,CIS,포괄손익계산서,매출액,273481969679.0,251646191336.0,233576716299.0,34.0,하나머티리얼즈_2025_수익(매출액)
205470,하나머티리얼즈,660750,2025,CFS,CIS,포괄손익계산서,매출원가,188390141999.0,177215558471.0,167527812937.0,16.0,
205470,하나머티리얼즈,660750,2025,CFS,BS,재무상태표,매출채권,32973830006.0,,,,
205470,하나머티리얼즈,660750,2025,CFS,BS,재무상태표,무형자산,5844957852.0,6547952838.0,6089549565.0,18.0,
205470,하나머티리얼즈,660750,2025,CFS,CF,현금흐름표,무형자산의 취득,298170674.0,1319930305.0,1220589737.0,35.0,
205470,하나머티리얼즈,660750,2025,CFS,CF,현금흐름표,배당금지급,4870055750.0,3904080400.0,5856120600.0,15.0,
205470,하나머티리얼즈,660750,2025,CFS,BS,재무상태표,부채총계,221925887100.0,220102424816.0,272869288131.0,46.0,
205470,하나머티리얼즈,660750,2025,CFS,BS,재무상태표,비유동부채,103647302623.0,99062670868.0,137003063187.0,47.0,
205470,하나머티리얼즈,660750,2025,CFS,CIS,포괄손익계산서,영업이익,50081056398.0,43411736320.0,41282810386.0,7.0,
205470,하나머티리얼즈,660750,2025,CFS,CF,현금흐름표,영업활동현금흐름,68543052519.0,75683902591.0,44195639577.0,38.0,하나머티리얼즈_2025_영업활동현금흐름
205470,하나머티리얼즈,660750,2025,CFS,BS,재무상태표,유형자산,350553902791.0,347942657582.0,353036354672.0,24.0,
205470,하나머티리얼즈,660750,2025,CFS,CF,현금흐름표,유형자산의 취득,20022518828.0,42164008707.0,120647416529.0,37.0,
205470,하나머티리얼즈,660750,2025,CFS,BS,재무상태표,자본총계,463680286012.0,353781902893.0,399694212949.0,28.0,
205470,하나머티리얼즈,660750,2025,CFS,BS,재무상태표,재고자산,63725474914.0,63599516544.0,75729363974.0,12.0,
205470,하나머티리얼즈,660750,2025,CFS,CF,현금흐름표,재무활동현금흐름,-52779463961.0,-45707735968.0,81690430483.0,8.0,
205470,하나머티리얼즈,660750,2025,CFS,BS,재무상태표,총자산,685606173112.0,573884327709.0,672563501080.0,7.0,
205470,하나머티리얼즈,660750,2025,CFS,CF,현금흐름표,투자활동현금흐름,-12246933113.0,-25744905084.0,-125034372537.0,17.0,하나머티리얼즈_2025_투자활동현금흐름
205470,하나머티리얼즈,660750,2025,CFS,CIS,포괄손익계산서,판매비와관리비,35010771282.0,31018896545.0,24766092976.0,11.0,
205470,하나머티리얼즈,660750,2024,CFS,CIS,포괄손익계산서,금융비용,7890785839.0,4041252013.0,3652796661.0,20.0,
205470,하나머티리얼즈,660750,2024,CFS,CIS,포괄손익계산서,당기순이익,31756594796.0,34193789438.0,80134902808.0,29.0,
205470,하나머티리얼즈,660750,2024,CFS,CIS,포괄손익계산서,매출액,251646191336.0,233576716299.0,307324400689.0,34.0,하나머티리얼즈_2024_수익(매출액)
205470,하나머티리얼즈,660750,2024,CFS,CIS,포괄손익계산서,매출원가,177215558471.0,167527812937.0,186355055708.0,16.0,
205470,하나머티리얼즈,660750,2024,CFS,BS,재무상태표,매출채권,28350644676.0,,,,
205470,하나머티리얼즈,660750,2024,CFS,BS,재무상태표,무형자산,6547952838.0,6089549565.0,5638456809.0,19.0,
205470,하나머티리얼즈,660750,2024,CFS,CF,현금흐름표,무형자산의 취득,1319930305.0,1220589737.0,1066135111.0,35.0,
205470,하나머티리얼즈,660750,2024,CFS,CF,현금흐름표,배당금지급,3904080400.0,5856120600.0,11711172600.0,15.0,
205470,하나머티리얼즈,660750,2024,CFS,BS,재무상태표,부채총계,220102424816.0,272869288131.0,182053856699.0,46.0,
205470,하나머티리얼즈,660750,2024,CFS,BS,재무상태표,비유동부채,99062670868.0,137003063187.0,79036925535.0,47.0,
205470,하나머티리얼즈,660750,2024,CFS,CIS,포괄손익계산서,영업이익,43411736320.0,41282810386.0,93739279403.0,7.0,
205470,하나머티리얼즈,660750,2024,CFS,CF,현금흐름표,영업활동현금흐름,75683902591.0,44195639577.0,82582765480.0,37.0,하나머티리얼즈_2024_영업활동현금흐름
205470,하나머티리얼즈,660750,2024,CFS,BS,재무상태표,유형자산,347942657582.0,353036354672.0,264574822860.0,24.0,
205470,하나머티리얼즈,660750,2024,CFS,CF,현금흐름표,유형자산의 취득,42164008707.0,120647416529.0,92465007341.0,36.0,
205470,하나머티리얼즈,660750,2024,CFS,BS,재무상태표,자본총계,353781902893.0,399694212949.0,297572258664.0,28.0,
205470,하나머티리얼즈,660750,2024,CFS,BS,재무상태표,재고자산,63599516544.0,75729363974.0,72891669996.0,12.0,
205470,하나머티리얼즈,660750,2024,CFS,CF,현금흐름표,재무활동현금흐름,-45707735968.0,81690430483.0,-5298277073.0,8.0,
205470,하나머티리얼즈,660750,2024,CFS,BS,재무상태표,총자산,573884327709.0,672563501080.0,479626115363.0,7.0,
205470,하나머티리얼즈,660750,2024,CFS,CF,현금흐름표,투자활동현금흐름,-25744905084.0,-125034372537.0,-92448191263.0,17.0,하나머티리얼즈_2024_투자활동현금흐름
205470,하나머티리얼즈,660750,2024,CFS,CIS,포괄손익계산서,판매비와관리비,31018896545.0,24766092976.0,27230065578.0,11.0,
205470,하나머티리얼즈,660750,2023,CFS,CIS,포괄손익계산서,금융비용,4034329045.0,3652796661.0,2896660972.0,19.0,
205470,하나머티리얼즈,660750,2023,CFS,CIS,포괄손익계산서,당기순이익,34193789438.0,80134902808.0,66671855849.0,28.0,
205470,하나머티리얼즈,660750,2023,CFS,CIS,포괄손익계산서,매출액,233576716299.0,307324400689.0,271100564703.0,33.0,하나머티리얼즈_2023_매출액
205470,하나머티리얼즈,660750,2023,CFS,CIS,포괄손익계산서,매출원가,167527812937.0,186355055708.0,162786890905.0,15.0,
205470,하나머티리얼즈,660750,2023,CFS,BS,재무상태표,매출채권,14362129780.0,,,,
205470,하나머티리얼즈,660750,2023,CFS,BS,재무상태표,무형자산,6089549565.0,5638456809.0,5531821061.0,19.0,
205470,하나머티리얼즈,660750,2023,CFS,CF,현금흐름표,무형자산의 취득,1220589737.0,1066135111.0,2309885417.0,35.0,
205470,하나머티리얼즈,660750,2023,CFS,CF,현금흐름표,배당금지급,5856120600.0,11711172600.0,11675004000.0,18.0,
205470,하나머티리얼즈,660750,2023,CFS,BS,재무상태표,부채총계,272869288131.0,182053856699.0,186703043948.0,46.0,
205470,하나머티리얼즈,660750,2023,CFS,BS,재무상태표,비유동부채,137003063187.0,79036925535.0,77110948376.0,47.0,
205470,하나머티리얼즈,660750,2023,CFS,CIS,포괄손익계산서,영업이익,41282810386.0,93739279403.0,82270294505.0,6.0,
205470,하나머티리얼즈,660750,2023,CFS,CF,현금흐름표,영업활동현금흐름,44195639577.0,82582765480.0,96579842008.0,37.0,하나머티리얼즈_2023_영업활동현금흐름
205470,하나머티리얼즈,660750,2023,CFS,BS,재무상태표,유형자산,353036354672.0,264574822860.0,205605885849.0,24.0,
205470,하나머티리얼즈,660750,2023,CFS,CF,현금흐름표,유형자산의 취득,120647416529.0,92465007341.0,31192451066.0,36.0,
205470,하나머티리얼즈,660750,2023,CFS,BS,재무상태표,자본총계,399694212949.0,297572258664.0,256975469704.0,27.0,
205470,하나머티리얼즈,660750,2023,CFS,BS,재무상태표,재고자산,75729363974.0,72891669996.0,44411131615.0,12.0,
205470,하나머티리얼즈,660750,2023,CFS,CF,현금흐름표,재무활동현금흐름,81690430483.0,-5298277073.0,-18395417179.0,9.0,
205470,하나머티리얼즈,660750,2023,CFS,BS,재무상태표,총자산,672563501080.0,479626115363.0,443678513652.0,8.0,
205470,하나머티리얼즈,660750,2023,CFS,CF,현금흐름표,투자활동현금흐름,-125034372537.0,-92448191263.0,-77942283798.0,19.0,하나머티리얼즈_2023_투자활동현금흐름
205470,하나머티리얼즈,660750,2023,CFS,CIS,포괄손익계산서,판매비와관리비,24766092976.0,27230065578.0,26043379293.0,9.0,
42700,한미반도체,161383,2025,CFS,CIS,포괄손익계산서,금융비용,10309063583.0,6078237057.0,10157405048.0,18.0,
42700,한미반도체,161383,2025,CFS,CIS,포괄손익계산서,당기순이익,214007548411.0,152614498001.0,267167515858.0,29.0,
42700,한미반도체,161383,2025,CFS,CIS,포괄손익계산서,매출액,576684619527.0,558917191547.0,159008528366.0,35.0,한미반도체_2025_수익(매출액)
42700,한미반도체,161383,2025,CFS,CIS,포괄손익계산서,매출원가,244617054373.0,244394994634.0,79604579238.0,14.0,
42700,한미반도체,161383,2025,CFS,BS,재무상태표,매출채권,62375238496.0,,,,
42700,한미반도체,161383,2025,CFS,BS,재무상태표,무형자산,23326987170.0,4627653813.0,4458788729.0,18.0,
42700,한미반도체,161383,2025,CFS,CF,현금흐름표,무형자산의 취득,19113861717.0,249917598.0,83934608.0,27.0,
42700,한미반도체,161383,2025,CFS,CF,현금흐름표,배당금지급,68294161440.0,40521474840.0,19467860400.0,15.0,
42700,한미반도체,161383,2025,CFS,BS,재무상태표,부채총계,123004106583.0,169984503289.0,151940478614.0,43.0,
42700,한미반도체,161383,2025,CFS,BS,재무상태표,비유동부채,2883776691.0,9943889910.0,46930828029.0,44.0,
42700,한미반도체,161383,2025,CFS,CIS,포괄손익계산서,영업이익,251390142142.0,255391604854.0,34571410992.0,8.0,
42700,한미반도체,161383,2025,CFS,CF,현금흐름표,영업활동현금흐름,228626759780.0,141363819580.0,44990807438.0,29.0,한미반도체_2025_영업활동현금흐름
42700,한미반도체,161383,2025,CFS,BS,재무상태표,유형자산,238136981301.0,174730996354.0,126524486344.0,24.0,
42700,한미반도체,161383,2025,CFS,CF,현금흐름표,유형자산의 취득,74621166719.0,53537061092.0,27531410354.0,28.0,
42700,한미반도체,161383,2025,CFS,BS,재무상태표,자본총계,690327519537.0,540887863389.0,571898625127.0,26.0,
42700,한미반도체,161383,2025,CFS,BS,재무상태표,재고자산,150384035752.0,153401207241.0,95433336170.0,11.0,
42700,한미반도체,161383,2025,CFS,CF,현금흐름표,재무활동현금흐름,-77238574571.0,-231725385169.0,-43622103656.0,8.0,
42700,한미반도체,161383,2025,CFS,BS,재무상태표,총자산,813331626120.0,710872366678.0,723839103741.0,7.0,
42700,한미반도체,161383,2025,CFS,CF,현금흐름표,투자활동현금흐름,18323837100.0,9424530414.0,84636164574.0,17.0,한미반도체_2025_투자활동현금흐름
42700,한미반도체,161383,2025,CFS,CIS,포괄손익계산서,판매비와관리비,61281136435.0,41275747991.0,28972848032.0,9.0,
42700,한미반도체,161383,2024,CFS,CIS,포괄손익계산서,금융비용,6078237057.0,10157405048.0,9567800296.0,18.0,
42700,한미반도체,161383,2024,CFS,CIS,포괄손익계산서,당기순이익,152614498001.0,267167515858.0,92259257411.0,29.0,
42700,한미반도체,161383,2024,CFS,CIS,포괄손익계산서,매출액,558917191547.0,159008528366.0,327592058714.0,35.0,한미반도체_2024_수익(매출액)
42700,한미반도체,161383,2024,CFS,CIS,포괄손익계산서,매출원가,244394994634.0,79604579238.0,142555702958.0,14.0,
42700,한미반도체,161383,2024,CFS,BS,재무상태표,매출채권,146876971415.0,,,,
42700,한미반도체,161383,2024,CFS,BS,재무상태표,무형자산,4627653813.0,4458788729.0,4280048490.0,19.0,
42700,한미반도체,161383,2024,CFS,CF,현금흐름표,무형자산의 취득,249917598.0,83934608.0,202361365.0,24.0,
42700,한미반도체,161383,2024,CFS,CF,현금흐름표,배당금지급,40521474840.0,19467860400.0,29675926200.0,13.0,
42700,한미반도체,161383,2024,CFS,BS,재무상태표,부채총계,169984503289.0,151940478614.0,65336210199.0,45.0,
42700,한미반도체,161383,2024,CFS,BS,재무상태표,비유동부채,9943889910.0,46930828029.0,2291379490.0,46.0,
42700,한미반도체,161383,2024,CFS,CIS,포괄손익계산서,영업이익,255391604854.0,34571410992.0,111859422080.0,8.0,
42700,한미반도체,161383,2024,CFS,CF,현금흐름표,영업활동현금흐름,141363819580.0,44990807438.0,109501808221.0,26.0,한미반도체_2024_영업활동현금흐름
42700,한미반도체,161383,2024,CFS,BS,재무상태표,유형자산,174730996354.0,126524486344.0,112548395466.0,25.0,
42700,한미반도체,161383,2024,CFS,CF,현금흐름표,유형자산의 취득,53537061092.0,27531410354.0,9090926920.0,25.0,
42700,한미반도체,161383,2024,CFS,BS,재무상태표,자본총계,540887863389.0,571898625127.0,390096755786.0,28.0,
42700,한미반도체,161383,2024,CFS,BS,재무상태표,재고자산,153401207241.0,95433336170.0,80082209631.0,11.0,
42700,한미반도체,161383,2024,CFS,CF,현금흐름표,재무활동현금흐름,-231725385169.0,-43622103656.0,-50841790287.0,8.0,
42700,한미반도체,161383,2024,CFS,BS,재무상태표,총자산,710872366678.0,723839103741.0,455432965985.0,7.0,
42700,한미반도체,161383,2024,CFS,CF,현금흐름표,투자활동현금흐름,9424530414.0,84636164574.0,-18079678286.0,15.0,한미반도체_2024_투자활동현금흐름
42700,한미반도체,161383,2024,CFS,CIS,포괄손익계산서,판매비와관리비,41275747991.0,28972848032.0,54910431420.0,9.0,
42700,한미반도체,161383,2023,CFS,CIS,포괄손익계산서,금융비용,10157405048.0,9567800296.0,5525202196.0,20.0,
42700,한미반도체,161383,2023,CFS,CIS,포괄손익계산서,당기순이익,267167515858.0,92259257411.0,104438304265.0,31.0,
42700,한미반도체,161383,2023,CFS,CIS,포괄손익계산서,매출액,159008528366.0,327592058714.0,373169401913.0,36.0,한미반도체_2023_매출액
42700,한미반도체,161383,2023,CFS,CIS,포괄손익계산서,매출원가,79604579238.0,142555702958.0,192924061622.0,16.0,
42700,한미반도체,161383,2023,CFS,BS,재무상태표,매출채권,40648496938.0,,,,
42700,한미반도체,161383,2023,CFS,BS,재무상태표,무형자산,4458788729.0,4280048490.0,4564320360.0,21.0,
42700,한미반도체,161383,2023,CFS,CF,현금흐름표,무형자산의 취득,83934608.0,202361365.0,1556114941.0,25.0,
42700,한미반도체,161383,2023,CFS,CF,현금흐름표,배당금지급,19467860400.0,29675926200.0,19671513600.0,15.0,
42700,한미반도체,161383,2023,CFS,BS,재무상태표,부채총계,151940478614.0,65336210199.0,82473641150.0,45.0,
42700,한미반도체,161383,2023,CFS,BS,재무상태표,비유동부채,46930828029.0,2291379490.0,1781509529.0,46.0,
42700,한미반도체,161383,2023,CFS,CIS,포괄손익계산서,영업이익,34571410992.0,111859422080.0,122419465500.0,6.0,
42700,한미반도체,161383,2023,CFS,CF,현금흐름표,영업활동현금흐름,44990807438.0,109501808221.0,52279090690.0,28.0,한미반도체_2023_영업활동현금흐름
42700,한미반도체,161383,2023,CFS,BS,재무상태표,유형자산,126524486344.0,112548395466.0,108127052346.0,26.0,
42700,한미반도체,161383,2023,CFS,CF,현금흐름표,유형자산의 취득,27531410354.0,9090926920.0,25283707204.0,27.0,
42700,한미반도체,161383,2023,CFS,BS,재무상태표,자본총계,571898625127.0,390096755786.0,346812042277.0,28.0,
42700,한미반도체,161383,2023,CFS,BS,재무상태표,재고자산,95433336170.0,80082209631.0,85821570853.0,12.0,
42700,한미반도체,161383,2023,CFS,CF,현금흐름표,재무활동현금흐름,-43622103656.0,-50841790287.0,-19856287040.0,9.0,
42700,한미반도체,161383,2023,CFS,BS,재무상태표,총자산,723839103741.0,455432965985.0,429285683427.0,8.0,
42700,한미반도체,161383,2023,CFS,CF,현금흐름표,투자활동현금흐름,84636164574.0,-18079678286.0,-64957521614.0,16.0,한미반도체_2023_투자활동현금흐름
42700,한미반도체,161383,2023,CFS,CIS,포괄손익계산서,판매비와관리비,28972848032.0,54910431420.0,39544571970.0,8.0,
