market_cap_rank,corp_code,corp_name,stock_code,index,"[D320000] 손익계산서, 성격별 분류 - 연결 | Income statement, by nature of expense - Consolidated financial statements (Unit: KRW)_concept_id","[D320000] 손익계산서, 성격별 분류 - 연결 | Income statement, by nature of expense - Consolidated financial statements (Unit: KRW)_label_ko","[D320000] 손익계산서, 성격별 분류 - 연결 | Income statement, by nature of expense - Consolidated financial statements (Unit: KRW)_label_en","[D320000] 손익계산서, 성격별 분류 - 연결 | Income statement, by nature of expense - Consolidated financial statements (Unit: KRW)_class0","[D320000] 손익계산서, 성격별 분류 - 연결 | Income statement, by nature of expense - Consolidated financial statements (Unit: KRW)_class1","[D320000] 손익계산서, 성격별 분류 - 연결 | Income statement, by nature of expense - Consolidated financial statements (Unit: KRW)_class2",20240101-20241231_연결재무제표,20230101-20231231_연결재무제표,20220101-20221231_연결재무제표,"[D310000] 손익계산서, 기능별 분류 - 연결 | Income statement, by function of expense - Consolidated financial statements (Unit: KRW)_concept_id","[D310000] 손익계산서, 기능별 분류 - 연결 | Income statement, by function of expense - Consolidated financial statements (Unit: KRW)_label_ko","[D310000] 손익계산서, 기능별 분류 - 연결 | Income statement, by function of expense - Consolidated financial statements (Unit: KRW)_label_en","[D310000] 손익계산서, 기능별 분류 - 연결 | Income statement, by function of expense - Consolidated financial statements (Unit: KRW)_class0","[D310000] 손익계산서, 기능별 분류 - 연결 | Income statement, by function of expense - Consolidated financial statements (Unit: KRW)_class1","[D310000] 손익계산서, 기능별 분류 - 연결 | Income statement, by function of expense - Consolidated financial statements (Unit: KRW)_class2","[D310000] 손익계산서, 기능별 분류 - 연결 | Income statement, by function of expense - Consolidated financial statements (Unit: KRW)_class3",Income statement(Unit: KRW)_label_ko,Income statement(Unit: KRW)_comment,"[D310000] 손익계산서, 기능별 분류 - 연결 | Income statement, by function of expense - Consolidated financial statements (Unit: USD)_concept_id","[D310000] 손익계산서, 기능별 분류 - 연결 | Income statement, by function of expense - Consolidated financial statements (Unit: USD)_label_ko","[D310000] 손익계산서, 기능별 분류 - 연결 | Income statement, by function of expense - Consolidated financial statements (Unit: USD)_label_en","[D310000] 손익계산서, 기능별 분류 - 연결 | Income statement, by function of expense - Consolidated financial statements (Unit: USD)_class0","[D310000] 손익계산서, 기능별 분류 - 연결 | Income statement, by function of expense - Consolidated financial statements (Unit: USD)_class1","[D310000] 손익계산서, 기능별 분류 - 연결 | Income statement, by function of expense - Consolidated financial statements (Unit: USD)_class2"
1,00126380,삼성전자,005930,2,,,,,,,114308635000000.0,78546914000000.0,112189590000000.0,ifrs-full_GrossProfit,매출총이익,Gross profit,ifrs-full:IncomeStatementAbstract,매출총이익,,,,,,,,,,
1,00126380,삼성전자,005930,3,,,,,,,81582674000000.0,71979938000000.0,68812960000000.0,dart_TotalSellingGeneralAdministrativeExpenses,판매비와관리비,Selling general administrative expenses,ifrs-full:IncomeStatementAbstract,판매비와관리비,,,,,,,,,,
1,00126380,삼성전자,005930,4,,,,,,,32725961000000.0,6566976000000.0,43376630000000.0,dart_OperatingIncomeLoss,영업이익,Operating profit,ifrs-full:IncomeStatementAbstract,영업이익,,,,,,,,,,
1,00126380,삼성전자,005930,5,,,,,,,1960338000000.0,1180448000000.0,1962071000000.0,dart_OtherGains,기타수익,Other gains,ifrs-full:IncomeStatementAbstract,기타수익,,,,,,,,,,
1,00126380,삼성전자,005930,6,,,,,,,1625229000000.0,1083327000000.0,1790176000000.0,dart_OtherLosses,기타비용,Other losses,ifrs-full:IncomeStatementAbstract,기타비용,,,,,,,,,,
1,00126380,삼성전자,005930,7,,,,,,,751044000000.0,887550000000.0,1090643000000.0,ifrs-full_ShareOfProfitLossOfAssociatesAndJointVenturesAccountedForUsingEquityMethod,지분법이익,Share of net profit of associates and joint ventures,ifrs-full:IncomeStatementAbstract,지분법이익,,,,,,,,,,
1,00126380,삼성전자,005930,8,,,,,,,16703304000000.0,16100148000000.0,20828995000000.0,ifrs-full_FinanceIncome,금융수익,Financial income,ifrs-full:IncomeStatementAbstract,금융수익,,,,,,,,,,
1,00126380,삼성전자,005930,9,,,,,,,12985684000000.0,12645530000000.0,19027689000000.0,ifrs-full_FinanceCosts,금융비용,Financial expense,ifrs-full:IncomeStatementAbstract,금융비용,,,,,,,,,,
1,00126380,삼성전자,005930,10,,,,,,,37529734000000.0,11006265000000.0,46440474000000.0,ifrs-full_ProfitLossBeforeTax,법인세비용차감전순이익,Profit (loss) before tax,ifrs-full:IncomeStatementAbstract,법인세비용차감전순이익,,,,,,,,,,
1,00126380,삼성전자,005930,11,,,,,,,3078383000000.0,-4480835000000.0,-9213603000000.0,ifrs-full_IncomeTaxExpenseContinuingOperations,법인세비용(수익),Income tax expense (benefit),ifrs-full:IncomeStatementAbstract,법인세비용(수익),,,,,,,,,,
1,00126380,삼성전자,005930,12,,,,,,,34451351000000.0,15487100000000.0,55654077000000.0,ifrs-full_ProfitLoss,당기순이익,Profit,ifrs-full:IncomeStatementAbstract,당기순이익,,,,,,,,,,
1,00126380,삼성전자,005930,13,,,,,,,33621363000000.0,14473401000000.0,54730018000000.0,ifrs-full_ProfitLossAttributableToOwnersOfParent,지배기업 소유지분,"Profit (loss), attributable to owners of parent",ifrs-full:IncomeStatementAbstract,당기순이익의 귀속,지배기업 소유지분,,,,,,,,,
1,00126380,삼성전자,005930,14,,,,,,,829988000000.0,1013699000000.0,924059000000.0,ifrs-full_ProfitLossAttributableToNoncontrollingInterests,비지배지분,Profit attributable to Non-controlling interests,ifrs-full:IncomeStatementAbstract,당기순이익의 귀속,비지배지분,,,,,,,,,
1,00126380,삼성전자,005930,15,,,,,,,4950.0,2131.0,8057.0,ifrs-full_BasicEarningsLossPerShare,기본주당이익,-Basic,ifrs-full:IncomeStatementAbstract,주당이익,기본주당이익,,,,,,,,,
1,00126380,삼성전자,005930,16,,,,,,,4950.0,2131.0,8057.0,ifrs-full_DilutedEarningsLossPerShare,희석주당이익,-Diluted,ifrs-full:IncomeStatementAbstract,주당이익,희석주당이익,,,,,,,,,
1,00126380,삼성전자,005930,0,,,,,,,300870903000000.0,258935494000000.0,302231360000000.0,ifrs-full_Revenue,매출액,Revenue,ifrs-full:IncomeStatementAbstract,매출액,,,,,,,,,,
1,00126380,삼성전자,005930,1,,,,,,,186562268000000.0,180388580000000.0,190041770000000.0,ifrs-full_CostOfSales,매출원가,Cost of sales,ifrs-full:IncomeStatementAbstract,매출원가,,,,,,,,,,
3,01596425,SK스퀘어,402340,18,dart_OtherLosses,기타영업외비용,Other non-operating expenses,당기손익(*1) [개요],기타영업외비용,,40363000000.0,29364000000.0,20169000000.0,,,,,,,,,,,,,,,
3,01596425,SK스퀘어,402340,17,dart_OtherGains,기타영업외수익,Other gains,당기손익(*1) [개요],기타영업외수익,,9960000000.0,5838000000.0,6052000000.0,,,,,,,,,,,,,,,
3,01596425,SK스퀘어,402340,8,entity01596425_udf_IS_2024217202026156OfOperatingExpense,상품및기타구입비용,Goods and other purchasing costs,당기손익(*1) [개요],영업비용,상품및기타구입비용,644658000000.0,873116000000.0,710584000000.0,,,,,,,,,,,,,,,
3,01596425,SK스퀘어,402340,9,dart_OtherOperatingExpense,기타영업비용,Other operating expense,당기손익(*1) [개요],영업비용,기타영업비용,122378000000.0,117860000000.0,120571000000.0,,,,,,,,,,,,,,,
3,01596425,SK스퀘어,402340,10,ifrs-full_AdjustmentsForUndistributedProfitsOfInvestmentsAccountedForUsingEquityMethod,지분법손익,Adjustments for undistributed profits of investments accounted for using equity method,당기손익(*1) [개요],지분법손익,,4106750000000.0,-2052593000000.0,364626000000.0,,,,,,,,,,,,,,,
3,01596425,SK스퀘어,402340,7,dart_AdvertisingExpenses,광고선전비,Advertising expenses,당기손익(*1) [개요],영업비용,광고선전비,136024000000.0,168357000000.0,242726000000.0,,,,,,,,,,,,,,,
3,01596425,SK스퀘어,402340,12,dart_LossesOfAssociatesAndJointVenturesAccountedForUsingEquityMethod,지분법손실,Losses of associates and joint ventures accounted for using equity method,당기손익(*1) [개요],지분법손익,지분법손실,-125110000000.0,-2054540000000.0,-109060000000.0,,,,,,,,,,,,,,,
3,01596425,SK스퀘어,402340,19,ifrs-full_ProfitLossBeforeTax,법인세비용차감전순이익(손실),Profit (loss) before tax,당기손익(*1) [개요],법인세비용차감전순이익(손실),,3835632000000.0,-2597520000000.0,40796000000.0,,,,,,,,,,,,,,,
3,01596425,SK스퀘어,402340,20,ifrs-full_IncomeTaxExpenseContinuingOperations,법인세비용(수익),Tax expense (income),당기손익(*1) [개요],법인세비용(수익),,185117000000.0,-292263000000.0,1962000000.0,,,,,,,,,,,,,,,
3,01596425,SK스퀘어,402340,15,ifrs-full_FinanceCosts,금융비용,Finance costs,당기손익(*1) [개요],금융비용,,186963000000.0,335501000000.0,103150000000.0,,,,,,,,,,,,,,,
3,01596425,SK스퀘어,402340,16,ifrs-full_OtherIncomeExpenseFromSubsidiariesJointlyControlledEntitiesAndAssociates,"종속기업, 관계기업 및 공동기업투자 관련 이익(손실)","Other income (expense) from, subsidiaries, associate and jointly controlled entities",당기손익(*1) [개요],"종속기업, 관계기업 및 공동기업투자 관련 이익(손실)",,30361000000.0,-34110000000.0,17065000000.0,,,,,,,,,,,,,,,
3,01596425,SK스퀘어,402340,22,ifrs-full_ProfitLossFromDiscontinuedOperations,중단영업이익,Profit from discontinued operations,당기손익(*1) [개요],중단영업이익,,0.0,990423000000.0,217273000000.0,,,,,,,,,,,,,,,
3,01596425,SK스퀘어,402340,21,ifrs-full_ProfitLossFromContinuingOperations,계속영업이익(손실),Profit (loss) from continuing operations,당기손익(*1) [개요],계속영업이익(손실),,3650515000000.0,-2305257000000.0,38834000000.0,,,,,,,,,,,,,,,
3,01596425,SK스퀘어,402340,11,dart_ProfitsOfAssociatesAndJointVenturesAccountedForUsingEquityMethod,지분법이익,Profits of associates and joint ventures accounted for using equity method,당기손익(*1) [개요],지분법손익,지분법이익,4231860000000.0,1947000000.0,473686000000.0,,,,,,,,,,,,,,,
3,01596425,SK스퀘어,402340,6,ifrs-full_TransportationExpense,운송비,Transportation expense,당기손익(*1) [개요],영업비용,운송비,229303000000.0,276950000000.0,442284000000.0,,,,,,,,,,,,,,,
3,01596425,SK스퀘어,402340,13,dart_OperatingIncomeLoss,영업이익(손실),Operating income(loss),당기손익(*1) [개요],영업이익(손실),,3912583000000.0,-2339698000000.0,16052000000.0,,,,,,,,,,,,,,,
3,01596425,SK스퀘어,402340,14,ifrs-full_FinanceIncome,금융수익,Finance income,당기손익(*1) [개요],금융수익,,110054000000.0,135315000000.0,124946000000.0,,,,,,,,,,,,,,,
3,01596425,SK스퀘어,402340,1,ifrs-full_RevenueFromContractsWithCustomers,매출액,Revenue,당기손익(*1) [개요],영업수익,매출액,1906611000000.0,2276508000000.0,2370553000000.0,,,,,,,,,,,,,,,
3,01596425,SK스퀘어,402340,0,ifrs-full_Revenue,영업수익,Revenue,당기손익(*1) [개요],영업수익,,1906611000000.0,2276508000000.0,2370553000000.0,,,,,,,,,,,,,,,
3,01596425,SK스퀘어,402340,4,dart_Commissions,지급수수료,Commissions,당기손익(*1) [개요],영업비용,지급수수료,469562000000.0,583431000000.0,631050000000.0,,,,,,,,,,,,,,,
3,01596425,SK스퀘어,402340,5,ifrs-full_DepreciationAndAmortisationExpense,감가상각비,Depreciation and amortisation expense,당기손익(*1) [개요],영업비용,감가상각비,95033000000.0,88428000000.0,97126000000.0,,,,,,,,,,,,,,,
3,01596425,SK스퀘어,402340,3,ifrs-full_EmployeeBenefitsExpense,종업원급여,Employee benefits expense,당기손익(*1) [개요],영업비용,종업원급여,403820000000.0,455471000000.0,474786000000.0,,,,,,,,,,,,,,,
3,01596425,SK스퀘어,402340,2,ifrs-full_OperatingExpense,영업비용,Operating expense,당기손익(*1) [개요],영업비용,,2100778000000.0,2563613000000.0,2719127000000.0,,,,,,,,,,,,,,,
3,01596425,SK스퀘어,402340,26,ifrs-full_BasicEarningsLossPerShare,기본주당이익(손실),Basic earnings (loss) per share,당기손익(*1) [개요],주당이익(손실) [개요],기본주당이익(손실),27772.0,-9259.0,1837.0,,,,,,,,,,,,,,,
3,01596425,SK스퀘어,402340,27,ifrs-full_BasicEarningsLossPerShareFromContinuingOperations,기본주당이익(손실) - 계속,Basic earnings (loss) per share - Continuing operation,당기손익(*1) [개요],주당이익(손실) [개요],기본주당이익(손실) - 계속,27772.0,-16284.0,827.0,,,,,,,,,,,,,,,
3,01596425,SK스퀘어,402340,24,ifrs-full_ProfitLossAttributableToOwnersOfParent,지배기업의 소유주지분,"Profit (loss), attributable to owners of parent",당기손익(*1) [개요],당기순이익(손실)의 귀속 [개요],지배기업의 소유주지분,3713971000000.0,-1287048000000.0,259768000000.0,,,,,,,,,,,,,,,
3,01596425,SK스퀘어,402340,25,ifrs-full_ProfitLossAttributableToNoncontrollingInterests,비지배지분,Profit for the year Attributable to non-controlling interests,당기손익(*1) [개요],당기순이익(손실)의 귀속 [개요],비지배지분,-63456000000.0,-27786000000.0,-3661000000.0,,,,,,,,,,,,,,,
3,01596425,SK스퀘어,402340,28,ifrs-full_DilutedEarningsLossPerShare,희석주당이익(손실),Diluted earnings (loss) per share,당기손익(*1) [개요],주당이익(손실) [개요],희석주당이익(손실),27716.0,-9259.0,1722.0,,,,,,,,,,,,,,,
3,01596425,SK스퀘어,402340,29,ifrs-full_DilutedEarningsLossPerShareFromContinuingOperations,희석주당이익(손실) - 계속,Diluted earnings (loss) per share - Continuing operation,당기손익(*1) [개요],주당이익(손실) [개요],희석주당이익(손실) - 계속,27716.0,-16284.0,712.0,,,,,,,,,,,,,,,
3,01596425,SK스퀘어,402340,23,ifrs-full_ProfitLoss,당기순이익(손실),Profit (loss),당기손익(*1) [개요],당기순이익(손실),,3650515000000.0,-1314834000000.0,256107000000.0,,,,,,,,,,,,,,,
6,00164742,현대차,005380,0,,,,,,,175231153000000.0,162663579000000.0,142151469000000.0,ifrs-full_Revenue,매출액,Revenue,ifrs-full:IncomeStatementAbstract,매출액,,,,,,,,,,
6,00164742,현대차,005380,1,,,,,,,139481946000000.0,129179183000000.0,113879569000000.0,ifrs-full_CostOfSales,매출원가,Cost of sales,ifrs-full:IncomeStatementAbstract,매출원가,,,,,,,,,,
6,00164742,현대차,005380,2,,,,,,,35749207000000.0,33484396000000.0,28271900000000.0,ifrs-full_GrossProfit,매출총이익,Gross profit,ifrs-full:IncomeStatementAbstract,매출총이익,,,,,,,,,,
6,00164742,현대차,005380,3,,,,,,,21509615000000.0,18357495000000.0,18446972000000.0,dart_TotalSellingGeneralAdministrativeExpenses,판매비와관리비,Selling general administrative expenses,ifrs-full:IncomeStatementAbstract,판매비와관리비,,,,,,,,,,
6,00164742,현대차,005380,4,,,,,,,14239592000000.0,15126901000000.0,9824928000000.0,dart_OperatingIncomeLoss,영업이익,Operating income,ifrs-full:IncomeStatementAbstract,영업이익,,,,,,,,,,
6,00164742,현대차,005380,5,,,,,,,3114032000000.0,2470933000000.0,1557630000000.0,entity00164742_GainOnInvestmentsInJointVenturesAndAssociatesNetOfIncomeStatementAbstract,공동기업및관계기업투자손익,"Gain on investments in joint ventures and associates, net",ifrs-full:IncomeStatementAbstract,공동기업및관계기업투자손익,,,,,,,,,,
6,00164742,현대차,005380,6,,,,,,,1531248000000.0,1559538000000.0,985893000000.0,ifrs-full_FinanceIncome,금융수익,Finance income,ifrs-full:IncomeStatementAbstract,금융수익,,,,,,,,,,
6,00164742,현대차,005380,7,,,,,,,898551000000.0,970700000000.0,879638000000.0,ifrs-full_FinanceCosts,금융비용,Finance cost,ifrs-full:IncomeStatementAbstract,금융비용,,,,,,,,,,
6,00164742,현대차,005380,8,,,,,,,2067530000000.0,1782333000000.0,1930914000000.0,dart_OtherGains,기타수익,Other gains,ifrs-full:IncomeStatementAbstract,기타수익,,,,,,,,,,
6,00164742,현대차,005380,9,,,,,,,2272415000000.0,2350343000000.0,2238256000000.0,dart_OtherLosses,기타비용,Other losses,ifrs-full:IncomeStatementAbstract,기타비용,,,,,,,,,,
6,00164742,현대차,005380,10,,,,,,,17781436000000.0,17618662000000.0,11181471000000.0,ifrs-full_ProfitLossBeforeTax,법인세비용차감전순이익,Profit before income tax,ifrs-full:IncomeStatementAbstract,법인세비용차감전순이익,,,,,,,,,,
6,00164742,현대차,005380,11,,,,,,,4232418000000.0,4626640000000.0,2979168000000.0,ifrs-full_IncomeTaxExpenseContinuingOperations,법인세비용,Tax expense,ifrs-full:IncomeStatementAbstract,법인세비용,,,,,,,,,,
6,00164742,현대차,005380,12,,,,,,,13549018000000.0,12992022000000.0,8202303000000.0,ifrs-full_ProfitLossFromContinuingOperations,계속영업연결당기순이익,Profit (loss) from continuing operations,ifrs-full:IncomeStatementAbstract,계속영업연결당기순이익,,,,,,,,,,
6,00164742,현대차,005380,13,,,,,,,-319110000000.0,-719721000000.0,-218689000000.0,ifrs-full_ProfitLossFromDiscontinuedOperations,중단영업당기순손실,Profit (loss) from discontinued operations,ifrs-full:IncomeStatementAbstract,중단영업당기순손실,,,,,,,,,,
6,00164742,현대차,005380,14,,,,,,,13229908000000.0,12272301000000.0,7983614000000.0,ifrs-full_ProfitLoss,연결당기순이익,Profit (loss),ifrs-full:IncomeStatementAbstract,연결당기순이익,,,,,,,,,,
6,00164742,현대차,005380,15,,,,,,,12526691000000.0,11961717000000.0,7364364000000.0,ifrs-full_ProfitLossAttributableToOwnersOfParent,지배기업소유주지분,"Profit (loss), attributable to owners of parent",ifrs-full:IncomeStatementAbstract,연결당기순이익의 귀속 [개요],지배기업소유주지분,,,,,,,,,
6,00164742,현대차,005380,16,,,,,,,703217000000.0,310584000000.0,619250000000.0,ifrs-full_ProfitLossAttributableToNoncontrollingInterests,비지배지분,"Profit (loss), attributable to non-controlling interests",ifrs-full:IncomeStatementAbstract,연결당기순이익의 귀속 [개요],비지배지분,,,,,,,,,
6,00164742,현대차,005380,17,,,,,,,47615.0,45703.0,28521.0,ifrs-full_BasicEarningsLossPerShare,보통주기본주당이익(손실),Basic earnings (loss) per share,ifrs-full:IncomeStatementAbstract,지배기업 소유지분에 대한 주당이익 [개요],보통주기본주당이익(손실),,,,,,,,,
6,00164742,현대차,005380,18,,,,,,,48829.0,47622.0,29105.0,ifrs-full_BasicEarningsLossPerShareFromContinuingOperations,계속영업 보통주기본주당이익,Basic earnings (loss) per share from continuing operations,ifrs-full:IncomeStatementAbstract,지배기업 소유지분에 대한 주당이익 [개요],계속영업 보통주기본주당이익,,,,,,,,,
6,00164742,현대차,005380,19,,,,,,,-1214.0,-1919.0,-584.0,ifrs-full_BasicEarningsLossPerShareFromDiscontinuedOperations,중단영업 보통주기본주당손실,Basic earnings (loss) per share from discontinued operations,ifrs-full:IncomeStatementAbstract,지배기업 소유지분에 대한 주당이익 [개요],중단영업 보통주기본주당손실,,,,,,,,,
6,00164742,현대차,005380,20,,,,,,,47369.0,45535.0,28207.0,dart_BasicEarningsLossPerSharePreferredStock,1우선주기본주당이익(손실),Basic earnings (loss) per share - preferred stock,ifrs-full:IncomeStatementAbstract,지배기업 소유지분에 대한 주당이익 [개요],1우선주기본주당이익(손실),,,,,,,,,
6,00164742,현대차,005380,21,,,,,,,48575.0,47445.0,28783.0,dart_BasicEarningsLossPerSharePreferredStockFromContinuingOperations,계속영업 1우선주기본주당이익,Basic earnings (loss) per share - preferred stock from continuing operations,ifrs-full:IncomeStatementAbstract,지배기업 소유지분에 대한 주당이익 [개요],계속영업 1우선주기본주당이익,,,,,,,,,
6,00164742,현대차,005380,22,,,,,,,-1206.0,-1910.0,-576.0,dart_BasicEarningsLossPerSharePreferredStockFromDiscontinuedOperations,중단영업 1우선주기본주당손실,Basic earnings (loss) per share - preferred stock from discontinued operations,ifrs-full:IncomeStatementAbstract,지배기업 소유지분에 대한 주당이익 [개요],중단영업 1우선주기본주당손실,,,,,,,,,
6,00164742,현대차,005380,23,,,,,,,47615.0,45703.0,28521.0,ifrs-full_DilutedEarningsLossPerShare,보통주 희석주당이익,Diluted earnings (loss) per share,ifrs-full:IncomeStatementAbstract,지배기업 소유지분에 대한 주당이익 [개요],보통주 희석주당이익,,,,,,,,,
6,00164742,현대차,005380,24,,,,,,,47369.0,45535.0,28207.0,dart_DilutedEarningsLossPerSharePreferredStock,1우선주 희석주당이익,Diluted earnings (loss) per share - preferred stock,ifrs-full:IncomeStatementAbstract,지배기업 소유지분에 대한 주당이익 [개요],1우선주 희석주당이익,,,,,,,,,
7,01515323,LG에너지솔루션,373220,0,,,,,,,25619585000000.0,33745470000000.0,25598609000000.0,ifrs-full_Revenue,매출액,Revenue,ifrs-full:IncomeStatementAbstract,매출액,,,,,,,,,,
7,01515323,LG에너지솔루션,373220,1,,,,,,,22213605000000.0,28802437000000.0,21308077000000.0,ifrs-full_CostOfSales,매출원가,Cost of sales,ifrs-full:IncomeStatementAbstract,매출원가,,,,,,,,,,
7,01515323,LG에너지솔루션,373220,2,,,,,,,3405980000000.0,4943033000000.0,4290532000000.0,ifrs-full_GrossProfit,매출총이익,Gross profit,ifrs-full:IncomeStatementAbstract,매출총이익,,,,,,,,,,
7,01515323,LG에너지솔루션,373220,3,,,,,,,1480020000000.0,676874000000.0,0.0,dart_OtherOperatingIncome,기타영업수익,Other operating income,ifrs-full:IncomeStatementAbstract,기타영업수익,,,,,,,,,,
7,01515323,LG에너지솔루션,373220,4,,,,,,,4310613000000.0,3456673000000.0,3076813000000.0,dart_TotalSellingGeneralAdministrativeExpenses,판매비와 관리비,Selling general administrative expenses,ifrs-full:IncomeStatementAbstract,판매비와 관리비,,,,,,,,,,
7,01515323,LG에너지솔루션,373220,5,,,,,,,575387000000.0,2163234000000.0,1213719000000.0,dart_OperatingIncomeLoss,영업이익,Operating income,ifrs-full:IncomeStatementAbstract,영업이익,,,,,,,,,,
7,01515323,LG에너지솔루션,373220,6,,,,,,,1048343000000.0,984984000000.0,385537000000.0,ifrs-full_FinanceIncome,금융수익,Finance income,ifrs-full:IncomeStatementAbstract,금융수익,,,,,,,,,,
7,01515323,LG에너지솔루션,373220,7,,,,,,,1260579000000.0,857201000000.0,519021000000.0,ifrs-full_FinanceCosts,금융비용,Finance costs,ifrs-full:IncomeStatementAbstract,금융비용,,,,,,,,,,
7,01515323,LG에너지솔루션,373220,8,,,,,,,-49118000000.0,-32450000000.0,-36641000000.0,ifrs-full_ShareOfProfitLossOfAssociatesAndJointVenturesAccountedForUsingEquityMethod,지분법손익,Share of profit (loss) of associates and joint ventures accounted for using equity method,ifrs-full:IncomeStatementAbstract,지분법손익,,,,,,,,,,
7,01515323,LG에너지솔루션,373220,9,,,,,,,858811000000.0,1125846000000.0,1349485000000.0,dart_OtherGains,기타영업외수익,Other non-operating income,ifrs-full:IncomeStatementAbstract,기타영업외수익,,,,,,,,,,
7,01515323,LG에너지솔루션,373220,10,,,,,,,823973000000.0,1340953000000.0,1397765000000.0,dart_OtherLosses,기타영업외비용,Other losses,ifrs-full:IncomeStatementAbstract,기타영업외비용,,,,,,,,,,
7,01515323,LG에너지솔루션,373220,11,,,,,,,348871000000.0,2043460000000.0,995314000000.0,ifrs-full_ProfitLossBeforeTax,법인세비용차감전순이익(손실),Profit (loss) before tax,ifrs-full:IncomeStatementAbstract,법인세비용차감전순이익(손실),,,,,,,,,,
7,01515323,LG에너지솔루션,373220,12,,,,,,,10269000000.0,405475000000.0,215488000000.0,ifrs-full_IncomeTaxExpenseContinuingOperations,법인세비용(수익),Income Tax Expense(Income),ifrs-full:IncomeStatementAbstract,법인세비용(수익),,,,,,,,,,
7,01515323,LG에너지솔루션,373220,13,,,,,,,338602000000.0,1637985000000.0,779826000000.0,ifrs-full_ProfitLoss,당기순이익(손실),Profit (loss),ifrs-full:IncomeStatementAbstract,당기순이익(손실),,,,,,,,,,
7,01515323,LG에너지솔루션,373220,14,,,,,,,-1018741000000.0,1237180000000.0,767236000000.0,ifrs-full_ProfitLossAttributableToOwnersOfParent,지배기업의 소유주지분,"Profit (loss), attributable to owners of parent",ifrs-full:IncomeStatementAbstract,당기순이익(손실)의 귀속 [개요],지배기업의 소유주지분,,,,,,,,,
7,01515323,LG에너지솔루션,373220,15,,,,,,,1357343000000.0,400805000000.0,12590000000.0,ifrs-full_ProfitLossAttributableToNoncontrollingInterests,비지배지분,"Profit (loss), attributable to non-controlling interests",ifrs-full:IncomeStatementAbstract,당기순이익(손실)의 귀속 [개요],비지배지분,,,,,,,,,
7,01515323,LG에너지솔루션,373220,16,,,,,,,-4354.0,5287.0,3306.0,ifrs-full_BasicEarningsLossPerShare,보통주 기본 및 희석주당손실,Basic loss per share,ifrs-full:IncomeStatementAbstract,지배기업의 소유주지분에 대한 주당이익(손실),보통주 기본 및 희석주당손실,,,,,,,,,
12,00106641,기아,000270,0,,,,,,,107448752000000.0,99808420000000.0,86559029000000.0,ifrs-full_Revenue,매출액,Sales,ifrs-full:IncomeStatementAbstract,매출액,,,,,,,,,,
12,00106641,기아,000270,1,,,,,,,82677981000000.0,77179573000000.0,68536010000000.0,ifrs-full_CostOfSales,매출원가,Cost of sales,ifrs-full:IncomeStatementAbstract,매출원가,,,,,,,,,,
12,00106641,기아,000270,2,,,,,,,24770771000000.0,22628847000000.0,18023019000000.0,ifrs-full_GrossProfit,매출총이익,Gross profit,ifrs-full:IncomeStatementAbstract,매출총이익,,,,,,,,,,
12,00106641,기아,000270,3,,,,,,,12103632000000.0,11020974000000.0,10789899000000.0,dart_TotalSellingGeneralAdministrativeExpenses,판매비와관리비,Selling general administrative expenses,ifrs-full:IncomeStatementAbstract,판매비와관리비,,,,,,,,,,
12,00106641,기아,000270,4,,,,,,,7043758000000.0,6507272000000.0,6935135000000.0,ifrs-full_SellingExpense,판매비,Selling expense,ifrs-full:IncomeStatementAbstract,판매비와관리비,판매비,,,,,,,,,
12,00106641,기아,000270,5,,,,,,,5059874000000.0,4513702000000.0,3854764000000.0,ifrs-full_GeneralAndAdministrativeExpense,관리비,General and administrative expenses,ifrs-full:IncomeStatementAbstract,판매비와관리비,관리비,,,,,,,,,
12,00106641,기아,000270,6,,,,,,,12667139000000.0,11607873000000.0,7233120000000.0,dart_OperatingIncomeLoss,영업이익,Operating profit,ifrs-full:IncomeStatementAbstract,영업이익,,,,,,,,,,
12,00106641,기아,000270,7,,,,,,,395366000000.0,683748000000.0,363650000000.0,ifrs-full_ShareOfProfitLossOfAssociatesAndJointVenturesAccountedForUsingEquityMethod,공동기업 및 관계기업투자손익,Share of profit (loss) of associates and joint ventures accounted for using equity method,ifrs-full:IncomeStatementAbstract,공동기업 및 관계기업투자손익,,,,,,,,,,
12,00106641,기아,000270,8,,,,,,,741587000000.0,871081000000.0,-57934000000.0,entity00106641_FinanceGainsAndLossesOfIncomeStatementAbstract,금융손익,Finance gains and losses,ifrs-full:IncomeStatementAbstract,금융손익,,,,,,,,,,
12,00106641,기아,000270,9,,,,,,,1351206000000.0,1263092000000.0,604430000000.0,ifrs-full_FinanceIncome,금융수익,Finance income,ifrs-full:IncomeStatementAbstract,금융손익,금융수익,,,,,,,,,
12,00106641,기아,000270,10,,,,,,,609619000000.0,392011000000.0,662364000000.0,ifrs-full_FinanceCosts,금융비용,Finance expenses,ifrs-full:IncomeStatementAbstract,금융손익,금융비용,,,,,,,,,
12,00106641,기아,000270,11,,,,,,,-303891000000.0,-485358000000.0,-36843000000.0,entity00106641_FinanceCostsOfIncomeStatementAbstract,기타손익,Other gains and losses,ifrs-full:IncomeStatementAbstract,기타손익,,,,,,,,,,
12,00106641,기아,000270,12,,,,,,,1125955000000.0,588090000000.0,810452000000.0,dart_AdjustmentsForOtherRevenue,기타수익,Other revenue,ifrs-full:IncomeStatementAbstract,기타손익,기타수익,,,,,,,,,
12,00106641,기아,000270,13,,,,,,,1429846000000.0,1073448000000.0,847295000000.0,ifrs-full_OtherExpenseByNature,기타비용,"Other expenses, by nature",ifrs-full:IncomeStatementAbstract,기타손익,기타비용,,,,,,,,,
12,00106641,기아,000270,14,,,,,,,13500201000000.0,12677344000000.0,7501993000000.0,ifrs-full_ProfitLossBeforeTax,법인세비용차감전순이익,Profit before income taxes,ifrs-full:IncomeStatementAbstract,법인세비용차감전순이익,,,,,,,,,,
12,00106641,기아,000270,15,,,,,,,3725196000000.0,3899527000000.0,2093017000000.0,ifrs-full_IncomeTaxExpenseContinuingOperations,법인세비용,Income tax expense,ifrs-full:IncomeStatementAbstract,법인세비용,,,,,,,,,,
12,00106641,기아,000270,16,,,,,,,9775005000000.0,8777817000000.0,5408976000000.0,ifrs-full_ProfitLoss,당기순이익,Profit for the year,ifrs-full:IncomeStatementAbstract,당기순이익,,,,,,,,,,
12,00106641,기아,000270,17,,,,,,,9772957000000.0,8776970000000.0,5409429000000.0,ifrs-full_ProfitLossAttributableToOwnersOfParent,지배기업소유주지분순이익,"Profit (loss), attributable to owners of parent",ifrs-full:IncomeStatementAbstract,당기순이익의 귀속 [개요],지배기업소유주지분순이익,,,,,,,,,
12,00106641,기아,000270,18,,,,,,,2048000000.0,847000000.0,-453000000.0,ifrs-full_ProfitLossAttributableToNoncontrollingInterests,비지배지분순이익,"Profit (loss), attributable to non-controlling interests",ifrs-full:IncomeStatementAbstract,당기순이익의 귀속 [개요],비지배지분순이익,,,,,,,,,
12,00106641,기아,000270,19,,,,,,,24893.0,22168.0,13495.0,ifrs-full_BasicEarningsLossPerShare,기본주당이익,Basic earnings (loss) per share,ifrs-full:IncomeStatementAbstract,주당이익 [개요],기본주당이익,,,,,,,,,
15,00159616,두산에너빌리티,034020,1,,,,,,,13503336000000.0,14572887000000.0,12865181000000.0,ifrs-full_CostOfSales,매출원가,Cost of sales,ifrs-full:IncomeStatementAbstract,매출원가,,,,,,,,,,
15,00159616,두산에너빌리티,034020,0,,,,,,,16233055000000.0,17589888000000.0,15421058000000.0,ifrs-full_Revenue,매출액,Sales,ifrs-full:IncomeStatementAbstract,매출액,,,,,,,,,,
15,00159616,두산에너빌리티,034020,2,,,,,,,2729719000000.0,3017001000000.0,2555877000000.0,ifrs-full_GrossProfit,매출총이익,Gross profit,ifrs-full:IncomeStatementAbstract,매출총이익,,,,,,,,,,
15,00159616,두산에너빌리티,034020,18,,,,,,,283324000000.0,461924000000.0,319342000000.0,ifrs-full_ProfitLossAttributableToNoncontrollingInterests,비지배지분,"Profit (loss), attributable to non-controlling interests",ifrs-full:IncomeStatementAbstract,당기순이익의 귀속,비지배지분,,,,,,,,,
15,00159616,두산에너빌리티,034020,17,,,,,,,111365000000.0,55598000000.0,-772492000000.0,ifrs-full_ProfitLossAttributableToOwnersOfParent,지배기업 소유주지분,"Profit (loss), attributable to owners of parent",ifrs-full:IncomeStatementAbstract,당기순이익의 귀속,지배기업 소유주지분,,,,,,,,,
15,00159616,두산에너빌리티,034020,16,,,,,,,394689000000.0,517522000000.0,-453150000000.0,ifrs-full_ProfitLoss,당기순이익,Profit (loss),ifrs-full:IncomeStatementAbstract,당기순이익,,,,,,,,,,
15,00159616,두산에너빌리티,034020,15,,,,,,,,,-119673000000.0,ifrs-full_ProfitLossFromDiscontinuedOperations,중단영업이익(손실),Profit (loss) from discontinued operations,ifrs-full:IncomeStatementAbstract,중단영업이익(손실),,,,,,,,,,
15,00159616,두산에너빌리티,034020,14,,,,,,,,,-333477000000.0,ifrs-full_ProfitLossFromContinuingOperations,계속영업이익(손실),Profit (loss) from continuing operations,ifrs-full:IncomeStatementAbstract,계속영업이익(손실),,,,,,,,,,
15,00159616,두산에너빌리티,034020,13,,,,,,,263090000000.0,220960000000.0,146997000000.0,ifrs-full_IncomeTaxExpenseContinuingOperations,법인세비용,Tax expense,ifrs-full:IncomeStatementAbstract,법인세비용,,,,,,,,,,
15,00159616,두산에너빌리티,034020,12,,,,,,,657779000000.0,738482000000.0,-186480000000.0,ifrs-full_ProfitLossBeforeTax,법인세비용차감전순이익,Profit (loss) before income tax,ifrs-full:IncomeStatementAbstract,법인세비용차감전순이익,,,,,,,,,,
15,00159616,두산에너빌리티,034020,11,,,,,,,20484000000.0,-38688000000.0,-230486000000.0,ifrs-full_ShareOfProfitLossOfAssociatesAndJointVenturesAccountedForUsingEquityMethod,지분법이익,Share of profit of associates and joint ventures accounted for using equity method,ifrs-full:IncomeStatementAbstract,지분법이익,,,,,,,,,,
15,00159616,두산에너빌리티,034020,10,,,,,,,342821000000.0,471501000000.0,743156000000.0,dart_OtherLosses,기타영업외비용,Other non-operating expenses,ifrs-full:IncomeStatementAbstract,기타영업외비용,,,,,,,,,,
15,00159616,두산에너빌리티,034020,9,,,,,,,143768000000.0,49304000000.0,158644000000.0,dart_OtherGains,기타영업외수익,Other non-operating income,ifrs-full:IncomeStatementAbstract,기타영업외수익,,,,,,,,,,
15,00159616,두산에너빌리티,034020,8,,,,,,,-199053000000.0,-422197000000.0,-584512000000.0,entity00159616_udf_IS_2018320152615254_IncomeStatementAbstract,기타영업외손익,Other non-operating income and expenses,ifrs-full:IncomeStatementAbstract,기타영업외손익,,,,,,,,,,
15,00159616,두산에너빌리티,034020,7,,,,,,,1337056000000.0,863062000000.0,1224619000000.0,ifrs-full_FinanceCosts,금융비용,Finance expenses,ifrs-full:IncomeStatementAbstract,금융비용,,,,,,,,,,
15,00159616,두산에너빌리티,034020,6,,,,,,,1155804000000.0,595111000000.0,747016000000.0,ifrs-full_FinanceIncome,금융수익,Finance income,ifrs-full:IncomeStatementAbstract,금융수익,,,,,,,,,,
15,00159616,두산에너빌리티,034020,5,,,,,,,-181252000000.0,-267951000000.0,-477603000000.0,entity00159616_udf_IS_2018320152347934_IncomeStatementAbstract,금융손익,Finance income and expenses,ifrs-full:IncomeStatementAbstract,금융손익,,,,,,,,,,
15,00159616,두산에너빌리티,034020,4,,,,,,,1017600000000.0,1467318000000.0,1106121000000.0,dart_OperatingIncomeLoss,영업이익,Operating profit,ifrs-full:IncomeStatementAbstract,영업이익,,,,,,,,,,
15,00159616,두산에너빌리티,034020,3,,,,,,,1712119000000.0,1549683000000.0,1449756000000.0,dart_TotalSellingGeneralAdministrativeExpenses,판매비와관리비,Selling and administrative expenses,ifrs-full:IncomeStatementAbstract,판매비와관리비,,,,,,,,,,
15,00159616,두산에너빌리티,034020,22,,,,,,,174.0,87.0,-1249.0,ifrs-full_DilutedEarningsLossPerShare,희석주당이익,Diluted earnings per share,ifrs-full:IncomeStatementAbstract,지배기업 소유주지분 주당손익,희석주당이익,,,,,,,,,
15,00159616,두산에너빌리티,034020,21,,,,,,,,,-193.0,ifrs-full_BasicEarningsLossPerShareFromDiscontinuedOperations,중단영업기본주당이익(손실),Basic earnings (loss) per share from discontinued operations,ifrs-full:IncomeStatementAbstract,지배기업 소유주지분 주당손익,기본주당이익,중단영업기본주당이익(손실),,,,,,,,
15,00159616,두산에너빌리티,034020,24,,,,,,,,,-193.0,ifrs-full_DilutedEarningsLossPerShareFromDiscontinuedOperations,중단영업희석주당이익(손실),Diluted earnings (loss) per share from discontinued operations,ifrs-full:IncomeStatementAbstract,지배기업 소유주지분 주당손익,희석주당이익,중단영업희석주당이익(손실),,,,,,,,
15,00159616,두산에너빌리티,034020,23,,,,,,,,,-1056.0,ifrs-full_DilutedEarningsLossPerShareFromContinuingOperations,계속영업희석주당이익(손실),Diluted earnings (loss) per share from continuing operations,ifrs-full:IncomeStatementAbstract,지배기업 소유주지분 주당손익,희석주당이익,계속영업희석주당이익(손실),,,,,,,,
15,00159616,두산에너빌리티,034020,20,,,,,,,,,-1056.0,ifrs-full_BasicEarningsLossPerShareFromContinuingOperations,계속영업기본주당이익(손실),Basic earnings (loss) per share from continuing operations,ifrs-full:IncomeStatementAbstract,지배기업 소유주지분 주당손익,기본주당이익,계속영업기본주당이익(손실),,,,,,,,
15,00159616,두산에너빌리티,034020,19,,,,,,,174.0,87.0,-1249.0,ifrs-full_BasicEarningsLossPerShare,기본주당이익,Basic earnings per share,ifrs-full:IncomeStatementAbstract,지배기업 소유주지분 주당손익,기본주당이익,,,,,,,,,
18,00164788,현대모비스,012330,2,,,,,,,8062628000000.0,6762174000000.0,5987154000000.0,ifrs-full_GrossProfit,매출총이익,Gross profit,ifrs-full:IncomeStatementAbstract,매출총이익,,,,,,,,,,
18,00164788,현대모비스,012330,1,,,,,,,49174367000000.0,52492187000000.0,45919139000000.0,ifrs-full_CostOfSales,매출원가,Cost of sales,ifrs-full:IncomeStatementAbstract,매출원가,,,,,,,,,,
18,00164788,현대모비스,012330,10,,,,,,,5264476000000.0,4444854000000.0,3362612000000.0,ifrs-full_ProfitLossBeforeTax,법인세차감전순이익,Profit (loss) before tax,ifrs-full:IncomeStatementAbstract,법인세차감전순이익,,,,,,,,,,
18,00164788,현대모비스,012330,9,,,,,,,1787722000000.0,1844741000000.0,1221570000000.0,ifrs-full_ShareOfProfitLossOfAssociatesAndJointVenturesAccountedForUsingEquityMethod,지분법 적용대상인 관계기업과 공동기업의 당기순손익에 대한 지분 합계,Total share of profit (loss) of associates and joint ventures accounted for using equity method,ifrs-full:IncomeStatementAbstract,지분법 적용대상인 관계기업과 공동기업의 당기순손익에 대한 지분 합계,,,,,,,,,,
18,00164788,현대모비스,012330,0,,,,,,,57236995000000.0,59254361000000.0,51906293000000.0,ifrs-full_Revenue,매출액,Revenue,ifrs-full:IncomeStatementAbstract,매출액,,,,,,,,,,
18,00164788,현대모비스,012330,3,,,,,,,4989172000000.0,4466890000000.0,3960623000000.0,dart_TotalSellingGeneralAdministrativeExpenses,판매비와관리비,Selling general administrative expenses,ifrs-full:IncomeStatementAbstract,판매비와관리비,,,,,,,,,,
18,00164788,현대모비스,012330,7,,,,,,,812053000000.0,824814000000.0,784891000000.0,ifrs-full_FinanceIncome,금융수익,Finance income,ifrs-full:IncomeStatementAbstract,금융수익,,,,,,,,,,
18,00164788,현대모비스,012330,4,,,,,,,3073456000000.0,2295284000000.0,2026531000000.0,dart_OperatingIncomeLoss,영업이익,Operating income,ifrs-full:IncomeStatementAbstract,영업이익,,,,,,,,,,
18,00164788,현대모비스,012330,5,,,,,,,518144000000.0,350832000000.0,481942000000.0,dart_OtherGains,기타수익,Other gains,ifrs-full:IncomeStatementAbstract,기타수익,,,,,,,,,,
18,00164788,현대모비스,012330,6,,,,,,,440551000000.0,265580000000.0,483991000000.0,dart_OtherLosses,기타비용,Other losses,ifrs-full:IncomeStatementAbstract,기타비용,,,,,,,,,,
18,00164788,현대모비스,012330,14,,,,,,,4519000000.0,693000000.0,1990000000.0,ifrs-full_ProfitLossAttributableToNoncontrollingInterests,비지배지분 순이익,"Profit (loss), attributable to non-controlling interests",ifrs-full:IncomeStatementAbstract,당기순이익(손실)의 귀속 [개요],비지배지분 순이익,,,,,,,,,
18,00164788,현대모비스,012330,13,,,,,,,4055642000000.0,3422616000000.0,2485254000000.0,ifrs-full_ProfitLossAttributableToOwnersOfParent,당기순이익,Profit (loss),ifrs-full:IncomeStatementAbstract,당기순이익(손실)의 귀속 [개요],당기순이익,,,,,,,,,
18,00164788,현대모비스,012330,8,,,,,,,486348000000.0,605237000000.0,668331000000.0,ifrs-full_FinanceCosts,금융비용,Finance costs,ifrs-full:IncomeStatementAbstract,금융비용,,,,,,,,,,
18,00164788,현대모비스,012330,11,,,,,,,1204315000000.0,1021545000000.0,875368000000.0,ifrs-full_IncomeTaxExpenseContinuingOperations,법인세비용,Tax expense (income),ifrs-full:IncomeStatementAbstract,법인세비용,,,,,,,,,,
18,00164788,현대모비스,012330,12,,,,,,,4060161000000.0,3423309000000.0,2487244000000.0,ifrs-full_ProfitLoss,당기순이익(손실),Profit (loss),ifrs-full:IncomeStatementAbstract,당기순이익(손실),,,,,,,,,,
18,00164788,현대모비스,012330,15,,,,,,,44939.0,37639.0,27163.0,ifrs-full_BasicEarningsLossPerShare,기본주당이익(손실),Basic earnings (loss) per share,ifrs-full:IncomeStatementAbstract,주당이익 [개요],기본주당이익(손실),,,,,,,,,
19,00413046,셀트리온,068270,9,,,,,,,-11939435470.0,-11315774587.0,7056051290.0,ifrs-full_ShareOfProfitLossOfAssociatesAndJointVenturesAccountedForUsingEquityMethod,지분법손익,Share of profit or loss using equity method,ifrs-full:IncomeStatementAbstract,지분법손익,,,,,,,,,,
19,00413046,셀트리온,068270,8,,,,,,,-80272920461.0,-19950171798.0,-13506688858.0,ifrs-full_FinanceCosts,금융비용,Finance costs,ifrs-full:IncomeStatementAbstract,금융비용,,,,,,,,,,
19,00413046,셀트리온,068270,1,,,,,,,-1875590283775.0,-1124562480391.0,-1251270174707.0,ifrs-full_CostOfSales,매출원가,Cost of sales,ifrs-full:IncomeStatementAbstract,매출원가,,,,,,,,,,
19,00413046,셀트리온,068270,0,,,,,,,3557303554371.0,2176431531380.0,2283967480394.0,ifrs-full_Revenue,영업수익,Revenue,ifrs-full:IncomeStatementAbstract,영업수익,,,,,,,,,,
19,00413046,셀트리온,068270,7,,,,,,,56748904313.0,31438427170.0,24945428261.0,ifrs-full_FinanceIncome,금융수익,Finance income,ifrs-full:IncomeStatementAbstract,금융수익,,,,,,,,,,
19,00413046,셀트리온,068270,6,,,,,,,-122837095979.0,-34743415990.0,-87043410426.0,dart_OtherLosses,기타비용,Other expenses,ifrs-full:IncomeStatementAbstract,기타비용,,,,,,,,,,
19,00413046,셀트리온,068270,5,,,,,,,240249279293.0,54185298047.0,47523821773.0,dart_OtherGains,기타수익,Other gains,ifrs-full:IncomeStatementAbstract,기타수익,,,,,,,,,,
19,00413046,셀트리온,068270,4,,,,,,,492015534847.0,651481422157.0,647198174586.0,dart_OperatingIncomeLoss,영업이익,Operating income,ifrs-full:IncomeStatementAbstract,영업이익,,,,,,,,,,
19,00413046,셀트리온,068270,3,,,,,,,-1189697735749.0,-400387628832.0,-385499131101.0,dart_TotalSellingGeneralAdministrativeExpenses,판매비와관리비,Selling general administrative expenses,ifrs-full:IncomeStatementAbstract,판매비와관리비,,,,,,,,,,
19,00413046,셀트리온,068270,2,,,,,,,1681713270596.0,1051869050989.0,1032697305687.0,ifrs-full_GrossProfit,매출총이익,Gross profit,ifrs-full:IncomeStatementAbstract,매출총이익,,,,,,,,,,
19,00413046,셀트리온,068270,10,,,,,,,2152544874.0,0.0,0.0,ifrs-full_GainsLossesOnNetMonetaryPosition,초인플레이션으로 인한 순화폐성 항목 발생 손익,Gains (losses) on net monetary position due to hyperinflation,ifrs-full:IncomeStatementAbstract,초인플레이션으로 인한 순화폐성 항목 발생 손익,,,,,,,,,,
19,00413046,셀트리온,068270,11,,,,,,,576116811417.0,671095784999.0,626173376626.0,ifrs-full_ProfitLossBeforeTax,법인세비용차감전순이익,Profit (loss) before tax,ifrs-full:IncomeStatementAbstract,법인세비용차감전순이익,,,,,,,,,,
19,00413046,셀트리온,068270,12,,,,,,,-157233501013.0,-131389279889.0,-94826672872.0,ifrs-full_IncomeTaxExpenseContinuingOperations,법인세비용,Income tax expenses,ifrs-full:IncomeStatementAbstract,법인세비용,,,,,,,,,,
19,00413046,셀트리온,068270,13,,,,,,,418883310404.0,539706505110.0,531346703754.0,ifrs-full_ProfitLossFromContinuingOperations,계속영업당기순이익,Profit (loss) from continuing operations,ifrs-full:IncomeStatementAbstract,계속영업당기순이익,,,,,,,,,,
19,00413046,셀트리온,068270,14,,,,,,,0.0,0.0,11219529516.0,ifrs-full_ProfitLossFromDiscontinuedOperations,중단영업순이익,Profit (loss) from discontinued operations,ifrs-full:IncomeStatementAbstract,중단영업순이익,,,,,,,,,,
19,00413046,셀트리온,068270,15,,,,,,,418883310404.0,539706505110.0,542566233270.0,ifrs-full_ProfitLoss,당기순이익,Profit (loss),ifrs-full:IncomeStatementAbstract,당기순이익,,,,,,,,,,
19,00413046,셀트리온,068270,16,,,,,,,422691724154.0,535647963959.0,537835568483.0,ifrs-full_ProfitLossAttributableToOwnersOfParent,지배기업소유주지분,Owners of the parent,ifrs-full:IncomeStatementAbstract,당기순이익의 귀속,지배기업소유주지분,,,,,,,,,
19,00413046,셀트리온,068270,17,,,,,,,422691724154.0,535647963959.0,526616038967.0,ifrs-full_IncomeFromContinuingOperationsAttributableToOwnersOfParent,계속영업이익,Income from continuing operations,ifrs-full:IncomeStatementAbstract,당기순이익의 귀속,지배기업소유주지분,계속영업이익,,,,,,,,
19,00413046,셀트리온,068270,18,,,,,,,0.0,0.0,11219529516.0,ifrs-full_IncomeFromDiscontinuedOperationsAttributableToOwnersOfParent,중단영업이익,Income from discontinued operations,ifrs-full:IncomeStatementAbstract,당기순이익의 귀속,지배기업소유주지분,중단영업이익,,,,,,,,
19,00413046,셀트리온,068270,19,,,,,,,,,,ifrs-full_ProfitLossAttributableToNoncontrollingInterests,비지배지분,Non-controlling interests,ifrs-full:IncomeStatementAbstract,당기순이익의 귀속,비지배지분,,,,,,,,,
19,00413046,셀트리온,068270,20,,,,,,,-3808413750.0,4058541151.0,4730664787.0,ifrs-full_ProfitLossFromContinuingOperationsAttributableToNoncontrollingInterests,계속영업이익,Continuing operations profit,ifrs-full:IncomeStatementAbstract,당기순이익의 귀속,비지배지분,계속영업이익,,,,,,,,
19,00413046,셀트리온,068270,21,,,,,,,2048.0,3759.0,3742.0,ifrs-full_BasicEarningsLossPerShare,기본주당이익,Basic earnings per share,ifrs-full:IncomeStatementAbstract,주당이익,기본주당이익,,,,,,,,,
19,00413046,셀트리온,068270,22,,,,,,,2048.0,3759.0,3664.0,ifrs-full_BasicEarningsLossPerShareFromContinuingOperations,계속영업주당이익,Basic earnings per share from continuing operations,ifrs-full:IncomeStatementAbstract,주당이익,기본주당이익,계속영업주당이익,,,,,,,,
19,00413046,셀트리온,068270,23,,,,,,,0.0,0.0,78.0,ifrs-full_BasicEarningsLossPerShareFromDiscontinuedOperations,중단영업주당이익,Basic earnings per share from discontinued operations,ifrs-full:IncomeStatementAbstract,주당이익,기본주당이익,중단영업주당이익,,,,,,,,
19,00413046,셀트리온,068270,24,,,,,,,2045.0,3753.0,3736.0,ifrs-full_DilutedEarningsLossPerShare,희석주당이익,Diluted earnings per share,ifrs-full:IncomeStatementAbstract,주당이익,희석주당이익,,,,,,,,,
19,00413046,셀트리온,068270,25,,,,,,,2045.0,3753.0,3658.0,ifrs-full_DilutedEarningsLossPerShareFromContinuingOperations,계속영업주당이익,Diluted earnings (loss) per share from continuing operations,ifrs-full:IncomeStatementAbstract,주당이익,희석주당이익,계속영업주당이익,,,,,,,,
19,00413046,셀트리온,068270,26,,,,,,,0.0,0.0,78.0,ifrs-full_DilutedEarningsLossPerShareFromDiscontinuedOperations,중단영업주당이익,Diluted earnings per share from discontinued operations,ifrs-full:IncomeStatementAbstract,주당이익,희석주당이익,중단영업주당이익,,,,,,,,
25,00401731,LG전자,066570,0,,,,,,,87728182000000.0,82262664000000.0,82521459000000.0,ifrs-full_Revenue,매출액,Sales,당기손익 [개요],매출액,,,,,,,,,,
25,00401731,LG전자,066570,1,,,,,,,66348948000000.0,62461405000000.0,62302074000000.0,ifrs-full_CostOfSales,매출원가,Cost of sales,당기손익 [개요],매출원가,,,,,,,,,,
25,00401731,LG전자,066570,2,,,,,,,21379234000000.0,19801259000000.0,20219385000000.0,ifrs-full_GrossProfit,매출총이익,Gross profit,당기손익 [개요],매출총이익,,,,,,,,,,
25,00401731,LG전자,066570,3,,,,,,,17959559000000.0,16147965000000.0,16652058000000.0,dart_TotalSellingGeneralAdministrativeExpenses,판매비와관리비,Selling general administrative expenses,당기손익 [개요],판매비와관리비,,,,,,,,,,
25,00401731,LG전자,066570,4,,,,,,,11168813000000.0,9986193000000.0,10695423000000.0,ifrs-full_SellingExpense,판매비,Selling expense,당기손익 [개요],판매비와관리비,판매비,,,,,,,,,
25,00401731,LG전자,066570,5,,,,,,,2295340000000.0,1997202000000.0,1785222000000.0,ifrs-full_GeneralAndAdministrativeExpense,관리비,General and administrative expense,당기손익 [개요],판매비와관리비,관리비,,,,,,,,,
25,00401731,LG전자,066570,6,,,,,,,2687295000000.0,2546867000000.0,2396913000000.0,ifrs-full_ResearchAndDevelopmentExpense,연구개발비,Research and development expense,당기손익 [개요],판매비와관리비,연구개발비,,,,,,,,,
25,00401731,LG전자,066570,7,,,,,,,1808111000000.0,1617703000000.0,1774500000000.0,entity00401731_ServiceFeeOfTotalSellingGeneralAdministrativeExpenses,서비스비,Service Fee,당기손익 [개요],판매비와관리비,서비스비,,,,,,,,,
25,00401731,LG전자,066570,8,,,,,,,3419675000000.0,3653294000000.0,3567327000000.0,dart_OperatingIncomeLoss,영업이익,Operating income(loss),당기손익 [개요],영업이익,,,,,,,,,,
25,00401731,LG전자,066570,9,,,,,,,1167721000000.0,1279526000000.0,1033978000000.0,ifrs-full_FinanceIncome,금융수익,Finance income,당기손익 [개요],금융수익,,,,,,,,,,
25,00401731,LG전자,066570,10,,,,,,,1132596000000.0,1381297000000.0,1213072000000.0,ifrs-full_FinanceCosts,금융비용,Finance costs,당기손익 [개요],금융비용,,,,,,,,,,
25,00401731,LG전자,066570,11,,,,,,,-992387000000.0,-1044728000000.0,-1168026000000.0,ifrs-full_ShareOfProfitLossOfAssociatesAndJointVenturesAccountedForUsingEquityMethod,지분법이익(손실),Share of profit (loss) of associates and joint ventures accounted for using equity method,당기손익 [개요],지분법이익(손실),,,,,,,,,,
25,00401731,LG전자,066570,12,,,,,,,2405944000000.0,2293082000000.0,3851468000000.0,dart_OtherGains,기타영업외수익,Other gains,당기손익 [개요],기타영업외수익,,,,,,,,,,
25,00401731,LG전자,066570,13,,,,,,,3532562000000.0,2761830000000.0,3501268000000.0,dart_OtherLosses,기타영업외비용,Other losses,당기손익 [개요],기타영업외비용,,,,,,,,,,
25,00401731,LG전자,066570,14,,,,,,,0.0,-23150000000.0,0.0,entity00401731_ProfitLossFromNetMonetaryItemsDueToHyperinflationOfIncomeStatementAbstract,초인플레이션으로 인한 순화폐성 항목에서 발생하는 이익(손실),Profit (loss) from net monetary items due to hyperinflation,당기손익 [개요],초인플레이션으로 인한 순화폐성 항목에서 발생하는 이익(손실),,,,,,,,,,
25,00401731,LG전자,066570,30,,,,,,,3652.0,4600.0,7576.0,dart_BasicEarningsLossPerSharePreferredStockFromContinuingOperations,계속영업 우선주기본주당순이익(손실),Basic earnings (loss) per share - preferred stock from continuing operations,당기손익 [개요],주당이익,우선주기본주당순이익(손실),계속영업 우선주기본주당순이익(손실),,,,,,,,
25,00401731,LG전자,066570,29,,,,,,,2086.0,4004.0,6690.0,dart_BasicEarningsLossPerSharePreferredStock,우선주기본주당순이익(손실),Basic earnings (loss) per share - preferred stock,당기손익 [개요],주당이익,우선주기본주당순이익(손실),,,,,,,,,
25,00401731,LG전자,066570,28,,,,,,,-1566.0,-596.0,-886.0,ifrs-full_BasicEarningsLossPerShareFromDiscontinuedOperations,중단영업 보통주기본주당순이익(손실),Basic earnings (loss) per share from discontinued operations,당기손익 [개요],주당이익,보통주기본주당순이익(손실),중단영업 보통주기본주당순이익(손실),,,,,,,,
25,00401731,LG전자,066570,27,,,,,,,3602.0,4550.0,7526.0,ifrs-full_BasicEarningsLossPerShareFromContinuingOperations,계속영업 보통주기본주당순이익(손실),Basic earnings (loss) per share from continuing operations,당기손익 [개요],주당이익,보통주기본주당순이익(손실),계속영업 보통주기본주당순이익(손실),,,,,,,,
25,00401731,LG전자,066570,26,,,,,,,2036.0,3954.0,6640.0,ifrs-full_BasicEarningsLossPerShare,보통주기본주당순이익(손실),Basic earnings (loss) per share,당기손익 [개요],주당이익,보통주기본주당순이익(손실),,,,,,,,,
25,00401731,LG전자,066570,25,,,,,,,0.0,0.0,-73000000.0,ifrs-full_ProfitLossFromDiscontinuedOperationsAttributableToNoncontrollingInterests,중단영업당기순이익(손실),Profit (loss) from discontinued operations attributable to non-controlling interests,당기손익 [개요],당기순이익(손실)의 귀속 [개요],비지배지분,중단영업당기순이익(손실),,,,,,,,
25,00401731,LG전자,066570,24,,,,,,,223850000000.0,437709000000.0,666754000000.0,ifrs-full_ProfitLossFromContinuingOperationsAttributableToNoncontrollingInterests,계속영업당기순이익(손실),Profit (loss) from continuing operations attributable to non-controlling interests,당기손익 [개요],당기순이익(손실)의 귀속 [개요],비지배지분,계속영업당기순이익(손실),,,,,,,,
25,00401731,LG전자,066570,23,,,,,,,223850000000.0,437709000000.0,666681000000.0,ifrs-full_ProfitLossAttributableToNoncontrollingInterests,비지배지분,"Profit (loss), attributable to non-controlling interests",당기손익 [개요],당기순이익(손실)의 귀속 [개요],비지배지분,,,,,,,,,
25,00401731,LG전자,066570,22,,,,,,,-281910000000.0,-107315000000.0,-167234000000.0,ifrs-full_IncomeFromDiscontinuedOperationsAttributableToOwnersOfParent,중단영업당기순이익(손실),Income from discontinued operations attributable to owners of parent,당기손익 [개요],당기순이익(손실)의 귀속 [개요],지배기업의 소유주지분,중단영업당기순이익(손실),,,,,,,,
25,00401731,LG전자,066570,21,,,,,,,649425000000.0,820217000000.0,1363676000000.0,ifrs-full_IncomeFromContinuingOperationsAttributableToOwnersOfParent,계속영업당기순이익(손실),Income from continuing operations attributable to owners of parent,당기손익 [개요],당기순이익(손실)의 귀속 [개요],지배기업의 소유주지분,계속영업당기순이익(손실),,,,,,,,
25,00401731,LG전자,066570,20,,,,,,,367515000000.0,712902000000.0,1196442000000.0,ifrs-full_ProfitLossAttributableToOwnersOfParent,지배기업의 소유주지분,"Profit (loss), attributable to owners of parent",당기손익 [개요],당기순이익(손실)의 귀속 [개요],지배기업의 소유주지분,,,,,,,,,
25,00401731,LG전자,066570,19,,,,,,,591365000000.0,1150611000000.0,1863123000000.0,ifrs-full_ProfitLoss,당기순이익(손실),Profit (loss),당기손익 [개요],당기순이익(손실),,,,,,,,,,
25,00401731,LG전자,066570,18,,,,,,,-281910000000.0,-107315000000.0,-167307000000.0,ifrs-full_ProfitLossFromDiscontinuedOperations,중단영업당기순손익,Profit (loss) from discontinued operations,당기손익 [개요],중단영업당기순손익,,,,,,,,,,
25,00401731,LG전자,066570,17,,,,,,,873275000000.0,1257926000000.0,2030430000000.0,ifrs-full_ProfitLossFromContinuingOperations,계속영업당기순이익,Profit (loss) from continuing operations,당기손익 [개요],계속영업당기순이익,,,,,,,,,,
25,00401731,LG전자,066570,16,,,,,,,462520000000.0,756971000000.0,539977000000.0,ifrs-full_IncomeTaxExpenseContinuingOperations,법인세비용,Tax expense (income),당기손익 [개요],법인세비용,,,,,,,,,,
25,00401731,LG전자,066570,31,,,,,,,-1566.0,-596.0,-886.0,dart_BasicEarningsLossPerSharePreferredStockFromDiscontinuedOperations,중단영업 우선주기본주당순이익(손실),Basic earnings (loss) per share - preferred stock from discontinued operations,당기손익 [개요],주당이익,우선주기본주당순이익(손실),중단영업 우선주기본주당순이익(손실),,,,,,,,
25,00401731,LG전자,066570,15,,,,,,,1335795000000.0,2014897000000.0,2570407000000.0,ifrs-full_ProfitLossBeforeTax,법인세차감전순이익,Profit (loss) before tax,당기손익 [개요],법인세차감전순이익,,,,,,,,,,
27,00111704,한화오션,042660,14,,,,,,,93778019.0,157904899.0,,ifrs-full_ProfitLossAttributableToNoncontrollingInterests,비지배지분,Non-controlling interest,ifrs-full:IncomeStatementAbstract,당기순이익(손실)의 귀속,비지배지분,,,,,,,,,
27,00111704,한화오션,042660,12,,,,,,,528212898147.0,160043854483.0,-1744778447657.0,ifrs-full_ProfitLoss,당기순이익(손실),Profit (loss),ifrs-full:IncomeStatementAbstract,당기순이익(손실),,,,,,,,,,
27,00111704,한화오션,042660,13,,,,,,,528119120128.0,159885949584.0,-1744778447657.0,ifrs-full_ProfitLossAttributableToOwnersOfParent,지배기업의 소유주,Owners of the Parent Company,ifrs-full:IncomeStatementAbstract,당기순이익(손실)의 귀속,지배기업의 소유주,,,,,,,,,
27,00111704,한화오션,042660,10,,,,,,,181035065677.0,-116279180980.0,-1794326432034.0,ifrs-full_ProfitLossBeforeTax,법인세비용차감전순이익(손실),Profit (loss) before tax,ifrs-full:IncomeStatementAbstract,법인세비용차감전순이익(손실),,,,,,,,,,
27,00111704,한화오션,042660,9,,,,,,,15450802575.0,1498420244.0,229653865.0,ifrs-full_ShareOfProfitLossOfAssociatesAndJointVenturesAccountedForUsingEquityMethod,지분법이익,Share of profit (loss) of associates and joint ventures accounted for using equity method,ifrs-full:IncomeStatementAbstract,지분법이익,,,,,,,,,,
27,00111704,한화오션,042660,8,,,,,,,100869543531.0,130113539083.0,94693342483.0,dart_OtherLosses,기타비용,Other losses,ifrs-full:IncomeStatementAbstract,기타비용,,,,,,,,,,
27,00111704,한화오션,042660,11,,,,,,,-347177832470.0,-276323035463.0,-49547984377.0,ifrs-full_IncomeTaxExpenseContinuingOperations,법인세비용(수익),Tax expense(Gain),ifrs-full:IncomeStatementAbstract,법인세비용(수익),,,,,,,,,,
27,00111704,한화오션,042660,6,,,,,,,1172189542295.0,898893098681.0,1137043236621.0,ifrs-full_FinanceCosts,금융비용,Finance costs,ifrs-full:IncomeStatementAbstract,금융비용,,,,,,,,,,
27,00111704,한화오션,042660,5,,,,,,,696500462509.0,552678716465.0,540128000445.0,ifrs-full_FinanceIncome,금융수익,Finance income,ifrs-full:IncomeStatementAbstract,금융수익,,,,,,,,,,
27,00111704,한화오션,042660,4,,,,,,,237876379317.0,-196498300366.0,-1613564533698.0,dart_OperatingIncomeLoss,영업이익(손실),Operating income(loss),ifrs-full:IncomeStatementAbstract,영업이익(손실),,,,,,,,,,
27,00111704,한화오션,042660,3,,,,,,,446049854409.0,295306750925.0,266682254646.0,dart_TotalSellingGeneralAdministrativeExpenses,판매비와관리비,Selling general administrative expenses,ifrs-full:IncomeStatementAbstract,판매비와관리비,,,,,,,,,,
27,00111704,한화오션,042660,2,,,,,,,683926233726.0,98808450559.0,-1346882279052.0,ifrs-full_GrossProfit,매출총이익(손실),Gross profit (loss),ifrs-full:IncomeStatementAbstract,매출총이익(손실),,,,,,,,,,
27,00111704,한화오션,042660,1,,,,,,,10092078699901.0,7309503815084.0,6207032528586.0,ifrs-full_CostOfSales,매출원가,Cost of sales,ifrs-full:IncomeStatementAbstract,매출원가,,,,,,,,,,
27,00111704,한화오션,042660,0,,,,,,,10776004933627.0,7408312265643.0,4860150249534.0,ifrs-full_Revenue,매출액,Sales,ifrs-full:IncomeStatementAbstract,매출액,,,,,,,,,,
27,00111704,한화오션,042660,7,,,,,,,504266507102.0,555048620441.0,510617026458.0,dart_OtherGains,기타수익,Other gains,ifrs-full:IncomeStatementAbstract,기타수익,,,,,,,,,,
27,00111704,한화오션,042660,16,,,,,,,1449.0,659.0,-16493.0,ifrs-full_DilutedEarningsLossPerShare,희석주당순이익,Diluted earnings (loss) per share,ifrs-full:IncomeStatementAbstract,주당이익 [개요],희석주당순이익,,,,,,,,,
27,00111704,한화오션,042660,15,,,,,,,1648.0,736.0,-16493.0,ifrs-full_BasicEarningsLossPerShare,기본주당순이익,Basic earnings (losses) per share,ifrs-full:IncomeStatementAbstract,주당이익 [개요],기본주당순이익,,,,,,,,,
28,01316245,효성중공업,298040,17,,,,,,,23909.0,12455.0,1097.0,ifrs-full_BasicEarningsLossPerShareFromContinuingOperations,기본주당이익,Basic earnings (loss) per share from continuing operations,ifrs-full:IncomeStatementAbstract,주당손익,기본주당이익,기본주당이익,,,,,,,,
28,01316245,효성중공업,298040,16,,,,,,,,,,ifrs-full_BasicEarningsLossPerShare,기본주당이익,Basic earnings (loss) per share,ifrs-full:IncomeStatementAbstract,주당손익,기본주당이익,,,,,,,,,
28,01316245,효성중공업,298040,15,,,,,,,296129648.0,15940095343.0,18914012951.0,ifrs-full_ProfitLossAttributableToNoncontrollingInterests,비지배지분순이익,"Profit (loss), attributable to non-controlling interests",ifrs-full:IncomeStatementAbstract,당기순이익(손실)의 귀속,비지배지분순이익,,,,,,,,,
28,01316245,효성중공업,298040,14,,,,,,,222633314544.0,115982221076.0,10215533944.0,ifrs-full_ProfitLossAttributableToOwnersOfParent,지배회사지분순이익,"Profit (loss), attributable to owners of parent",ifrs-full:IncomeStatementAbstract,당기순이익(손실)의 귀속,지배회사지분순이익,,,,,,,,,
28,01316245,효성중공업,298040,9,,,,,,,566861757914.0,296767969361.0,469564522725.0,ifrs-full_FinanceCosts,금융비용,Finance costs,ifrs-full:IncomeStatementAbstract,금융비용,,,,,,,,,,
28,01316245,효성중공업,298040,8,,,,,,,528283861698.0,202140576601.0,395238948022.0,ifrs-full_FinanceIncome,금융수익,Finance income,ifrs-full:IncomeStatementAbstract,금융수익,,,,,,,,,,
28,01316245,효성중공업,298040,11,,,,,,,223634941671.0,169663763086.0,59841661132.0,ifrs-full_ProfitLossBeforeTax,법인세비용차감전순이익,Profit (loss) before tax,ifrs-full:IncomeStatementAbstract,법인세비용차감전순이익,,,,,,,,,,
28,01316245,효성중공업,298040,10,,,,,,,1616563992.0,2862005738.0,1746726514.0,entity01316245_ProfitsLossesOfassociatesandjointventuresaccountedforusingequitymethodOfIncomeStatementAbstract,관계기업지분법손실,Profits(Losses) Of Associates And Joint Ventures Accounted For Using Equity Method,ifrs-full:IncomeStatementAbstract,관계기업지분법손실,,,,,,,,,,
28,01316245,효성중공업,298040,5,,,,,,,362479487133.0,257836947601.0,143248629974.0,dart_OperatingIncomeLoss,영업이익,Operating income,ifrs-full:IncomeStatementAbstract,영업이익,,,,,,,,,,
28,01316245,효성중공업,298040,4,,,,,,,44502169796.0,42996379988.0,38748033878.0,ifrs-full_ResearchAndDevelopmentExpense,연구개발비,Research and development expense,ifrs-full:IncomeStatementAbstract,연구개발비,,,,,,,,,,
28,01316245,효성중공업,298040,3,,,,,,,384790688814.0,336709354296.0,253025718274.0,ifrs-full_SellingGeneralAndAdministrativeExpense,판매비와관리비,"Selling, general and administrative expense",ifrs-full:IncomeStatementAbstract,판매비와관리비,,,,,,,,,,
28,01316245,효성중공업,298040,2,,,,,,,791772345743.0,637542681885.0,435022382126.0,ifrs-full_GrossProfit,매출총이익,Gross profit,ifrs-full:IncomeStatementAbstract,매출총이익,,,,,,,,,,
28,01316245,효성중공업,298040,1,,,,,,,4103207266477.0,3663028821366.0,3075121535511.0,ifrs-full_CostOfSales,매출원가,Cost of sales,ifrs-full:IncomeStatementAbstract,매출원가,,,,,,,,,,
28,01316245,효성중공업,298040,0,,,,,,,4894979612220.0,4300571503251.0,3510143917637.0,ifrs-full_Revenue,매출액,Revenue,ifrs-full:IncomeStatementAbstract,매출액,,,,,,,,,,
28,01316245,효성중공업,298040,7,,,,,,,116669673129.0,9489701200.0,23423828254.0,dart_OtherLosses,기타비용,Other losses,ifrs-full:IncomeStatementAbstract,기타비용,,,,,,,,,,
28,01316245,효성중공업,298040,6,,,,,,,18019587875.0,18805915183.0,16089160629.0,dart_OtherGains,기타수익,Other gains,ifrs-full:IncomeStatementAbstract,기타수익,,,,,,,,,,
28,01316245,효성중공업,298040,13,,,,,,,222929444192.0,131922316419.0,29129546895.0,ifrs-full_ProfitLoss,당기순이익,Profit (loss),ifrs-full:IncomeStatementAbstract,당기순이익,,,,,,,,,,
28,01316245,효성중공업,298040,12,,,,,,,705497479.0,37741446667.0,30712114237.0,ifrs-full_IncomeTaxExpenseContinuingOperations,법인세비용,Tax expense income,ifrs-full:IncomeStatementAbstract,법인세비용,,,,,,,,,,
35,00117212,두산,000150,27,,,,,,,-12665.0,-21773.0,-37112.0,dart_DilutedEarningsLossPerSharePreferredStockFromContinuingOperations,구형우선주희석주당계속영업이익(손실),Diluted earnings (loss) per share - preferred stock from continuing operations,ifrs-full:IncomeStatementAbstract,주당이익 [개요],구형우선주희석주당계속영업이익(손실),,,,,,,,,
35,00117212,두산,000150,26,,,,,,,-12665.0,-21773.0,-39082.0,dart_DilutedEarningsLossPerSharePreferredStock,구형우선주희석주당이익(손실),Diluted earnings (loss) per share - preferred stock,ifrs-full:IncomeStatementAbstract,주당이익 [개요],구형우선주희석주당이익(손실),,,,,,,,,
35,00117212,두산,000150,11,,,,,,,290727000000.0,178900000000.0,211332000000.0,ifrs-full_IncomeTaxExpenseContinuingOperations,법인세비용,Income tax expenses,ifrs-full:IncomeStatementAbstract,법인세비용,,,,,,,,,,
35,00117212,두산,000150,10,,,,,,,592954000000.0,450974000000.0,-285904000000.0,ifrs-full_ProfitLossBeforeTax,법인세차감전순이익,Profit (loss) before income tax expenses,ifrs-full:IncomeStatementAbstract,법인세차감전순이익,,,,,,,,,,
35,00117212,두산,000150,9,,,,,,,27851000000.0,-42248000000.0,-343240000000.0,ifrs-full_ShareOfProfitLossOfAssociatesAndJointVenturesAccountedForUsingEquityMethod,지분법적용투자손익,Share of profit (loss) of associates and joint ventures accounted for using equity method,ifrs-full:IncomeStatementAbstract,지분법적용투자손익,,,,,,,,,,
35,00117212,두산,000150,8,,,,,,,406927000000.0,627285000000.0,666590000000.0,dart_OtherLosses,영업외비용,Other non-operating expenses,ifrs-full:IncomeStatementAbstract,영업외비용,,,,,,,,,,
35,00117212,두산,000150,4,,,,,,,1003759000000.0,1436262000000.0,1126029000000.0,dart_OperatingIncomeLoss,영업이익,Operating income,ifrs-full:IncomeStatementAbstract,영업이익,,,,,,,,,,
35,00117212,두산,000150,5,,,,,,,1330184000000.0,663565000000.0,808126000000.0,ifrs-full_FinanceIncome,금융수익,Finance income,ifrs-full:IncomeStatementAbstract,금융수익,,,,,,,,,,
35,00117212,두산,000150,6,,,,,,,1546260000000.0,1064183000000.0,1379468000000.0,ifrs-full_FinanceCosts,금융원가,Finance costs,ifrs-full:IncomeStatementAbstract,금융원가,,,,,,,,,,
35,00117212,두산,000150,7,,,,,,,184347000000.0,84863000000.0,169239000000.0,dart_OtherGains,영업외수익,Other non-operating income,ifrs-full:IncomeStatementAbstract,영업외수익,,,,,,,,,,
35,00117212,두산,000150,0,,,,,,,18132874000000.0,19130130000000.0,16995760000000.0,ifrs-full_Revenue,영업수익,Revenue,ifrs-full:IncomeStatementAbstract,영업수익,,,,,,,,,,
35,00117212,두산,000150,1,,,,,,,15170732000000.0,15885061000000.0,14157713000000.0,ifrs-full_CostOfSales,매출원가,Cost of sales,ifrs-full:IncomeStatementAbstract,매출원가,,,,,,,,,,
35,00117212,두산,000150,2,,,,,,,2962142000000.0,3245069000000.0,2838047000000.0,ifrs-full_GrossProfit,매출총이익,Gross profit,ifrs-full:IncomeStatementAbstract,매출총이익,,,,,,,,,,
35,00117212,두산,000150,3,,,,,,,1958383000000.0,1808807000000.0,1712018000000.0,dart_TotalSellingGeneralAdministrativeExpenses,판매비와관리비,Selling general administrative expenses,ifrs-full:IncomeStatementAbstract,판매비와관리비,,,,,,,,,,
35,00117212,두산,000150,28,,,,,,,,,-1970.0,dart_DilutedEarningsLossPerSharePreferredStockFromDiscontinuedOperations,구형우선주희석주당중단영업이익(손실),Diluted earnings (losses) per old-type preferred share from Discontinued Operations,ifrs-full:IncomeStatementAbstract,주당이익 [개요],구형우선주희석주당중단영업이익(손실),,,,,,,,,
35,00117212,두산,000150,18,,,,,,,-12715.0,-21823.0,-37159.0,ifrs-full_BasicEarningsLossPerShareFromContinuingOperations,보통주기본주당계속영업이익(손실),Basic earnings (loss) per share from continuing operations,ifrs-full:IncomeStatementAbstract,주당이익 [개요],보통주기본주당계속영업이익(손실),,,,,,,,,
35,00117212,두산,000150,25,,,,,,,,,-1970.0,dart_BasicEarningsLossPerSharePreferredStockFromDiscontinuedOperations,구형우선주기본주당중단영업이익(손실),Diluted earnings (losses) per old-type preferred share,ifrs-full:IncomeStatementAbstract,주당이익 [개요],구형우선주기본주당중단영업이익(손실),,,,,,,,,
35,00117212,두산,000150,24,,,,,,,-12665.0,-21773.0,-37112.0,dart_BasicEarningsLossPerSharePreferredStockFromContinuingOperations,구형우선주기본주당계속영업이익(손실),Basic earnings (loss) per share - preferred stock from continuing operations,ifrs-full:IncomeStatementAbstract,주당이익 [개요],구형우선주기본주당계속영업이익(손실),,,,,,,,,
35,00117212,두산,000150,23,,,,,,,-12665.0,-21773.0,-39082.0,dart_BasicEarningsLossPerSharePreferredStock,구형우선주기본주당이익(손실),Basic earnings (loss) per share - preferred stock,ifrs-full:IncomeStatementAbstract,주당이익 [개요],구형우선주기본주당이익(손실),,,,,,,,,
35,00117212,두산,000150,22,,,,,,,,,-1973.0,ifrs-full_DilutedEarningsLossPerShareFromDiscontinuedOperations,보통주희석주당중단영업이익(손실),Diluted earnings (losses) per ordinary share from Discontinued Operations,ifrs-full:IncomeStatementAbstract,주당이익 [개요],보통주희석주당중단영업이익(손실),,,,,,,,,
35,00117212,두산,000150,21,,,,,,,-12480.0,-21823.0,-37159.0,ifrs-full_DilutedEarningsLossPerShareFromContinuingOperations,보통주희석주당계속영업이익(손실),Diluted earnings (loss) per share from continuing operations,ifrs-full:IncomeStatementAbstract,주당이익 [개요],보통주희석주당계속영업이익(손실),,,,,,,,,
35,00117212,두산,000150,20,,,,,,,-12480.0,-21823.0,-39132.0,ifrs-full_DilutedEarningsLossPerShare,보통주희석주당이익(손실),Diluted earnings (loss) per share,ifrs-full:IncomeStatementAbstract,주당이익 [개요],보통주희석주당이익(손실),,,,,,,,,
35,00117212,두산,000150,19,,,,,,,,,-1973.0,ifrs-full_BasicEarningsLossPerShareFromDiscontinuedOperations,보통주기본주당중단영업이익(손실),Basic earnings (losses) per ordinary share from Discontinued Operations,ifrs-full:IncomeStatementAbstract,주당이익 [개요],보통주기본주당중단영업이익(손실),,,,,,,,,
35,00117212,두산,000150,14,,,,,,,302227000000.0,272074000000.0,-581169000000.0,ifrs-full_ProfitLoss,당기순이익(손실),Profit (loss),ifrs-full:IncomeStatementAbstract,당기순이익(손실),,,,,,,,,,
35,00117212,두산,000150,17,,,,,,,-12715.0,-21823.0,-39132.0,ifrs-full_BasicEarningsLossPerShare,보통주기본주당이익(손실),Basic earnings (loss) per share,ifrs-full:IncomeStatementAbstract,주당이익 [개요],보통주기본주당이익(손실),,,,,,,,,
35,00117212,두산,000150,16,,,,,,,528394000000.0,660352000000.0,115230000000.0,ifrs-full_ProfitLossAttributableToNoncontrollingInterests,비지배지분순이익,Non-controlling interests Profit (loss),ifrs-full:IncomeStatementAbstract,당기순이익(손실)의 귀속 [개요],비지배지분순이익,,,,,,,,,
35,00117212,두산,000150,15,,,,,,,-226167000000.0,-388278000000.0,-696399000000.0,ifrs-full_ProfitLossAttributableToOwnersOfParent,지배기업의 소유주에게 귀속되는 당기순이익(손실),"Profit (loss), attributable to owners of parent",ifrs-full:IncomeStatementAbstract,당기순이익(손실)의 귀속 [개요],지배기업의 소유주에게 귀속되는 당기순이익(손실),,,,,,,,,
35,00117212,두산,000150,12,,,,,,,302227000000.0,272074000000.0,-497236000000.0,ifrs-full_ProfitLossFromContinuingOperations,계속영업이익(손실),Profit (loss) from continuing operations,ifrs-full:IncomeStatementAbstract,계속영업이익(손실),,,,,,,,,,
35,00117212,두산,000150,13,,,,,,,,,-83933000000.0,ifrs-full_ProfitLossFromDiscontinuedOperations,중단영업이익(손실),Profit (loss) from discontinued operations,ifrs-full:IncomeStatementAbstract,중단영업이익(손실),,,,,,,,,,
38,00126478,삼성중공업,010140,1,,,,,,,8982515873610.0,7363956147068.0,6406887410371.0,ifrs-full_CostOfSales,매출원가,Cost of sales,ifrs-full:IncomeStatementAbstract,매출원가,,,,,,,,,,
38,00126478,삼성중공업,010140,8,,,,,,,361844306644.0,289554857359.0,256648732887.0,ifrs-full_FinanceCosts,금융원가,Finance costs,ifrs-full:IncomeStatementAbstract,금융원가,,,,,,,,,,
38,00126478,삼성중공업,010140,5,,,,,,,5425216065374.0,1787245126599.0,3065585006383.0,dart_NonOperatingIncome,기타수익,Non-operating Income,ifrs-full:IncomeStatementAbstract,기타수익,,,,,,,,,,
38,00126478,삼성중공업,010140,2,,,,,,,920562045854.0,645473765040.0,-462219958086.0,ifrs-full_GrossProfit,매출총이익,Gross profit,ifrs-full:IncomeStatementAbstract,매출총이익,,,,,,,,,,
38,00126478,삼성중공업,010140,3,,,,,,,417863362766.0,412128996998.0,392200992730.0,ifrs-full_SellingGeneralAndAdministrativeExpense,판매비와관리비,"Selling, general and administrative expense",ifrs-full:IncomeStatementAbstract,판매비와관리비,,,,,,,,,,
38,00126478,삼성중공업,010140,0,,,,,,,9903077919464.0,8009429912108.0,5944667452285.0,ifrs-full_Revenue,매출액,Revenue,ifrs-full:IncomeStatementAbstract,매출액,,,,,,,,,,
38,00126478,삼성중공업,010140,9,,,,,,,5206532.0,-53137552.0,-836881260.0,ifrs-full_ShareOfProfitLossOfAssociatesAccountedForUsingEquityMethod,지분법이익(손실),Share of profit (loss) of associates accounted for using equity method,ifrs-full:IncomeStatementAbstract,지분법이익(손실),,,,,,,,,,
38,00126478,삼성중공업,010140,6,,,,,,,6064043996336.0,2169702108063.0,2685540610011.0,dart_NonOperatingExpense,기타비용,Non-operating expense,ifrs-full:IncomeStatementAbstract,기타비용,,,,,,,,,,
38,00126478,삼성중공업,010140,7,,,,,,,182466139257.0,143007780254.0,177150903231.0,ifrs-full_FinanceIncome,금융수익,Finance income,ifrs-full:IncomeStatementAbstract,금융수익,,,,,,,,,,
38,00126478,삼성중공업,010140,11,,,,,,,-369379437494.0,-140156052309.0,72700541773.0,ifrs-full_IncomeTaxExpenseContinuingOperations,법인세비용(수익),Tax expense (income),ifrs-full:IncomeStatementAbstract,법인세비용(수익),,,,,,,,,,
38,00126478,삼성중공업,010140,10,,,,,,,-315502208729.0,-295712428079.0,-554711265360.0,ifrs-full_ProfitLossBeforeTax,법인세비용차감전순손실,Profit (loss) before tax,ifrs-full:IncomeStatementAbstract,법인세비용차감전순손실,,,,,,,,,,
38,00126478,삼성중공업,010140,12,,,,,,,53877228765.0,-155556375770.0,-627411807133.0,ifrs-full_ProfitLoss,당기순이익(손실),Profit (loss),ifrs-full:IncomeStatementAbstract,당기순이익(손실),,,,,,,,,,
38,00126478,삼성중공업,010140,13,,,,,,,63876253559.0,-148272721730.0,-619438307027.0,ifrs-full_ProfitLossAttributableToOwnersOfParent,지배기업소유주지분,"Profit (loss), attributable to owners of parent",ifrs-full:IncomeStatementAbstract,당기순이익(손실),지배기업소유주지분,,,,,,,,,
38,00126478,삼성중공업,010140,15,,,,,,,,,,ifrs-full_BasicEarningsLossPerShare,기본주당순손익,Basic earnings (loss) per share,ifrs-full:IncomeStatementAbstract,지배기업 소유주지분에 대한 주당순이익(손실),기본주당순손익,,,,,,,,,
38,00126478,삼성중공업,010140,14,,,,,,,-9999024794.0,-7283654040.0,-7973500106.0,ifrs-full_ProfitLossAttributableToNoncontrollingInterests,비지배지분,"Profit (loss), attributable to non-controlling interests",ifrs-full:IncomeStatementAbstract,당기순이익(손실),비지배지분,,,,,,,,,
38,00126478,삼성중공업,010140,17,,,,,,,75.0,-174.0,-725.0,dart_BasicEarningsLossPerSharePreferredStockFromContinuingOperations,우선주기본주당순이익(손실),Basic earnings (loss) per share - preferred stock from continuing operations,ifrs-full:IncomeStatementAbstract,지배기업 소유주지분에 대한 주당순이익(손실),기본주당순손익,우선주기본주당순이익(손실),,,,,,,,
38,00126478,삼성중공업,010140,16,,,,,,,75.0,-174.0,-725.0,ifrs-full_BasicEarningsLossPerShareFromContinuingOperations,보통주기본주당순이익(손실),Basic earnings (loss) per share from continuing operations,ifrs-full:IncomeStatementAbstract,지배기업 소유주지분에 대한 주당순이익(손실),기본주당순손익,보통주기본주당순이익(손실),,,,,,,,
38,00126478,삼성중공업,010140,4,,,,,,,502698683088.0,233344768042.0,-854420950816.0,dart_OperatingIncomeLoss,영업이익,Operating income(loss),ifrs-full:IncomeStatementAbstract,영업이익,,,,,,,,,,
39,00105961,LG이노텍,011070,16,,,,,,,449274000000.0,565201000000.0,979849000000.0,ifrs-full_ProfitLoss,당기순이익,Profit (loss),당기손익 [개요],당기순이익,,,,,,,,,,
39,00105961,LG이노텍,011070,15,,,,,,,0.0,0.0,2986000000.0,ifrs-full_ProfitLossFromDiscontinuedOperations,중단영업 당기순이익,Profit (loss) from discontinued operations,당기손익 [개요],중단영업 당기순이익,,,,,,,,,,
39,00105961,LG이노텍,011070,18,,,,,,,0.0,0.0,0.0,ifrs-full_ProfitLossAttributableToNoncontrollingInterests,비지배지분,"Profit (loss), attributable to non-controlling interests",당기손익 [개요],계속영업 당기순이익의 귀속 [개요],비지배지분,,,,,,,,,
39,00105961,LG이노텍,011070,19,,,,,,,,,,entity00105961_DiscontinedOperationsProfitLossAttributableToOfIncomeStatementAbstract,중단영업 당기순이익의 귀속,"Discontinued operations Profit (loss), attributable to",당기손익 [개요],중단영업 당기순이익의 귀속,,,,,,,,,,
39,00105961,LG이노텍,011070,20,,,,,,,0.0,0.0,2986000000.0,ifrs-full_ProfitLossFromDiscontinuedOperationsAttributableToOrdinaryEquityHoldersOfParentEntity,지배기업의 보통주에 귀속되는 중단영업당기순이익(손실),"Profit (loss) from discontinued operations attributable to ordinary equity holders of parent entity, used in calculating basic earnings per share",당기손익 [개요],중단영업 당기순이익의 귀속,지배기업의 보통주에 귀속되는 중단영업당기순이익(손실),,,,,,,,,
39,00105961,LG이노텍,011070,21,,,,,,,,,,ifrs-full_BasicEarningsLossPerShare,기본주당이익 (단위:원),Basic earnings (loss) per share,당기손익 [개요],주당이익,기본주당이익 (단위:원),,,,,,,,,
39,00105961,LG이노텍,011070,22,,,,,,,18985.0,23884.0,41280.0,ifrs-full_BasicEarningsLossPerShareFromContinuingOperations,계속영업기본주당이익(손실),Basic earnings (loss) per share from continuing operations,당기손익 [개요],주당이익,기본주당이익 (단위:원),계속영업기본주당이익(손실),,,,,,,,
39,00105961,LG이노텍,011070,23,,,,,,,0.0,0.0,126.0,ifrs-full_BasicEarningsLossPerShareFromDiscontinuedOperations,중단영업기본주당이익(손실),Basic earnings (loss) per share from discontinued operations,당기손익 [개요],주당이익,기본주당이익 (단위:원),중단영업기본주당이익(손실),,,,,,,,
39,00105961,LG이노텍,011070,24,,,,,,,,,,ifrs-full_DilutedEarningsLossPerShare,희석주당이익,Diluted earnings (loss) per share,당기손익 [개요],주당이익,희석주당이익,,,,,,,,,
39,00105961,LG이노텍,011070,25,,,,,,,18985.0,23884.0,41280.0,ifrs-full_DilutedEarningsLossPerShareFromContinuingOperations,계속영업희석주당이익(손실),Diluted earnings (loss) per share from continuing operations,당기손익 [개요],주당이익,희석주당이익,계속영업희석주당이익(손실),,,,,,,,
39,00105961,LG이노텍,011070,26,,,,,,,0.0,0.0,126.0,ifrs-full_DilutedEarningsLossPerShareFromDiscontinuedOperations,중단영업희석주당이익(손실),Diluted earnings (loss) per share from discontinued operations,당기손익 [개요],주당이익,희석주당이익,중단영업희석주당이익(손실),,,,,,,,
39,00105961,LG이노텍,011070,3,,,,,,,1037628000000.0,1032492000000.0,1102647000000.0,dart_TotalSellingGeneralAdministrativeExpenses,영업비용,Selling general administrative expenses,당기손익 [개요],영업비용,,,,,,,,,,
39,00105961,LG이노텍,011070,2,,,,,,,1743671000000.0,1863316000000.0,2374399000000.0,ifrs-full_GrossProfit,매출총이익,Gross profit,당기손익 [개요],매출총이익,,,,,,,,,,
39,00105961,LG이노텍,011070,8,,,,,,,568279000000.0,478999000000.0,750337000000.0,dart_OtherGains,기타영업외수익,Other gains,당기손익 [개요],기타영업외수익,,,,,,,,,,
39,00105961,LG이노텍,011070,11,,,,,,,212751000000.0,219067000000.0,251104000000.0,ifrs-full_FinanceCosts,금융비용,Finance costs,당기손익 [개요],금융비용,,,,,,,,,,
39,00105961,LG이노텍,011070,7,,,,,,,706043000000.0,830824000000.0,1271752000000.0,dart_OperatingIncomeLoss,영업이익,Operating income(loss),당기손익 [개요],영업이익,,,,,,,,,,
39,00105961,LG이노텍,011070,6,,,,,,,551810000000.0,539301000000.0,570608000000.0,ifrs-full_ResearchAndDevelopmentExpense,연구개발비,Research and development expense,당기손익 [개요],영업비용,연구개발비,,,,,,,,,
39,00105961,LG이노텍,011070,17,,,,,,,449274000000.0,565201000000.0,976863000000.0,ifrs-full_ProfitLossAttributableToOwnersOfParent,지배기업의 소유주지분,"Profit (loss), attributable to owners of parent",당기손익 [개요],계속영업 당기순이익의 귀속 [개요],지배기업의 소유주지분,,,,,,,,,
39,00105961,LG이노텍,011070,1,,,,,,,19457084000000.0,18741974000000.0,17215010000000.0,ifrs-full_CostOfSales,매출원가,Cost of sales,당기손익 [개요],매출원가,,,,,,,,,,
39,00105961,LG이노텍,011070,0,,,,,,,21200755000000.0,20605290000000.0,19589409000000.0,ifrs-full_Revenue,매출액,Revenue,당기손익 [개요],매출액,,,,,,,,,,
39,00105961,LG이노텍,011070,14,,,,,,,449274000000.0,565201000000.0,976863000000.0,ifrs-full_ProfitLossFromContinuingOperations,계속영업 당기순이익,Profit (loss) from continuing operations,당기손익 [개요],계속영업 당기순이익,,,,,,,,,,
39,00105961,LG이노텍,011070,12,,,,,,,588798000000.0,639252000000.0,1135062000000.0,ifrs-full_ProfitLossBeforeTax,법인세차감전순이익,Profit (loss) before tax,당기손익 [개요],법인세차감전순이익,,,,,,,,,,
39,00105961,LG이노텍,011070,13,,,,,,,139524000000.0,74051000000.0,158199000000.0,ifrs-full_IncomeTaxExpenseContinuingOperations,법인세비용,Tax expense (income),당기손익 [개요],법인세비용,,,,,,,,,,
39,00105961,LG이노텍,011070,10,,,,,,,122319000000.0,112933000000.0,128217000000.0,ifrs-full_FinanceIncome,금융수익,Finance income,당기손익 [개요],금융수익,,,,,,,,,,
39,00105961,LG이노텍,011070,9,,,,,,,595092000000.0,564437000000.0,764140000000.0,dart_OtherLosses,기타영업외비용,Other losses,당기손익 [개요],기타영업외비용,,,,,,,,,,
39,00105961,LG이노텍,011070,4,,,,,,,250049000000.0,291320000000.0,353935000000.0,ifrs-full_SellingExpense,판매비,Selling expense,당기손익 [개요],영업비용,판매비,,,,,,,,,
39,00105961,LG이노텍,011070,5,,,,,,,235769000000.0,201871000000.0,178104000000.0,ifrs-full_GeneralAndAdministrativeExpense,관리비,General and administrative expense,당기손익 [개요],영업비용,관리비,,,,,,,,,
42,00356361,LG화학,051910,17,,,,,,,-1534185000000.0,1347764000000.0,1787935000000.0,ifrs-full_IncomeFromContinuingOperationsAttributableToOwnersOfParent,계속영업이익,Profit from continuing operations,ifrs-full:IncomeStatementAbstract,당기순이익(손실)의 귀속 [개요],지배주주에 귀속되는 순이익,계속영업이익,,,,,,,,
42,00356361,LG화학,051910,16,,,,,,,-690854000000.0,1337812000000.0,1845363000000.0,ifrs-full_ProfitLossAttributableToOwnersOfParent,지배주주에 귀속되는 순이익,"Profit (loss), attributable to owners of parent",ifrs-full:IncomeStatementAbstract,당기순이익(손실)의 귀속 [개요],지배주주에 귀속되는 순이익,,,,,,,,,
42,00356361,LG화학,051910,0,,,,,,,48916104000000.0,55249785000000.0,50983251000000.0,ifrs-full_Revenue,매출,Revenue,ifrs-full:IncomeStatementAbstract,매출,,,,,,,,,,
42,00356361,LG화학,051910,1,,,,,,,-41379714000000.0,-46463916000000.0,-41122379000000.0,ifrs-full_CostOfSales,매출원가,Cost of sales,ifrs-full:IncomeStatementAbstract,매출원가,,,,,,,,,,
42,00356361,LG화학,051910,27,,,,,,,-19600.0,17263.0,22984.0,entity00356361_DilutedearningslosspersharepreferredstockfromcontinuingoperationsOfEarningsPerShareAbstract,우선주 기본 및 희석주당계속영업이익,Basic (Diluted) Earnings Per Preferred Share From Continuing Operations,ifrs-full:IncomeStatementAbstract,지배기업의 소유주지분에 대한 주당이익,우선주 기본 및 희석주당계속영업이익,,,,,,,,,
42,00356361,LG화학,051910,26,,,,,,,-8826.0,17136.0,23720.0,entity00356361_BasicDilutedEarningsLossPerSharePreferredStockOfEarningsPerShareAbstract,우선주 기본 및 희석주당이익,Basic (Diluted) Earnings Per Preferred Share,ifrs-full:IncomeStatementAbstract,지배기업의 소유주지분에 대한 주당이익,우선주 기본 및 희석주당이익,,,,,,,,,
42,00356361,LG화학,051910,20,,,,,,,1205092000000.0,717875000000.0,353233000000.0,ifrs-full_ProfitLossFromContinuingOperationsAttributableToNoncontrollingInterests,계속영업이익,Profit from continuing operations,ifrs-full:IncomeStatementAbstract,당기순이익(손실)의 귀속 [개요],비지배지분,계속영업이익,,,,,,,,
42,00356361,LG화학,051910,21,,,,,,,773000000.0,-2262000000.0,-3078000000.0,ifrs-full_ProfitLossFromDiscontinuedOperationsAttributableToNoncontrollingInterests,중단영업손익,Profit from discontinued operations,ifrs-full:IncomeStatementAbstract,당기순이익(손실)의 귀속 [개요],비지배지분,중단영업손익,,,,,,,,
42,00356361,LG화학,051910,22,,,,,,,-8826.0,17086.0,23670.0,ifrs-full_BasicEarningsLossPerShare,보통주 기본주당이익,Basic earnings per ordinary share,ifrs-full:IncomeStatementAbstract,지배기업의 소유주지분에 대한 주당이익,보통주 기본주당이익,,,,,,,,,
42,00356361,LG화학,051910,23,,,,,,,-8826.0,17086.0,23670.0,ifrs-full_DilutedEarningsLossPerShare,보통주 희석주당이익,Diluted earnings per ordinary share,ifrs-full:IncomeStatementAbstract,지배기업의 소유주지분에 대한 주당이익,보통주 희석주당이익,,,,,,,,,
42,00356361,LG화학,051910,24,,,,,,,-19600.0,17213.0,22934.0,ifrs-full_BasicEarningsLossPerShareFromContinuingOperations,보통주 기본주당계속영업이익,Basic earnings per ordinary share from continuing operations,ifrs-full:IncomeStatementAbstract,지배기업의 소유주지분에 대한 주당이익,보통주 기본주당계속영업이익,,,,,,,,,
42,00356361,LG화학,051910,25,,,,,,,-19600.0,17213.0,22934.0,ifrs-full_DilutedEarningsLossPerShareFromContinuingOperations,보통주 희석주당계속영업이익,Diluted earnings per ordinary share from continuing operations,ifrs-full:IncomeStatementAbstract,지배기업의 소유주지분에 대한 주당이익,보통주 희석주당계속영업이익,,,,,,,,,
42,00356361,LG화학,051910,19,,,,,,,1205865000000.0,715613000000.0,350155000000.0,ifrs-full_ProfitLossAttributableToNoncontrollingInterests,비지배지분,Non-controlling interests,ifrs-full:IncomeStatementAbstract,당기순이익(손실)의 귀속 [개요],비지배지분,,,,,,,,,
42,00356361,LG화학,051910,18,,,,,,,843331000000.0,-9952000000.0,57428000000.0,ifrs-full_IncomeFromDiscontinuedOperationsAttributableToOwnersOfParent,중단영업손익,Profit from discontinued operations,ifrs-full:IncomeStatementAbstract,당기순이익(손실)의 귀속 [개요],지배주주에 귀속되는 순이익,중단영업손익,,,,,,,,
42,00356361,LG화학,051910,7,,,,,,,-2714967000000.0,-1665265000000.0,-1202630000000.0,ifrs-full_FinanceCosts,금융비용,Finance costs,ifrs-full:IncomeStatementAbstract,금융비용,,,,,,,,,,
42,00356361,LG화학,051910,6,,,,,,,2119335000000.0,1787245000000.0,913786000000.0,ifrs-full_FinanceIncome,금융수익,Finance income,ifrs-full:IncomeStatementAbstract,금융수익,,,,,,,,,,
42,00356361,LG화학,051910,5,,,,,,,916798000000.0,2529196000000.0,2979354000000.0,dart_OperatingIncomeLoss,영업이익,Operating income(loss),ifrs-full:IncomeStatementAbstract,영업이익,,,,,,,,,,
42,00356361,LG화학,051910,4,,,,,,,-8099612000000.0,-6933547000000.0,-6881518000000.0,dart_TotalSellingGeneralAdministrativeExpenses,판매비와 관리비,Selling general administrative expenses,ifrs-full:IncomeStatementAbstract,판매비와 관리비,,,,,,,,,,
42,00356361,LG화학,051910,3,,,,,,,1480020000000.0,676874000000.0,0.0,dart_OtherOperatingIncome,기타영업수익,Other operating income,ifrs-full:IncomeStatementAbstract,기타영업수익,,,,,,,,,,
42,00356361,LG화학,051910,2,,,,,,,7536390000000.0,8785869000000.0,9860872000000.0,ifrs-full_GrossProfit,매출총이익,Gross profit,ifrs-full:IncomeStatementAbstract,매출총이익,,,,,,,,,,
42,00356361,LG화학,051910,9,,,,,,,1395489000000.0,1733332000000.0,2247549000000.0,dart_OtherGains,기타영업외수익,Other non-operating income,ifrs-full:IncomeStatementAbstract,기타영업외수익,,,,,,,,,,
42,00356361,LG화학,051910,8,,,,,,,-24864000000.0,-33311000000.0,-46215000000.0,ifrs-full_ShareOfProfitLossOfAssociatesAndJointVenturesAccountedForUsingEquityMethod,지분법손익,Share of net loss of associates and joint ventures accounted for using the equity method,ifrs-full:IncomeStatementAbstract,지분법손익,,,,,,,,,,
42,00356361,LG화학,051910,15,,,,,,,515011000000.0,2053425000000.0,2195518000000.0,ifrs-full_ProfitLoss,당기순이익,Profit (loss),ifrs-full:IncomeStatementAbstract,당기순이익,,,,,,,,,,
42,00356361,LG화학,051910,14,,,,,,,844104000000.0,-12214000000.0,54350000000.0,ifrs-full_ProfitLossFromDiscontinuedOperations,중단영업손익,Profit (loss) from discontinued operations,ifrs-full:IncomeStatementAbstract,중단영업손익,,,,,,,,,,
42,00356361,LG화학,051910,13,,,,,,,-329093000000.0,2065639000000.0,2141168000000.0,ifrs-full_ProfitLossFromContinuingOperations,계속영업이익,Profit (loss) from continuing operations,ifrs-full:IncomeStatementAbstract,계속영업이익,,,,,,,,,,
42,00356361,LG화학,051910,12,,,,,,,-61035000000.0,-432501000000.0,-637124000000.0,ifrs-full_IncomeTaxExpenseContinuingOperations,법인세비용,Tax expense,ifrs-full:IncomeStatementAbstract,법인세비용,,,,,,,,,,
42,00356361,LG화학,051910,11,,,,,,,-268058000000.0,2498140000000.0,2778292000000.0,ifrs-full_ProfitLossBeforeTax,법인세비용차감전순이익,Profit (loss) before tax,ifrs-full:IncomeStatementAbstract,법인세비용차감전순이익,,,,,,,,,,
42,00356361,LG화학,051910,10,,,,,,,-1959849000000.0,-1853057000000.0,-2113552000000.0,dart_OtherLosses,기타영업외비용,Other non-operating expenses,ifrs-full:IncomeStatementAbstract,기타영업외비용,,,,,,,,,,
44,00159023,SK텔레콤,017670,21,ifrs-full_ProfitLossAttributableToOwnersOfParent,지배기업의 소유주지분,Attributable to owners of parent,당기손익 [개요],당기순이익의 귀속,지배기업의 소유주지분,1250155000000.0,1093611000000.0,912400000000.0,,,,,,,,,,,,,,,
44,00159023,SK텔레콤,017670,20,ifrs-full_ProfitLoss,당기순이익,Profit,당기손익 [개요],당기순이익,,1387095000000.0,1145937000000.0,947831000000.0,,,,,,,,,,,,,,,
44,00159023,SK텔레콤,017670,1,entity00159023_udf_IS_202442916432406OfRevenue,매출액,Revenue,당기손익 [개요],영업수익,매출액,17940609000000.0,17608511000000.0,17304973000000.0,,,,,,,,,,,,,,,
44,00159023,SK텔레콤,017670,0,ifrs-full_Revenue,영업수익,Revenue,당기손익 [개요],영업수익,,17940609000000.0,17608511000000.0,17304973000000.0,,,,,,,,,,,,,,,
44,00159023,SK텔레콤,017670,4,dart_Commissions,지급수수료,Commissions,당기손익 [개요],영업비용,지급수수료,5564289000000.0,5549899000000.0,5518786000000.0,,,,,,,,,,,,,,,
44,00159023,SK텔레콤,017670,5,ifrs-full_DepreciationExpense,감가상각비,Depreciation expense,당기손익 [개요],영업비용,감가상각비,3560374000000.0,3614766000000.0,3621325000000.0,,,,,,,,,,,,,,,
44,00159023,SK텔레콤,017670,3,ifrs-full_EmployeeBenefitsExpense,종업원급여,Employee benefits,당기손익 [개요],영업비용,종업원급여,2725765000000.0,2488245000000.0,2449813000000.0,,,,,,,,,,,,,,,
44,00159023,SK텔레콤,017670,2,ifrs-full_OperatingExpense,영업비용,Operating expense,당기손익 [개요],영업비용,,16117200000000.0,15855307000000.0,15692903000000.0,,,,,,,,,,,,,,,
44,00159023,SK텔레콤,017670,6,dart_NetworkContactSettleExpense,망접속정산비용,Network contact settle expense,당기손익 [개요],영업비용,망접속정산비용,692881000000.0,678459000000.0,715285000000.0,,,,,,,,,,,,,,,
44,00159023,SK텔레콤,017670,7,dart_ExclusiveLineUseExpense,전용회선료 및 전파사용료,Exclusive line use expense and radio usage fee,당기손익 [개요],영업비용,전용회선료 및 전파사용료,265518000000.0,275477000000.0,268426000000.0,,,,,,,,,,,,,,,
44,00159023,SK텔레콤,017670,8,dart_AdvertisingExpenses,광고선전비,Advertising expenses,당기손익 [개요],영업비용,광고선전비,186340000000.0,235769000000.0,252402000000.0,,,,,,,,,,,,,,,
44,00159023,SK텔레콤,017670,9,ifrs-full_RentalExpense,지급임차료,Payment of rental expense,당기손익 [개요],영업비용,지급임차료,136753000000.0,142356000000.0,143747000000.0,,,,,,,,,,,,,,,
44,00159023,SK텔레콤,017670,10,dart_MediaPurchaseExpense,상품 및 기타구입비용,Investments and other purchase expense,당기손익 [개요],영업비용,상품 및 기타구입비용,1326159000000.0,1266357000000.0,1268124000000.0,,,,,,,,,,,,,,,
44,00159023,SK텔레콤,017670,11,dart_MiscellaneousExpenses,기타영업비용,Other operating expenses,당기손익 [개요],영업비용,기타영업비용,1659121000000.0,1603979000000.0,1454995000000.0,,,,,,,,,,,,,,,
44,00159023,SK텔레콤,017670,12,dart_OperatingIncomeLoss,영업이익,Operating income,당기손익 [개요],영업이익,,1823409000000.0,1753204000000.0,1612070000000.0,,,,,,,,,,,,,,,
44,00159023,SK텔레콤,017670,13,ifrs-full_FinanceIncome,금융수익,Finance income,당기손익 [개요],금융수익,,355035000000.0,248376000000.0,179838000000.0,,,,,,,,,,,,,,,
44,00159023,SK텔레콤,017670,14,ifrs-full_FinanceCosts,금융비용,Finance expense,당기손익 [개요],금융비용,,605919000000.0,527401000000.0,456327000000.0,,,,,,,,,,,,,,,
44,00159023,SK텔레콤,017670,15,ifrs-full_OtherIncomeExpenseFromSubsidiariesJointlyControlledEntitiesAndAssociates,"종속기업, 관계기업 및 공동기업투자 관련 손익","Profit and loss related to investments in subsidiaries, associates and joint ventures",당기손익 [개요],"종속기업, 관계기업 및 공동기업투자 관련 손익",,321787000000.0,10928000000.0,-81707000000.0,,,,,,,,,,,,,,,
44,00159023,SK텔레콤,017670,16,dart_OtherGains,기타영업외수익,Other non-operating income,당기손익 [개요],기타영업외수익,,72288000000.0,50366000000.0,55898000000.0,,,,,,,,,,,,,,,
44,00159023,SK텔레콤,017670,17,dart_OtherLosses,기타영업외비용,Other non-operating expenses,당기손익 [개요],기타영업외비용,,204835000000.0,47294000000.0,73620000000.0,,,,,,,,,,,,,,,
44,00159023,SK텔레콤,017670,18,ifrs-full_ProfitLossBeforeTax,법인세차감전순이익,Profit before tax,당기손익 [개요],법인세차감전순이익,,1761765000000.0,1488179000000.0,1236152000000.0,,,,,,,,,,,,,,,
44,00159023,SK텔레콤,017670,19,ifrs-full_IncomeTaxExpenseContinuingOperations,법인세비용,Tax expense,당기손익 [개요],법인세비용,,374670000000.0,342242000000.0,288321000000.0,,,,,,,,,,,,,,,
44,00159023,SK텔레콤,017670,22,ifrs-full_ProfitLossAttributableToNoncontrollingInterests,비지배지분,Non-controlling interests,당기손익 [개요],당기순이익의 귀속,비지배지분,136940000000.0,52326000000.0,35431000000.0,,,,,,,,,,,,,,,
44,00159023,SK텔레콤,017670,24,ifrs-full_DilutedEarningsLossPerShare,희석주당순이익,Diluted earnings per share,당기손익 [개요],주당이익 [개요],희석주당순이익,5765.0,4950.0,4116.0,,,,,,,,,,,,,,,
44,00159023,SK텔레콤,017670,23,ifrs-full_BasicEarningsLossPerShare,기본주당순이익,Basic earnings per share,당기손익 [개요],주당이익 [개요],기본주당순이익,5780.0,4954.0,4118.0,,,,,,,,,,,,,,,
49,00126186,삼성에스디에스,018260,15,,,,,,,9787.0,8965.0,14218.0,ifrs-full_BasicEarningsLossPerShare,보통주기본주당이익,Basic earnings (loss) per share,ifrs-full:IncomeStatementAbstract,주당이익 [개요],보통주기본주당이익,,,,,,,,,
49,00126186,삼성에스디에스,018260,16,,,,,,,9787.0,8965.0,14218.0,ifrs-full_DilutedEarningsLossPerShare,보통주희석주당이익,Diluted earnings (loss) per share,ifrs-full:IncomeStatementAbstract,주당이익 [개요],보통주희석주당이익,,,,,,,,,
49,00126186,삼성에스디에스,018260,12,,,,,,,789501325293.0,701325761022.0,1130012585621.0,ifrs-full_ProfitLoss,당기순이익,Profit (loss),ifrs-full:IncomeStatementAbstract,당기순이익,,,,,,,,,,
49,00126186,삼성에스디에스,018260,8,,,,,,,155471871099.0,138970736852.0,206576130937.0,ifrs-full_FinanceCosts,금융비용,Finance costs,ifrs-full:IncomeStatementAbstract,금융비용,,,,,,,,,,
49,00126186,삼성에스디에스,018260,11,,,,,,,313260768077.0,284182610344.0,2067621862.0,ifrs-full_IncomeTaxExpenseContinuingOperations,법인세비용,Tax expense (income),ifrs-full:IncomeStatementAbstract,법인세비용,,,,,,,,,,
49,00126186,삼성에스디에스,018260,10,,,,,,,1102762093370.0,985508371366.0,1132080207483.0,ifrs-full_ProfitLossBeforeTax,법인세비용차감전순이익,Profit (loss) before tax,ifrs-full:IncomeStatementAbstract,법인세비용차감전순이익,,,,,,,,,,
49,00126186,삼성에스디에스,018260,9,,,,,,,3121850278.0,6393516373.0,6915094785.0,ifrs-full_ShareOfProfitLossOfAssociatesAccountedForUsingEquityMethod,지분법손익,Share of profit (loss) of associates accounted for using equity method,ifrs-full:IncomeStatementAbstract,지분법손익,,,,,,,,,,
49,00126186,삼성에스디에스,018260,5,,,,,,,56645760073.0,74712692832.0,128850875378.0,dart_OtherGains,기타수익,Other gains,ifrs-full:IncomeStatementAbstract,기타수익,,,,,,,,,,
49,00126186,삼성에스디에스,018260,6,,,,,,,41788200566.0,51359876856.0,27791908765.0,dart_OtherLosses,기타비용,Other losses,ifrs-full:IncomeStatementAbstract,기타비용,,,,,,,,,,
49,00126186,삼성에스디에스,018260,7,,,,,,,329157647683.0,286501829275.0,314608253708.0,ifrs-full_FinanceIncome,금융수익,Finance income,ifrs-full:IncomeStatementAbstract,금융수익,,,,,,,,,,
49,00126186,삼성에스디에스,018260,4,,,,,,,911096907001.0,808230946594.0,916074023314.0,dart_OperatingIncomeLoss,영업이익,Operating income(loss),ifrs-full:IncomeStatementAbstract,영업이익,,,,,,,,,,
49,00126186,삼성에스디에스,018260,1,,,,,,,11815899879484.0,11480694731911.0,15334193757477.0,ifrs-full_CostOfSales,매출원가,Cost of sales,ifrs-full:IncomeStatementAbstract,매출원가,,,,,,,,,,
49,00126186,삼성에스디에스,018260,2,,,,,,,2012332154316.0,1796149472961.0,1900555780185.0,ifrs-full_GrossProfit,매출총이익,Gross profit,ifrs-full:IncomeStatementAbstract,매출총이익,,,,,,,,,,
49,00126186,삼성에스디에스,018260,3,,,,,,,1101235247315.0,987918526367.0,984481756871.0,dart_TotalSellingGeneralAdministrativeExpenses,판매비와관리비,Selling general administrative expenses,ifrs-full:IncomeStatementAbstract,판매비와관리비,,,,,,,,,,
49,00126186,삼성에스디에스,018260,0,,,,,,,13828232033800.0,13276844204872.0,17234749537662.0,ifrs-full_Revenue,매출액,Revenue,ifrs-full:IncomeStatementAbstract,매출액,,,,,,,,,,
49,00126186,삼성에스디에스,018260,14,,,,,,,32504443484.0,7903749488.0,30267842482.0,ifrs-full_ProfitLossAttributableToNoncontrollingInterests,비지배지분,"Profit (loss), attributable to non-controlling interests",ifrs-full:IncomeStatementAbstract,당기순이익의 귀속 [개요],비지배지분,,,,,,,,,
49,00126186,삼성에스디에스,018260,13,,,,,,,756996881809.0,693422011534.0,1099744743139.0,ifrs-full_ProfitLossAttributableToOwnersOfParent,지배기업소유지분,"Profit (loss), attributable to owners of parent",ifrs-full:IncomeStatementAbstract,당기순이익의 귀속 [개요],지배기업소유지분,,,,,,,,,
52,00120021,LG,003550,26,,,,,,,3762.0,8082.0,8724.0,entity00120021_BasicDilutedEarningsLossPerPreferredShareOfContinuingOperationOfEarningsPerShareAbstract,구형우선주 기본/희석주당순이익,Basic/Diluted earnings (loss) per preferred share,ifrs-full:IncomeStatementAbstract,주당순이익,계속영업,구형우선주 기본/희석주당순이익,,,,,,,,
52,00120021,LG,003550,25,,,,,,,3712.0,8032.0,8674.0,entity00120021_BasicDilutedEarningsLossPerCommonShareOfContinuingOperationOfEarningsPerShareAbstract,보통주 기본/희석주당순이익,Basic/Diluted earnings (loss) per common share,ifrs-full:IncomeStatementAbstract,주당순이익,계속영업,보통주 기본/희석주당순이익,,,,,,,,
52,00120021,LG,003550,21,,,,,,,,,,entity00120021_ContinuingAndDiscontinuedOperationOfEarningsPerShareAbstract,계속영업과 중단영업,Continuing and discontinued operation,ifrs-full:IncomeStatementAbstract,주당순이익,계속영업과 중단영업,,,,,,,,,
52,00120021,LG,003550,22,,,,,,,3712.0,8032.0,12422.0,entity00120021_ContinuingAndDiscontinuedBasicDilutedEarningsLossPerCommonShareOfContinuingAndDiscontinuedOperationOfEarningsPerShareAbstract,보통주 기본/희석주당순이익,Continuing and discontinued operation Basic/Diluted earnings (loss) per common share,ifrs-full:IncomeStatementAbstract,주당순이익,계속영업과 중단영업,보통주 기본/희석주당순이익,,,,,,,,
52,00120021,LG,003550,20,,,,,,,215751000000.0,153039000000.0,136181000000.0,ifrs-full_ProfitLossAttributableToNoncontrollingInterests,비지배지분,"Profit (loss), attributable to non-controlling interests",ifrs-full:IncomeStatementAbstract,당기순이익(손실)의 귀속,비지배지분,,,,,,,,,
52,00120021,LG,003550,19,,,,,,,574727000000.0,1261219000000.0,1979569000000.0,ifrs-full_ProfitLossAttributableToOwnersOfParent,지배기업의 소유주,"Profit (loss), attributable to owners of parent",ifrs-full:IncomeStatementAbstract,당기순이익(손실)의 귀속,지배기업의 소유주,,,,,,,,,
52,00120021,LG,003550,15,,,,,,,216620000000.0,204110000000.0,527083000000.0,ifrs-full_IncomeTaxExpenseContinuingOperations,법인세비용,Tax expense (income),ifrs-full:IncomeStatementAbstract,법인세비용,,,,,,,,,,
52,00120021,LG,003550,18,,,,,,,790478000000.0,1414258000000.0,2115750000000.0,ifrs-full_ProfitLoss,당기순이익,Profit (loss),ifrs-full:IncomeStatementAbstract,당기순이익,,,,,,,,,,
52,00120021,LG,003550,17,,,,,,,,,597215000000.0,ifrs-full_ProfitLossFromDiscontinuedOperations,중단영업손익,Profit (loss) from discontinued operations,ifrs-full:IncomeStatementAbstract,중단영업손익,,,,,,,,,,
52,00120021,LG,003550,16,,,,,,,790478000000.0,1414258000000.0,1518535000000.0,ifrs-full_ProfitLossFromContinuingOperations,계속영업이익,Profit from continuing operations,ifrs-full:IncomeStatementAbstract,계속영업이익,,,,,,,,,,
52,00120021,LG,003550,13,,,,,,,131348000000.0,90419000000.0,82162000000.0,dart_NonOperatingExpense,기타영업외비용,Other non-operating expense,ifrs-full:IncomeStatementAbstract,영업이익,기타영업외비용,,,,,,,,,
52,00120021,LG,003550,14,,,,,,,1007098000000.0,1618368000000.0,2045618000000.0,ifrs-full_ProfitLossBeforeTax,법인세비용차감전계속영업이익,Profit (loss) before tax,ifrs-full:IncomeStatementAbstract,법인세비용차감전계속영업이익,,,,,,,,,,
52,00120021,LG,003550,12,,,,,,,74797000000.0,49540000000.0,89116000000.0,dart_NonOperatingIncome,기타영업외수익,Other non-operating income,ifrs-full:IncomeStatementAbstract,영업이익,기타영업외수익,,,,,,,,,
52,00120021,LG,003550,3,,,,,,,2557448000000.0,2421518000000.0,2040906000000.0,ifrs-full_RevenueFromConstructionContracts,건설형계약매출,Revenue(Sales) from construction contracts,ifrs-full:IncomeStatementAbstract,매출및지분법손익,건설형계약매출,,,,,,,,,
52,00120021,LG,003550,4,,,,,,,217001000000.0,899203000000.0,1302911000000.0,dart_ProfitsOfAssociatesAndJointVenturesAccountedForUsingEquityMethod,지분법손익,Profits of associates and joint ventures accounted for using equity method,ifrs-full:IncomeStatementAbstract,매출및지분법손익,지분법손익,,,,,,,,,
52,00120021,LG,003550,5,,,,,,,599208000000.0,595060000000.0,598337000000.0,ifrs-full_OtherRevenue,기타매출,Other revenue(Sales),ifrs-full:IncomeStatementAbstract,매출및지분법손익,기타매출,,,,,,,,,
52,00120021,LG,003550,24,,,,,,,,,,entity00120021_ContinuingOperationOfEarningsPerShareAbstract,계속영업,Continuing operation,ifrs-full:IncomeStatementAbstract,주당순이익,계속영업,,,,,,,,,
52,00120021,LG,003550,23,,,,,,,3762.0,8082.0,12472.0,entity00120021_ContinuingAndDiscontinuedBasicDilutedEarningsLossPerPreferredShareOfContinuingAndDiscontinuedOperationOfEarningsPerShareAbstract,구형우선주 기본/희석주당순이익,Continuing and discontinued Basic/Diluted earnings (loss) per preferred share,ifrs-full:IncomeStatementAbstract,주당순이익,계속영업과 중단영업,구형우선주 기본/희석주당순이익,,,,,,,,
52,00120021,LG,003550,11,,,,,,,33791000000.0,57963000000.0,28021000000.0,ifrs-full_FinanceCosts,금융비용,Financial costs,ifrs-full:IncomeStatementAbstract,영업이익,금융비용,,,,,,,,,
52,00120021,LG,003550,10,,,,,,,130598000000.0,128197000000.0,125305000000.0,ifrs-full_FinanceIncome,금융수익,Financial income,ifrs-full:IncomeStatementAbstract,영업이익,금융수익,,,,,,,,,
52,00120021,LG,003550,9,,,,,,,966842000000.0,1589013000000.0,1941380000000.0,dart_OperatingIncomeLoss,영업이익,Operating income,ifrs-full:IncomeStatementAbstract,영업이익,,,,,,,,,,
52,00120021,LG,003550,8,,,,,,,461860000000.0,417353000000.0,391418000000.0,dart_TotalSellingGeneralAdministrativeExpenses,판매비와일반관리비,Selling general administrative expenses,ifrs-full:IncomeStatementAbstract,판매비와일반관리비,,,,,,,,,,
52,00120021,LG,003550,0,,,,,,,7175505000000.0,7445336000000.0,7185987000000.0,ifrs-full_Revenue,매출및지분법손익,Revenue and gain (loss) on valuation by equity method,ifrs-full:IncomeStatementAbstract,매출및지분법손익,,,,,,,,,,
52,00120021,LG,003550,1,,,,,,,921827000000.0,1022195000000.0,1005453000000.0,ifrs-full_RevenueFromSaleOfGoods,제품및상품매출,Revenue(Saels) from sale of goods,ifrs-full:IncomeStatementAbstract,매출및지분법손익,제품및상품매출,,,,,,,,,
52,00120021,LG,003550,6,,,,,,,5746803000000.0,5438970000000.0,4853189000000.0,ifrs-full_CostOfSales,매출원가,Cost of sales,ifrs-full:IncomeStatementAbstract,매출원가,,,,,,,,,,
52,00120021,LG,003550,7,,,,,,,1428702000000.0,2006366000000.0,2332798000000.0,ifrs-full_GrossProfit,매출총이익,Gross profit,ifrs-full:IncomeStatementAbstract,매출총이익,,,,,,,,,,
52,00120021,LG,003550,2,,,,,,,2880021000000.0,2507360000000.0,2238380000000.0,ifrs-full_RevenueFromRenderingOfServices,용역매출,Revenue(Sales) from rendering of services,ifrs-full:IncomeStatementAbstract,매출및지분법손익,용역매출,,,,,,,,,
54,00360595,현대글로비스,086280,15,,,,,,,,,,,,,,,,,IX.주당이익,25,,,,,,
54,00360595,현대글로비스,086280,16,,,,,,,14585.0,14148.0,,,,,,,,,지배기업의소유주지분에대한기본및희석주당이익,,,,,,,
54,00360595,현대글로비스,086280,0,,,,,,,28407374301315.0,25683197164064.0,,,,,,,,,I.매출액,"26,30,32",,,,,,
54,00360595,현대글로비스,086280,1,,,,,,,25957178819827.0,23591728438829.0,,,,,,,,,II.매출원가,"23,26",,,,,,
54,00360595,현대글로비스,086280,2,,,,,,,2450195481488.0,2091468725235.0,,,,,,,,,III.매출총이익,,,,,,,
54,00360595,현대글로비스,086280,3,,,,,,,697328039262.0,537436215148.0,,,,,,,,,IV.판매비와관리비,"22,23",,,,,,
54,00360595,현대글로비스,086280,4,,,,,,,1752867442226.0,1554032510087.0,,,,,,,,,V.영업이익,,,,,,,
54,00360595,현대글로비스,086280,5,,,,,,,186262663721.0,171569620491.0,,,,,,,,,1.금융수익,"6,22",,,,,,
54,00360595,현대글로비스,086280,6,,,,,,,1137587617865.0,938989215346.0,,,,,,,,,2.기타수익,"6,22",,,,,,
54,00360595,현대글로비스,086280,7,,,,,,,189184306474.0,194221901688.0,,,,,,,,,3.금융비용,"6,22",,,,,,
54,00360595,현대글로비스,086280,8,,,,,,,1220705460131.0,1009572649491.0,,,,,,,,,4.기타비용,"6,22",,,,,,
54,00360595,현대글로비스,086280,9,,,,,,,-122089019767.0,-7358673303.0,,,,,,,,,5.지분법손익,12,,,,,,
54,00360595,현대글로비스,086280,10,,,,,,,1544738937440.0,1453438121442.0,,,,,,,,,VI.법인세비용차감전순이익,,,,,,,
54,00360595,현대글로비스,086280,11,,,,,,,445251951394.0,383347457149.0,,,,,,,,,VII.법인세비용,24,,,,,,
54,00360595,현대글로비스,086280,12,,,,,,,1099486986046.0,1070090664293.0,,,,,,,,,VIII.당기순이익,,,,,,,
54,00360595,현대글로비스,086280,13,,,,,,,1093860048142.0,1061133294855.0,,,,,,,,,지배기업의소유주지분,,,,,,,
54,00360595,현대글로비스,086280,14,,,,,,,5626937904.0,8957369438.0,,,,,,,,,비지배지분,,,,,,,
57,00190321,KT,030200,14,ifrs-full_DilutedEarningsLossPerShare,희석주당이익,Diluted earnings (loss) per share,ifrs-full:IncomeStatementAbstract,지배기업 소유주지분에 대한 주당이익,희석주당이익,1906.0,4038.0,5205.0,,,,,,,,,,,,,,,
57,00190321,KT,030200,13,ifrs-full_BasicEarningsLossPerShare,기본주당이익,Basic earnings (loss) per share,ifrs-full:IncomeStatementAbstract,지배기업 소유주지분에 대한 주당이익,기본주당이익,1908.0,4043.0,5209.0,,,,,,,,,,,,,,,
57,00190321,KT,030200,12,ifrs-full_ProfitLossAttributableToNoncontrollingInterests,비지배지분,Non-controlling interest,ifrs-full:IncomeStatementAbstract,당기순이익의 귀속,비지배지분,-53192000000.0,-21143000000.0,125165000000.0,,,,,,,,,,,,,,,
57,00190321,KT,030200,11,ifrs-full_ProfitLossAttributableToOwnersOfParent,지배기업의 소유주지분,Owners of the Controlling Company,ifrs-full:IncomeStatementAbstract,당기순이익의 귀속,지배기업의 소유주지분,470286000000.0,1009861000000.0,1262498000000.0,,,,,,,,,,,,,,,
57,00190321,KT,030200,10,ifrs-full_ProfitLoss,당기순이익,Profit (loss),ifrs-full:IncomeStatementAbstract,당기순이익,,417094000000.0,988718000000.0,1387663000000.0,,,,,,,,,,,,,,,
57,00190321,KT,030200,9,ifrs-full_IncomeTaxExpenseContinuingOperations,법인세비용,Income tax expense,ifrs-full:IncomeStatementAbstract,법인세비용,,167607000000.0,335367000000.0,506404000000.0,,,,,,,,,,,,,,,
57,00190321,KT,030200,8,ifrs-full_ProfitLossBeforeTax,법인세비용차감전순손익,Profit (loss) before tax,ifrs-full:IncomeStatementAbstract,법인세비용차감전순손익,,584701000000.0,1324085000000.0,1894067000000.0,,,,,,,,,,,,,,,
57,00190321,KT,030200,7,ifrs-full_ShareOfProfitLossOfAssociatesAndJointVenturesAccountedForUsingEquityMethod,관계기업및공동기업 순이익 지분,Share of profit (loss) of associates and joint ventures accounted for using equity method,ifrs-full:IncomeStatementAbstract,관계기업및공동기업 순이익 지분,,8587000000.0,-43424000000.0,-17285000000.0,,,,,,,,,,,,,,,
57,00190321,KT,030200,2,dart_OperatingIncomeLoss,영업이익,Operating profit,ifrs-full:IncomeStatementAbstract,영업이익,,809471000000.0,1649774000000.0,1690088000000.0,,,,,,,,,,,,,,,
57,00190321,KT,030200,6,ifrs-full_FinanceCosts,금융비용,Finance costs,ifrs-full:IncomeStatementAbstract,금융비용,,994781000000.0,568682000000.0,749908000000.0,,,,,,,,,,,,,,,
57,00190321,KT,030200,4,dart_OtherLosses,기타비용,Other losses,ifrs-full:IncomeStatementAbstract,기타비용,,501055000000.0,507904000000.0,314607000000.0,,,,,,,,,,,,,,,
57,00190321,KT,030200,5,ifrs-full_FinanceIncome,금융수익,Finance income,ifrs-full:IncomeStatementAbstract,금융수익,,917650000000.0,486277000000.0,690428000000.0,,,,,,,,,,,,,,,
57,00190321,KT,030200,0,ifrs-full_Revenue,영업수익,Operating revenue,ifrs-full:IncomeStatementAbstract,영업수익,,26431204000000.0,26376273000000.0,25650011000000.0,,,,,,,,,,,,,,,
57,00190321,KT,030200,1,ifrs-full_OperatingExpense,영업비용,Operating expense,ifrs-full:IncomeStatementAbstract,영업비용,,25621733000000.0,24726499000000.0,23959923000000.0,,,,,,,,,,,,,,,
57,00190321,KT,030200,3,dart_OtherGains,기타수익,Other gains,ifrs-full:IncomeStatementAbstract,기타수익,,344829000000.0,308044000000.0,595351000000.0,,,,,,,,,,,,,,,
71,00126308,삼성E&A,028050,7,,,,,,,12288474183.0,8778195603.0,7489310069.0,dart_ProfitsOfAssociatesAndJointVenturesAccountedForUsingEquityMethod,지분법이익,Profits of associates and joint ventures accounted for using equity method,당기손익 [개요],지분법이익,,,,,,,,,,
71,00126308,삼성E&A,028050,15,,,,,,,92762058215.0,83526245687.0,59410785375.0,dart_LossesOnForeignCurrencyTransactionsFiancialExpense,외환차손(금융원가),Losses on foreign currency transactions fiancial expense,당기손익 [개요],금융원가,외환차손(금융원가),,,,,,,,,
71,00126308,삼성E&A,028050,8,,,,,,,5364960368.0,8427335029.0,135334766.0,dart_LossesOfAssociatesAndJointVenturesAccountedForUsingEquityMethod,지분법손실,Losses of associates and joint ventures accounted for using equity method,당기손익 [개요],지분법손실,,,,,,,,,,
71,00126308,삼성E&A,028050,10,,,,,,,58504290886.0,62550815007.0,21399519303.0,dart_InterestIncomeFinanceIncome,이자수익(금융수익),"Interest income, finance income",당기손익 [개요],금융수익,이자수익(금융수익),,,,,,,,,
71,00126308,삼성E&A,028050,9,,,,,,,278645617899.0,150994301571.0,97976113909.0,ifrs-full_FinanceIncome,금융수익,Finance income,당기손익 [개요],금융수익,,,,,,,,,,
71,00126308,삼성E&A,028050,12,,,,,,,126384666754.0,12849710143.0,7773065530.0,dart_GainsOnForeignExchangeTranslationsFinancialIncome,외화환산이익(금융수익),Gains on foreign exchange translations financial income,당기손익 [개요],금융수익,외화환산이익(금융수익),,,,,,,,,
71,00126308,삼성E&A,028050,13,,,,,,,116180586125.0,214055274649.0,93600938214.0,ifrs-full_FinanceCosts,금융원가,Finance costs,당기손익 [개요],금융원가,,,,,,,,,,
71,00126308,삼성E&A,028050,14,,,,,,,14093324874.0,22877033888.0,14646748935.0,dart_InterestExpenseFinanceExpense,이자비용(금융원가),"Interest expense, finance expense",당기손익 [개요],금융원가,이자비용(금융원가),,,,,,,,,
71,00126308,삼성E&A,028050,11,,,,,,,93756660259.0,75593776421.0,68803529076.0,dart_GainsOnForeignCurrencyTransactionsFiancialIncome,외환차익(금융수익),Gains on foreign currency transactions fiancial income,당기손익 [개요],금융수익,외환차익(금융수익),,,,,,,,,
71,00126308,삼성E&A,028050,19,,,,,,,638672451980.0,695607943011.0,595319035026.0,ifrs-full_ProfitLoss,당기순이익(손실),Profit (loss),당기손익 [개요],당기순이익(손실),,,,,,,,,,
71,00126308,삼성E&A,028050,6,,,,,,,472246036613.0,254797839478.0,446930370448.0,dart_OtherLosses,기타손실,Other losses,당기손익 [개요],기타손실,,,,,,,,,,
71,00126308,삼성E&A,028050,5,,,,,,,235023138580.0,257012459777.0,447973389591.0,dart_OtherGains,기타이익,Other gains,당기손익 [개요],기타이익,,,,,,,,,,
71,00126308,삼성E&A,028050,4,,,,,,,971611686017.0,993128866188.0,702942994188.0,dart_OperatingIncomeLoss,영업이익(손실),Operating income(loss),당기손익 [개요],영업이익(손실),,,,,,,,,,
71,00126308,삼성E&A,028050,3,,,,,,,537562956151.0,457632969865.0,377982619448.0,dart_TotalSellingGeneralAdministrativeExpenses,판매비와관리비,Selling general administrative expenses,당기손익 [개요],판매비와관리비,,,,,,,,,,
71,00126308,삼성E&A,028050,2,,,,,,,1509174642168.0,1450761836053.0,1080925613636.0,ifrs-full_GrossProfit,매출총이익,Gross profit,당기손익 [개요],매출총이익,,,,,,,,,,
71,00126308,삼성E&A,028050,1,,,,,,,8457376702309.0,9174156157542.0,8973419011550.0,ifrs-full_CostOfSales,매출원가,Cost of sales,당기손익 [개요],매출원가,,,,,,,,,,
71,00126308,삼성E&A,028050,0,,,,,,,9966551344477.0,10624917993595.0,10054344625186.0,ifrs-full_Revenue,수익(매출액),Revenue,당기손익 [개요],수익(매출액),,,,,,,,,,
71,00126308,삼성E&A,028050,21,,,,,,,-118256882176.0,-58210535382.0,-69610073665.0,ifrs-full_ProfitLossAttributableToNoncontrollingInterests,비지배지분에 귀속되는 당기순이익(손실),"Profit (loss), attributable to non-controlling interests",당기손익 [개요],당기순이익(손실)의 귀속 [개요],비지배지분에 귀속되는 당기순이익(손실),,,,,,,,,
71,00126308,삼성E&A,028050,16,,,,,,,9325203036.0,107651995074.0,19543403904.0,dart_LossesOnForeignExchangeTranslationsFinancialExpense,외화환산손실(금융원가),Losses on foreign exchange translations financial expense,당기손익 [개요],금융원가,외화환산손실(금융원가),,,,,,,,,
71,00126308,삼성E&A,028050,18,,,,,,,265104881593.0,237025430972.0,120396129303.0,ifrs-full_IncomeTaxExpenseContinuingOperations,법인세비용(수익),Tax expense (income),당기손익 [개요],법인세비용(수익),,,,,,,,,,
71,00126308,삼성E&A,028050,17,,,,,,,903777333573.0,932633373983.0,715715164329.0,ifrs-full_ProfitLossBeforeTax,법인세비용차감전순이익(손실),Profit (loss) before tax,당기손익 [개요],법인세비용차감전순이익(손실),,,,,,,,,,
71,00126308,삼성E&A,028050,22,,,,,,,3862.0,3846.0,3392.0,ifrs-full_BasicEarningsLossPerShare,기본주당이익(손실),Basic earnings (loss) per share,당기손익 [개요],주당이익 [개요],기본주당이익(손실),,,,,,,,,
71,00126308,삼성E&A,028050,20,,,,,,,756929334156.0,753818478393.0,664929108691.0,ifrs-full_ProfitLossAttributableToOwnersOfParent,지배기업의 소유주에게 귀속되는 당기순이익(손실),"Profit (loss), attributable to owners of parent",당기손익 [개요],당기순이익(손실)의 귀속 [개요],지배기업의 소유주에게 귀속되는 당기순이익(손실),,,,,,,,,
79,00500254,GS,078930,16,,,,,,,0.0,-36425000000.0,-60982000000.0,ifrs-full_IncomeFromDiscontinuedOperationsAttributableToOwnersOfParent,지배기업의 소유주에게 귀속될 중단영업손익,Income from discontinued operations attributable to owners of parent,당기손익 [개요],당기순이익(손실)의 귀속 [개요],지배기업소유주지분순이익,지배기업의 소유주에게 귀속될 중단영업손익,,,,,,,,
79,00500254,GS,078930,9,,,,,,,2718516000000.0,3462407000000.0,4759941000000.0,ifrs-full_ProfitLossBeforeTax,법인세비용차감전순이익(손실),Profit (loss) before tax,당기손익 [개요],법인세비용차감전순이익(손실),,,,,,,,,,
79,00500254,GS,078930,8,,,,,,,-651391000000.0,-531222000000.0,-550246000000.0,ifrs-full_FinanceCosts,금융원가,Finance costs,당기손익 [개요],금융원가,,,,,,,,,,
79,00500254,GS,078930,15,,,,,,,567020000000.0,1337076000000.0,2203949000000.0,ifrs-full_IncomeFromContinuingOperationsAttributableToOwnersOfParent,지배기업의 소유주에게 귀속될 계속영업손익,Income from continuing operations attributable to owners of parent,당기손익 [개요],당기순이익(손실)의 귀속 [개요],지배기업소유주지분순이익,지배기업의 소유주에게 귀속될 계속영업손익,,,,,,,,
79,00500254,GS,078930,14,,,,,,,567020000000.0,1300651000000.0,2142967000000.0,ifrs-full_ProfitLossAttributableToOwnersOfParent,지배기업소유주지분순이익,"Profit (loss), attributable to owners of parent",당기손익 [개요],당기순이익(손실)의 귀속 [개요],지배기업소유주지분순이익,,,,,,,,,
79,00500254,GS,078930,13,,,,,,,863517000000.0,1578711000000.0,2482704000000.0,ifrs-full_ProfitLoss,당기순이익(손실),Profit (loss),당기손익 [개요],당기순이익(손실),,,,,,,,,,
79,00500254,GS,078930,12,,,,,,,0.0,-61563000000.0,-102767000000.0,ifrs-full_ProfitLossFromDiscontinuedOperations,중단영업이익(손실),Profit (loss) from discontinued operations,당기손익 [개요],중단영업이익(손실),,,,,,,,,,
79,00500254,GS,078930,11,,,,,,,863517000000.0,1640274000000.0,2585471000000.0,ifrs-full_ProfitLossFromContinuingOperations,계속영업이익(손실),Profit (loss) from continuing operations,당기손익 [개요],계속영업이익(손실),,,,,,,,,,
79,00500254,GS,078930,10,,,,,,,-1854999000000.0,-1822133000000.0,-2174470000000.0,ifrs-full_IncomeTaxExpenseContinuingOperations,법인세비용,Tax expense,당기손익 [개요],법인세비용,,,,,,,,,,
79,00500254,GS,078930,1,,,,,,,-19106363000000.0,-19264794000000.0,-20614776000000.0,ifrs-full_CostOfSales,매출원가,Cost of sales,당기손익 [개요],매출원가,,,,,,,,,,
79,00500254,GS,078930,18,,,,,,,5988.0,13737.0,22634.0,ifrs-full_BasicEarningsLossPerShare,기본주당이익(손실) 합계,Total basic earnings (loss) per share,당기손익 [개요],주당이익 [개요],기본주당이익(손실) 합계,,,,,,,,,
79,00500254,GS,078930,23,,,,,,,0.0,-385.0,-644.0,entity00500254_BasicEarningsLossPerSharePreferredStockFromDiscontinuedOperationsOfBasicEarningsLossPerSharePreferredStockOfEarningsPerShareAbstract,중단영업우선주주당이익,Basic earnings loss per share preferred stock from discontinued operations,당기손익 [개요],주당이익 [개요],우선주기본주당순이익(손실),중단영업우선주주당이익,,,,,,,,
79,00500254,GS,078930,21,,,,,,,6038.0,13787.0,22684.0,entity00500254_BasicEarningsLossPerSharePreferredStockOfEarningsPerShareAbstract,우선주기본주당순이익(손실),Basic earnings loss per share preferred stock,당기손익 [개요],주당이익 [개요],우선주기본주당순이익(손실),,,,,,,,,
79,00500254,GS,078930,22,,,,,,,6038.0,14172.0,23328.0,entity00500254_BasicEarningsLossPerSharePreferredStockFromContinuingOperationsOfBasicEarningsLossPerSharePreferredStockOfEarningsPerShareAbstract,계속영업우선주주당이익,Basic earnings loss per share preferred stock from continuing operations,당기손익 [개요],주당이익 [개요],우선주기본주당순이익(손실),계속영업우선주주당이익,,,,,,,,
79,00500254,GS,078930,17,,,,,,,296497000000.0,278060000000.0,339737000000.0,ifrs-full_ProfitLossAttributableToNoncontrollingInterests,비지배지분순이익,"Profit (loss), attributable to non-controlling interests",당기손익 [개요],당기순이익(손실)의 귀속 [개요],비지배지분순이익,,,,,,,,,
79,00500254,GS,078930,19,,,,,,,5988.0,14122.0,23278.0,ifrs-full_BasicEarningsLossPerShareFromContinuingOperations,계속영업보통주주당이익,Basic earnings (loss) per common share from continuing operations,당기손익 [개요],주당이익 [개요],기본주당이익(손실) 합계,계속영업보통주주당이익,,,,,,,,
79,00500254,GS,078930,20,,,,,,,0.0,-385.0,-644.0,ifrs-full_BasicEarningsLossPerShareFromDiscontinuedOperations,중단영업보통주주당이익,Basic earnings (loss) per common share from discontinued operations,당기손익 [개요],주당이익 [개요],기본주당이익(손실) 합계,중단영업보통주주당이익,,,,,,,,
79,00500254,GS,078930,0,,,,,,,25297467000000.0,25978494000000.0,28582513000000.0,ifrs-full_Revenue,수익(매출액),Revenue,당기손익 [개요],수익(매출액),,,,,,,,,,
79,00500254,GS,078930,4,,,,,,,3060163000000.0,3721802000000.0,5120181000000.0,dart_OperatingIncomeLoss,영업이익(손실),Operating income(loss),당기손익 [개요],영업이익(손실),,,,,,,,,,
79,00500254,GS,078930,7,,,,,,,312821000000.0,217336000000.0,230566000000.0,ifrs-full_FinanceIncome,금융수익,Finance income,당기손익 [개요],금융수익,,,,,,,,,,
79,00500254,GS,078930,6,,,,,,,-441906000000.0,-278981000000.0,-401086000000.0,dart_OtherLosses,기타손실,Other losses,당기손익 [개요],기타손실,,,,,,,,,,
79,00500254,GS,078930,5,,,,,,,438829000000.0,333472000000.0,360526000000.0,dart_OtherGains,기타이익,Other gains,당기손익 [개요],기타이익,,,,,,,,,,
79,00500254,GS,078930,2,,,,,,,6191104000000.0,6713700000000.0,7967737000000.0,ifrs-full_GrossProfit,매출총이익,Gross profit,당기손익 [개요],매출총이익,,,,,,,,,,
79,00500254,GS,078930,3,,,,,,,-3130941000000.0,-2991898000000.0,-2847556000000.0,dart_TotalSellingGeneralAdministrativeExpenses,판매비와관리비,Selling general administrative expenses,당기손익 [개요],판매비와관리비,,,,,,,,,,
83,00139834,LG씨엔에스,064400,8,,,,,,,64869113000.0,46855185000.0,49446061000.0,entity00139834_OtherNonOperatingIncomesOfIncomeStatementAbstract,기타영업외수익,Other non-operating incomes,ifrs-full:IncomeStatementAbstract,기타영업외수익,,,,,,,,,,
83,00139834,LG씨엔에스,064400,0,,,,,,,5982627063000.0,5605300168000.0,4969651212000.0,ifrs-full_Revenue,매출,Revenue,ifrs-full:IncomeStatementAbstract,매출,,,,,,,,,,
83,00139834,LG씨엔에스,064400,9,,,,,,,106395079000.0,79927369000.0,74137386000.0,entity00139834_OtherNonOperatingExpensesOfIncomeStatementAbstract,기타영업외비용,Other non-operating expenses,ifrs-full:IncomeStatementAbstract,기타영업외비용,,,,,,,,,,
83,00139834,LG씨엔에스,064400,10,,,,,,,485484977000.0,442662493000.0,364864128000.0,ifrs-full_ProfitLossBeforeTax,법인세차감전순이익,Profit (loss) before tax,ifrs-full:IncomeStatementAbstract,법인세차감전순이익,,,,,,,,,,
83,00139834,LG씨엔에스,064400,11,,,,,,,120570547000.0,110310258000.0,99895973000.0,ifrs-full_IncomeTaxExpenseContinuingOperations,법인세비용,Tax expense (income),ifrs-full:IncomeStatementAbstract,법인세비용,,,,,,,,,,
83,00139834,LG씨엔에스,064400,12,,,,,,,364914430000.0,332352235000.0,264968155000.0,ifrs-full_ProfitLoss,당기순이익,Profit (loss),ifrs-full:IncomeStatementAbstract,당기순이익,,,,,,,,,,
83,00139834,LG씨엔에스,064400,13,,,,,,,364512422000.0,332322251000.0,265375671000.0,ifrs-full_ProfitLossAttributableToOwnersOfParent,지배기업의 소유주,"Profit (loss), attributable to owners of parent",ifrs-full:IncomeStatementAbstract,당기순이익의 귀속,지배기업의 소유주,,,,,,,,,
83,00139834,LG씨엔에스,064400,14,,,,,,,402008000.0,29984000.0,-407516000.0,ifrs-full_ProfitLossAttributableToNoncontrollingInterests,비지배지분,"Profit (loss), attributable to non-controlling interests",ifrs-full:IncomeStatementAbstract,당기순이익의 귀속,비지배지분,,,,,,,,,
83,00139834,LG씨엔에스,064400,15,,,,,,,4180.0,3811.0,3043.0,ifrs-full_BasicEarningsLossPerShare,기본주당순이익,Basic earnings (loss) per share,ifrs-full:IncomeStatementAbstract,주당손익(단위: 원),기본주당순이익,,,,,,,,,
83,00139834,LG씨엔에스,064400,16,,,,,,,4180.0,3811.0,3043.0,ifrs-full_DilutedEarningsLossPerShare,희석주당순이익,Diluted earnings (loss) per share,ifrs-full:IncomeStatementAbstract,주당손익(단위: 원),희석주당순이익,,,,,,,,,
83,00139834,LG씨엔에스,064400,4,,,,,,,512864077000.0,464048383000.0,385394776000.0,dart_OperatingIncomeLoss,영업이익,Operating income(loss),ifrs-full:IncomeStatementAbstract,영업이익,,,,,,,,,,
83,00139834,LG씨엔에스,064400,7,,,,,,,4812460000.0,14838823000.0,5456123000.0,entity00139834_ProfitsandlossofassociatesandjointventuresaccountedforusingequitymethodOfIncomeStatementAbstract,지분법투자손익,Profit(loss) of investments accounted for using equity method,ifrs-full:IncomeStatementAbstract,지분법투자손익,,,,,,,,,,
83,00139834,LG씨엔에스,064400,6,,,,,,,29789025000.0,39559275000.0,19485134000.0,ifrs-full_FinanceCosts,금융비용,Finance costs,ifrs-full:IncomeStatementAbstract,금융비용,,,,,,,,,,
83,00139834,LG씨엔에스,064400,5,,,,,,,39123431000.0,36406746000.0,18189688000.0,ifrs-full_FinanceIncome,금융수익,Finance income,ifrs-full:IncomeStatementAbstract,금융수익,,,,,,,,,,
83,00139834,LG씨엔에스,064400,2,,,,,,,931241099000.0,834853111000.0,732010458000.0,ifrs-full_GrossProfit,매출총이익,Gross profit,ifrs-full:IncomeStatementAbstract,매출총이익,,,,,,,,,,
83,00139834,LG씨엔에스,064400,3,,,,,,,418377022000.0,370804728000.0,346615682000.0,dart_TotalSellingGeneralAdministrativeExpenses,판매비와관리비,Selling general administrative expenses,ifrs-full:IncomeStatementAbstract,판매비와관리비,,,,,,,,,,
83,00139834,LG씨엔에스,064400,1,,,,,,,5051385964000.0,4770447057000.0,4237640754000.0,ifrs-full_CostOfSales,매출원가,Cost of sales,ifrs-full:IncomeStatementAbstract,매출원가,,,,,,,,,,
84,00124540,대우건설,047040,1,,,,,,,9576062675052.0,10436072414834.0,9165519754856.0,ifrs-full_CostOfSales,매출원가,Cost of sales,ifrs-full:IncomeStatementAbstract,매출원가,,,,,,,,,,
84,00124540,대우건설,047040,9,,,,,,,160163190802.0,150492711263.0,80435371839.0,ifrs-full_FinanceCosts,금융원가,Financial costs,ifrs-full:IncomeStatementAbstract,금융원가,,,,,,,,,,
84,00124540,대우건설,047040,10,,,,,,,358495062520.0,744966624880.0,713497588646.0,ifrs-full_ProfitLossBeforeTax,법인세비용차감전순이익(손실),Profit (loss) before tax,ifrs-full:IncomeStatementAbstract,법인세비용차감전순이익(손실),,,,,,,,,,
84,00124540,대우건설,047040,12,,,,,,,242849735359.0,521479149761.0,508010238954.0,ifrs-full_ProfitLoss,당기순이익,Profit,ifrs-full:IncomeStatementAbstract,당기순이익,,,,,,,,,,
84,00124540,대우건설,047040,11,,,,,,,115645327161.0,223487475119.0,205487349692.0,ifrs-full_IncomeTaxExpenseContinuingOperations,법인세비용,Income tax expense,ifrs-full:IncomeStatementAbstract,법인세비용,,,,,,,,,,
84,00124540,대우건설,047040,13,,,,,,,234094221827.0,511710239669.0,504006912863.0,ifrs-full_ProfitLossAttributableToOwnersOfParent,지배기업의 소유주지분,Owners of the Parent Company,ifrs-full:IncomeStatementAbstract,당기순이익(손실)의 귀속 [개요],지배기업의 소유주지분,,,,,,,,,
84,00124540,대우건설,047040,14,,,,,,,8755513532.0,9768910092.0,4003326091.0,ifrs-full_ProfitLossAttributableToNoncontrollingInterests,비지배지분,Non-controlling interest,ifrs-full:IncomeStatementAbstract,당기순이익(손실)의 귀속 [개요],비지배지분,,,,,,,,,
84,00124540,대우건설,047040,15,,,,,,,570.0,1245.0,1227.0,ifrs-full_BasicEarningsLossPerShare,기본주당이익(손실),Basic earnings (loss) per share,ifrs-full:IncomeStatementAbstract,지배기업의 소유주지분에 대한 주당이익,기본주당이익(손실),,,,,,,,,
84,00124540,대우건설,047040,5,,,,,,,151108728.0,-8529286694.0,4187879107.0,ifrs-full_ShareOfProfitLossOfAssociatesAndJointVenturesAccountedForUsingEquityMethod,관계기업투자당기손익지분,Share of gain (loss) of associates,ifrs-full:IncomeStatementAbstract,관계기업투자당기손익지분,,,,,,,,,,
84,00124540,대우건설,047040,16,,,,,,,569.0,1244.0,1225.0,ifrs-full_DilutedEarningsLossPerShare,희석주당이익(손실),Diluted earnings (loss) per share,ifrs-full:IncomeStatementAbstract,지배기업의 소유주지분에 대한 주당이익,희석주당이익(손실),,,,,,,,,
84,00124540,대우건설,047040,0,,,,,,,10503609086034.0,11647800864690.0,10419213132139.0,ifrs-full_Revenue,매출액,Revenue,ifrs-full:IncomeStatementAbstract,매출액,,,,,,,,,,
84,00124540,대우건설,047040,7,,,,,,,828690032893.0,554475284586.0,390864860131.0,dart_OtherLosses,기타비용,Other losses,ifrs-full:IncomeStatementAbstract,기타비용,,,,,,,,,,
84,00124540,대우건설,047040,8,,,,,,,103557826305.0,136443152451.0,77809574677.0,ifrs-full_FinanceIncome,금융수익,Financial income,ifrs-full:IncomeStatementAbstract,금융수익,,,,,,,,,,
84,00124540,대우건설,047040,3,,,,,,,524420797101.0,549210897240.0,493686862641.0,dart_TotalSellingGeneralAdministrativeExpenses,판매비와관리비,Selling and administrative expenses,ifrs-full:IncomeStatementAbstract,판매비와관리비,,,,,,,,,,
84,00124540,대우건설,047040,4,,,,,,,403125613881.0,662517552616.0,760006514642.0,dart_OperatingIncomeLoss,영업이익(손실),Operating income(loss),ifrs-full:IncomeStatementAbstract,영업이익(손실),,,,,,,,,,
84,00124540,대우건설,047040,2,,,,,,,927546410982.0,1211728449856.0,1253693377283.0,ifrs-full_GrossProfit,매출총이익,Gross profit,ifrs-full:IncomeStatementAbstract,매출총이익,,,,,,,,,,
84,00124540,대우건설,047040,6,,,,,,,840513737301.0,659503202356.0,342793852190.0,dart_OtherGains,기타수익,Other income,ifrs-full:IncomeStatementAbstract,기타수익,,,,,,,,,,
87,00136378,신세계,004170,4,,,,,,,477024306786.0,639780613579.0,645448993543.0,dart_OperatingIncomeLoss,영업이익(손실),Operating income(loss),ifrs-full:IncomeStatementAbstract,영업이익(손실),,,,,,,,,,
87,00136378,신세계,004170,5,,,,,,,143443427413.0,139721113297.0,124744625708.0,ifrs-full_FinanceIncome,금융이익,Finance income,ifrs-full:IncomeStatementAbstract,금융이익,,,,,,,,,,
87,00136378,신세계,004170,3,,,,,,,3575691659046.0,3215206458048.0,4439735318047.0,dart_TotalSellingGeneralAdministrativeExpenses,판매비와관리비,Selling general administrative expenses,ifrs-full:IncomeStatementAbstract,판매비와관리비,,,,,,,,,,
87,00136378,신세계,004170,14,,,,,,,78826386947.0,86856341683.0,141574600644.0,ifrs-full_ProfitLossAttributableToNoncontrollingInterests,비지배지분에 귀속되는 당기순이익(손실),"Profit (loss), attributable to non-controlling interests",ifrs-full:IncomeStatementAbstract,당기순이익(손실)의 귀속 [개요],비지배지분에 귀속되는 당기순이익(손실),,,,,,,,,
87,00136378,신세계,004170,15,,,,,,,11776.0,23574.0,41282.0,ifrs-full_BasicEarningsLossPerShare,기본주당이익(손실),Basic earnings (loss) per share,ifrs-full:IncomeStatementAbstract,주당이익 [개요],기본주당이익(손실),,,,,,,,,
87,00136378,신세계,004170,16,,,,,,,11776.0,23574.0,41282.0,ifrs-full_DilutedEarningsLossPerShare,희석주당이익(손실),Diluted earnings (loss) per share,ifrs-full:IncomeStatementAbstract,주당이익 [개요],희석주당이익(손실),,,,,,,,,
87,00136378,신세계,004170,9,,,,,,,128844534177.0,113387636572.0,61035502221.0,dart_OtherLosses,기타영업외비용,Other losses,ifrs-full:IncomeStatementAbstract,기타영업외비용,,,,,,,,,,
87,00136378,신세계,004170,10,,,,,,,194599880323.0,453216280859.0,521874825260.0,ifrs-full_ProfitLossBeforeTax,법인세비용차감전순이익(손실),Profit (loss) before tax,ifrs-full:IncomeStatementAbstract,법인세비용차감전순이익(손실),,,,,,,,,,
87,00136378,신세계,004170,11,,,,,,,7991016359.0,141248268251.0,-25765049972.0,ifrs-full_IncomeTaxExpenseContinuingOperations,법인세비용(수익),Tax expense (income),ifrs-full:IncomeStatementAbstract,법인세비용(수익),,,,,,,,,,
87,00136378,신세계,004170,12,,,,,,,186608863964.0,311968012608.0,547639875232.0,ifrs-full_ProfitLoss,당기순이익(손실),Profit (loss),ifrs-full:IncomeStatementAbstract,당기순이익(손실),,,,,,,,,,
87,00136378,신세계,004170,13,,,,,,,107782477017.0,225111670925.0,406065274588.0,ifrs-full_ProfitLossAttributableToOwnersOfParent,지배기업의 소유주에게 귀속되는 당기순이익(손실),"Profit (loss), attributable to owners of parent",ifrs-full:IncomeStatementAbstract,당기순이익(손실)의 귀속 [개요],지배기업의 소유주에게 귀속되는 당기순이익(손실),,,,,,,,,
87,00136378,신세계,004170,0,,,,,,,6570412728809.0,6357088542148.0,7812755198909.0,ifrs-full_Revenue,매출액,Revenue,ifrs-full:IncomeStatementAbstract,매출액,,,,,,,,,,
87,00136378,신세계,004170,1,,,,,,,2517696762977.0,2502101470521.0,2727570887319.0,ifrs-full_CostOfSales,매출원가,Cost of sales,ifrs-full:IncomeStatementAbstract,매출원가,,,,,,,,,,
87,00136378,신세계,004170,2,,,,,,,4052715965832.0,3854987071627.0,5085184311590.0,ifrs-full_GrossProfit,매출총이익,Gross profit,ifrs-full:IncomeStatementAbstract,매출총이익,,,,,,,,,,
87,00136378,신세계,004170,8,,,,,,,16214254577.0,25024560126.0,44827154807.0,dart_OtherGains,기타영업외수익,Other gains,ifrs-full:IncomeStatementAbstract,기타영업외수익,,,,,,,,,,
87,00136378,신세계,004170,7,,,,,,,-12336238187.0,-6843122086.0,-22882789204.0,ifrs-full_ShareOfProfitLossOfAssociatesAndJointVenturesAccountedForUsingEquityMethod,지분법투자이익(손실),Share of profit (loss) of associates and joint ventures accounted for using equity method,ifrs-full:IncomeStatementAbstract,지분법투자이익(손실),,,,,,,,,,
87,00136378,신세계,004170,6,,,,,,,300901336089.0,231079247485.0,209227657373.0,ifrs-full_FinanceCosts,금융원가,Finance costs,ifrs-full:IncomeStatementAbstract,금융원가,,,,,,,,,,
88,00231363,LG유플러스,032640,6,dart_Commissions,지급수수료,Commissions,ifrs-full:IncomeStatementAbstract,영업비용,지급수수료,1769220000000.0,1712586000000.0,1717413000000.0,,,,,,,,,,,,,,,
88,00231363,LG유플러스,032640,7,dart_OtherOperatingExpense,기타영업비용,Other operating expense,ifrs-full:IncomeStatementAbstract,영업비용,기타영업비용,2665200000000.0,2622287000000.0,2430046000000.0,,,,,,,,,,,,,,,
88,00231363,LG유플러스,032640,8,dart_OperatingIncomeLoss,영업이익,Operating income,ifrs-full:IncomeStatementAbstract,영업이익,,863130000000.0,998031000000.0,1081260000000.0,,,,,,,,,,,,,,,
88,00231363,LG유플러스,032640,12,dart_OtherGains,기타영업외수익,Other gains,ifrs-full:IncomeStatementAbstract,기타영업외수익,,99364000000.0,94366000000.0,84035000000.0,,,,,,,,,,,,,,,
88,00231363,LG유플러스,032640,9,ifrs-full_FinanceIncome,금융수익,Finance income,ifrs-full:IncomeStatementAbstract,금융수익,,75474000000.0,58181000000.0,57054000000.0,,,,,,,,,,,,,,,
88,00231363,LG유플러스,032640,10,ifrs-full_FinanceCosts,금융비용,Financial costs,ifrs-full:IncomeStatementAbstract,금융비용,,311831000000.0,287191000000.0,222918000000.0,,,,,,,,,,,,,,,
88,00231363,LG유플러스,032640,11,ifrs-full_ShareOfProfitLossOfAssociatesAndJointVenturesAccountedForUsingEquityMethod,지분법이익(손실),Share of profit (loss) of associates and joint ventures accounted for using equity method,ifrs-full:IncomeStatementAbstract,지분법이익(손실),,-1743000000.0,1759000000.0,3334000000.0,,,,,,,,,,,,,,,
88,00231363,LG유플러스,032640,16,ifrs-full_ProfitLoss,당기순이익,Profit (loss),ifrs-full:IncomeStatementAbstract,당기순이익,,314602000000.0,630241000000.0,662588000000.0,,,,,,,,,,,,,,,
88,00231363,LG유플러스,032640,17,ifrs-full_ProfitLossAttributableToOwnersOfParent,지배기업의 소유주,Earnings per share,ifrs-full:IncomeStatementAbstract,당기순이익의 귀속,지배기업의 소유주,374464000000.0,622773000000.0,663055000000.0,,,,,,,,,,,,,,,
88,00231363,LG유플러스,032640,5,entity00231363_SalesCommissionOfOperatingExpense,판매수수료,Sales commission,ifrs-full:IncomeStatementAbstract,영업비용,판매수수료,2068336000000.0,2058690000000.0,2117389000000.0,,,,,,,,,,,,,,,
88,00231363,LG유플러스,032640,4,ifrs-full_DepreciationAndAmortisationExpense,감가상각비와무형자산상각비,Depreciation and amortization,ifrs-full:IncomeStatementAbstract,영업비용,감가상각비와무형자산상각비,2663765000000.0,2571236000000.0,2451181000000.0,,,,,,,,,,,,,,,
88,00231363,LG유플러스,032640,3,ifrs-full_EmployeeBenefitsExpense,종업원급여,Employee benefits expense,ifrs-full:IncomeStatementAbstract,영업비용,종업원급여,1669381000000.0,1537521000000.0,1457486000000.0,,,,,,,,,,,,,,,
88,00231363,LG유플러스,032640,2,ifrs-full_CostOfInventoriesRecognisedAsExpenseDuringPeriod,상품구입원가,Cost of inventories recognised as expense during period,ifrs-full:IncomeStatementAbstract,영업비용,상품구입원가,2926166000000.0,2872275000000.0,2651215000000.0,,,,,,,,,,,,,,,
88,00231363,LG유플러스,032640,1,ifrs-full_OperatingExpense,영업비용,Operating expense,ifrs-full:IncomeStatementAbstract,영업비용,,13762068000000.0,13374595000000.0,12824730000000.0,,,,,,,,,,,,,,,
88,00231363,LG유플러스,032640,0,ifrs-full_Revenue,영업수익,Revenue,ifrs-full:IncomeStatementAbstract,영업수익,,14625198000000.0,14372626000000.0,13905990000000.0,,,,,,,,,,,,,,,
88,00231363,LG유플러스,032640,15,ifrs-full_IncomeTaxExpenseContinuingOperations,법인세비용,Tax expense,ifrs-full:IncomeStatementAbstract,법인세비용,,136008000000.0,140706000000.0,194224000000.0,,,,,,,,,,,,,,,
88,00231363,LG유플러스,032640,14,ifrs-full_ProfitLossBeforeTax,법인세비용차감전순이익,Profit (loss) before tax,ifrs-full:IncomeStatementAbstract,법인세비용차감전순이익,,450610000000.0,770947000000.0,856812000000.0,,,,,,,,,,,,,,,
88,00231363,LG유플러스,032640,13,dart_OtherLosses,기타영업외비용,Other losses,ifrs-full:IncomeStatementAbstract,기타영업외비용,,273784000000.0,94199000000.0,145953000000.0,,,,,,,,,,,,,,,
88,00231363,LG유플러스,032640,20,ifrs-full_DilutedEarningsLossPerShare,희석주당이익,Diluted earnings (loss) per share,ifrs-full:IncomeStatementAbstract,주당이익 [개요],희석주당이익,871.0,1449.0,1543.0,,,,,,,,,,,,,,,
88,00231363,LG유플러스,032640,19,ifrs-full_BasicEarningsLossPerShare,기본주당이익,Basic earnings (loss) per share,ifrs-full:IncomeStatementAbstract,주당이익 [개요],기본주당이익,871.0,1449.0,1543.0,,,,,,,,,,,,,,,
88,00231363,LG유플러스,032640,18,ifrs-full_ProfitLossAttributableToNoncontrollingInterests,비지배지분,Attributable to non-controlling interests.,ifrs-full:IncomeStatementAbstract,당기순이익의 귀속,비지배지분,-59862000000.0,7468000000.0,-467000000.0,,,,,,,,,,,,,,,
89,01032486,두산밥캣,241560,10,,,,,,,-63000.0,415000.0,1355000.0,,,,,,,,,,ifrs-full_ShareOfProfitLossOfAssociatesAccountedForUsingEquityMethod,지분법손익,Share of profit (loss) of associates accounted for using equity method,ifrs-full:IncomeStatementAbstract,지분법손익,
89,01032486,두산밥캣,241560,9,,,,,,,-34159000.0,-34170000.0,-22385000.0,,,,,,,,,,dart_OtherLosses,기타영업외비용,Other losses,ifrs-full:IncomeStatementAbstract,기타영업외비용,
89,01032486,두산밥캣,241560,8,,,,,,,1999000.0,2402000.0,4594000.0,,,,,,,,,,dart_OtherGains,기타영업외수익,Other gains,ifrs-full:IncomeStatementAbstract,기타영업외수익,
89,01032486,두산밥캣,241560,7,,,,,,,-180193000.0,-158253000.0,-219896000.0,,,,,,,,,,ifrs-full_FinanceCosts,금융비용,Finance costs,ifrs-full:IncomeStatementAbstract,금융비용,
89,01032486,두산밥캣,241560,6,,,,,,,158924000.0,87998000.0,92883000.0,,,,,,,,,,ifrs-full_FinanceIncome,금융수익,Finance income,ifrs-full:IncomeStatementAbstract,금융수익,
89,01032486,두산밥캣,241560,5,,,,,,,-53492000.0,-101608000.0,-143449000.0,,,,,,,,,,dart_NonOperatingProfitLoss,영업외손익,Non-operating profit (loss),ifrs-full:IncomeStatementAbstract,영업외손익,
89,01032486,두산밥캣,241560,4,,,,,,,638867000.0,1064723000.0,829449000.0,,,,,,,,,,dart_OperatingIncomeLoss,영업이익,Operating income,ifrs-full:IncomeStatementAbstract,영업이익,
89,01032486,두산밥캣,241560,3,,,,,,,-820949000.0,-755801000.0,-678749000.0,,,,,,,,,,dart_TotalSellingGeneralAdministrativeExpenses,판매비와관리비,Selling general administrative expenses,ifrs-full:IncomeStatementAbstract,판매비와관리비,
89,01032486,두산밥캣,241560,2,,,,,,,1459816000.0,1820524000.0,1508198000.0,,,,,,,,,,ifrs-full_GrossProfit,매출총이익,Gross profit,ifrs-full:IncomeStatementAbstract,매출총이익,
89,01032486,두산밥캣,241560,1,,,,,,,-4809489000.0,-5655217000.0,-5165367000.0,,,,,,,,,,ifrs-full_CostOfSales,매출원가,Cost of sales,ifrs-full:IncomeStatementAbstract,매출원가,
89,01032486,두산밥캣,241560,16,,,,,,,4.13,7.04,4.97,,,,,,,,,,ifrs-full_DilutedEarningsLossPerShare,희석주당순이익,Diluted earnings (loss) per share,ifrs-full:IncomeStatementAbstract,주당이익 [개요],희석주당순이익
89,01032486,두산밥캣,241560,15,,,,,,,4.14,7.05,4.97,,,,,,,,,,ifrs-full_BasicEarningsLossPerShare,기본주당순이익,Basic earnings (loss) per share,ifrs-full:IncomeStatementAbstract,주당이익 [개요],기본주당순이익
89,01032486,두산밥캣,241560,14,,,,,,,413029000.0,705892000.0,498515000.0,,,,,,,,,,ifrs-full_ProfitLossAttributableToOwnersOfParent,지배기업 소유주지분,"Profit (loss), attributable to owners of parent",ifrs-full:IncomeStatementAbstract,연결당기순이익의 귀속 [개요],지배기업 소유주지분
89,01032486,두산밥캣,241560,13,,,,,,,413029000.0,705892000.0,498515000.0,,,,,,,,,,ifrs-full_ProfitLoss,연결당기순이익,Profit (loss),ifrs-full:IncomeStatementAbstract,연결당기순이익,
89,01032486,두산밥캣,241560,12,,,,,,,-172346000.0,-257223000.0,-187485000.0,,,,,,,,,,ifrs-full_IncomeTaxExpenseContinuingOperations,법인세비용,Tax expense (income),ifrs-full:IncomeStatementAbstract,법인세비용,
89,01032486,두산밥캣,241560,11,,,,,,,585375000.0,963115000.0,686000000.0,,,,,,,,,,ifrs-full_ProfitLossBeforeTax,법인세차감전순이익,Profit (loss) before tax,ifrs-full:IncomeStatementAbstract,법인세차감전순이익,
89,01032486,두산밥캣,241560,0,,,,,,,6269305000.0,7475741000.0,6673565000.0,,,,,,,,,,ifrs-full_Revenue,매출액,Sales,ifrs-full:IncomeStatementAbstract,매출액,
